0 verbose cli D:\Node.js\node.exe D:\Node.js\node_modules\npm\bin\npm-cli.js
1 info using npm@11.9.0
2 info using node@v24.14.0
3 silly config load:file:D:\Node.js\node_modules\npm\npmrc
4 silly config load:file:D:\222\saving\frontend\.npmrc
5 silly config load:file:C:\Users\36913\.npmrc
6 silly config load:file:D:\Node.js\Node-global\etc\npmrc
7 verbose title npm install
8 verbose argv "install" "--cache" "d:\\222\\saving\\npm-cache"
9 verbose logfile logs-max:10 dir:d:\222\saving\npm-cache\_logs\2026-04-27T01_08_05_044Z-
10 verbose logfile d:\222\saving\npm-cache\_logs\2026-04-27T01_08_05_044Z-debug-0.log
11 silly logfile done cleaning log files
12 silly packumentCache heap:4496293888 maxSize:1124073472 maxEntrySize:562036736
13 silly idealTree buildDeps
14 silly fetch manifest @hookform/resolvers@^3.10.0
15 silly packumentCache full:https://registry.npmjs.org/@hookform%2fresolvers cache-miss
16 http fetch GET 200 https://registry.npmjs.org/@hookform%2fresolvers 2385ms (cache miss)
17 silly packumentCache full:https://registry.npmjs.org/@hookform%2fresolvers set size:undefined disposed:false
18 silly fetch manifest react-hook-form@^7.68.0
19 silly packumentCache full:https://registry.npmjs.org/react-hook-form cache-miss
20 http fetch GET 200 https://registry.npmjs.org/react-hook-form 3986ms (cache miss)
21 silly packumentCache full:https://registry.npmjs.org/react-hook-form set size:undefined disposed:false
22 silly fetch manifest react@^18.3.1
23 silly packumentCache full:https://registry.npmjs.org/react cache-miss
24 http fetch GET 200 https://registry.npmjs.org/react 4324ms (cache updated)
25 silly packumentCache full:https://registry.npmjs.org/react set size:undefined disposed:false
26 silly fetch manifest @radix-ui/react-accordion@^1.2.12
27 silly packumentCache full:https://registry.npmjs.org/@radix-ui%2freact-accordion cache-miss
28 http fetch GET 200 https://registry.npmjs.org/@radix-ui%2freact-accordion 1031ms (cache miss)
29 silly packumentCache full:https://registry.npmjs.org/@radix-ui%2freact-accordion set size:undefined disposed:false
30 silly fetch manifest @types/react@^18.3.3
31 silly packumentCache full:https://registry.npmjs.org/@types%2freact cache-miss
32 http fetch GET 200 https://registry.npmjs.org/@types%2freact 336ms (cache revalidated)
33 silly packumentCache full:https://registry.npmjs.org/@types%2freact set size:2588964 disposed:false
34 silly fetch manifest @types/react-dom@^18.3.7
35 silly packumentCache full:https://registry.npmjs.org/@types%2freact-dom cache-miss
36 http fetch GET 200 https://registry.npmjs.org/@types%2freact-dom 638ms (cache miss)
37 silly packumentCache full:https://registry.npmjs.org/@types%2freact-dom set size:undefined disposed:false
38 silly fetch manifest react-dom@^18.3.1
39 silly packumentCache full:https://registry.npmjs.org/react-dom cache-miss
40 http fetch GET 200 https://registry.npmjs.org/react-dom 4859ms (cache updated)
41 silly packumentCache full:https://registry.npmjs.org/react-dom set size:undefined disposed:false
42 silly fetch manifest @radix-ui/react-alert-dialog@^1.1.15
43 silly packumentCache full:https://registry.npmjs.org/@radix-ui%2freact-alert-dialog cache-miss
44 http fetch GET 200 https://registry.npmjs.org/@radix-ui%2freact-alert-dialog 800ms (cache miss)
45 silly packumentCache full:https://registry.npmjs.org/@radix-ui%2freact-alert-dialog set size:undefined disposed:false
46 silly fetch manifest @radix-ui/react-aspect-ratio@^1.1.8
47 silly packumentCache full:https://registry.npmjs.org/@radix-ui%2freact-aspect-ratio cache-miss
48 http fetch GET 200 https://registry.npmjs.org/@radix-ui%2freact-aspect-ratio 837ms (cache miss)
49 silly packumentCache full:https://registry.npmjs.org/@radix-ui%2freact-aspect-ratio set size:undefined disposed:false
50 silly fetch manifest @radix-ui/react-avatar@^1.1.11
51 silly packumentCache full:https://registry.npmjs.org/@radix-ui%2freact-avatar cache-miss
52 http fetch GET 200 https://registry.npmjs.org/@radix-ui%2freact-avatar 1041ms (cache miss)
53 silly packumentCache full:https://registry.npmjs.org/@radix-ui%2freact-avatar set size:undefined disposed:false
54 silly fetch manifest @radix-ui/react-checkbox@^1.3.3
55 silly packumentCache full:https://registry.npmjs.org/@radix-ui%2freact-checkbox cache-miss
56 http fetch GET 200 https://registry.npmjs.org/@radix-ui%2freact-checkbox 907ms (cache miss)
57 silly packumentCache full:https://registry.npmjs.org/@radix-ui%2freact-checkbox set size:undefined disposed:false
58 silly fetch manifest @radix-ui/react-collapsible@^1.1.12
59 silly packumentCache full:https://registry.npmjs.org/@radix-ui%2freact-collapsible cache-miss
60 http fetch GET 200 https://registry.npmjs.org/@radix-ui%2freact-collapsible 1140ms (cache miss)
61 silly packumentCache full:https://registry.npmjs.org/@radix-ui%2freact-collapsible set size:undefined disposed:false
62 silly fetch manifest @radix-ui/react-context-menu@^2.2.16
63 silly packumentCache full:https://registry.npmjs.org/@radix-ui%2freact-context-menu cache-miss
64 http fetch GET 200 https://registry.npmjs.org/@radix-ui%2freact-context-menu 915ms (cache miss)
65 silly packumentCache full:https://registry.npmjs.org/@radix-ui%2freact-context-menu set size:undefined disposed:false
66 silly fetch manifest @radix-ui/react-dialog@^1.1.15
67 silly packumentCache full:https://registry.npmjs.org/@radix-ui%2freact-dialog cache-miss
68 http fetch GET 200 https://registry.npmjs.org/@radix-ui%2freact-dialog 873ms (cache miss)
69 silly packumentCache full:https://registry.npmjs.org/@radix-ui%2freact-dialog set size:undefined disposed:false
70 silly fetch manifest @radix-ui/react-dropdown-menu@^2.1.16
71 silly packumentCache full:https://registry.npmjs.org/@radix-ui%2freact-dropdown-menu cache-miss
72 http fetch GET 200 https://registry.npmjs.org/@radix-ui%2freact-dropdown-menu 890ms (cache miss)
73 silly packumentCache full:https://registry.npmjs.org/@radix-ui%2freact-dropdown-menu set size:undefined disposed:false
74 silly fetch manifest @radix-ui/react-hover-card@^1.1.15
75 silly packumentCache full:https://registry.npmjs.org/@radix-ui%2freact-hover-card cache-miss
76 http fetch GET 200 https://registry.npmjs.org/@radix-ui%2freact-hover-card 983ms (cache miss)
77 silly packumentCache full:https://registry.npmjs.org/@radix-ui%2freact-hover-card set size:undefined disposed:false
78 silly fetch manifest @radix-ui/react-icons@^1.1.0
79 silly packumentCache full:https://registry.npmjs.org/@radix-ui%2freact-icons cache-miss
80 http fetch GET 200 https://registry.npmjs.org/@radix-ui%2freact-icons 743ms (cache miss)
81 silly packumentCache full:https://registry.npmjs.org/@radix-ui%2freact-icons set size:undefined disposed:false
82 silly fetch manifest @radix-ui/react-label@^2.1.8
83 silly packumentCache full:https://registry.npmjs.org/@radix-ui%2freact-label cache-miss
84 http fetch GET 200 https://registry.npmjs.org/@radix-ui%2freact-label 1149ms (cache miss)
85 silly packumentCache full:https://registry.npmjs.org/@radix-ui%2freact-label set size:undefined disposed:false
86 silly fetch manifest @radix-ui/react-menubar@^1.1.16
87 silly packumentCache full:https://registry.npmjs.org/@radix-ui%2freact-menubar cache-miss
88 http fetch GET 200 https://registry.npmjs.org/@radix-ui%2freact-menubar 793ms (cache miss)
89 silly packumentCache full:https://registry.npmjs.org/@radix-ui%2freact-menubar set size:undefined disposed:false
90 silly fetch manifest @radix-ui/react-navigation-menu@^1.2.14
91 silly packumentCache full:https://registry.npmjs.org/@radix-ui%2freact-navigation-menu cache-miss
92 http fetch GET 200 https://registry.npmjs.org/@radix-ui%2freact-navigation-menu 1060ms (cache miss)
93 silly packumentCache full:https://registry.npmjs.org/@radix-ui%2freact-navigation-menu set size:undefined disposed:false
94 silly fetch manifest @radix-ui/react-popover@^1.1.15
95 silly packumentCache full:https://registry.npmjs.org/@radix-ui%2freact-popover cache-miss
96 http fetch GET 200 https://registry.npmjs.org/@radix-ui%2freact-popover 1004ms (cache miss)
97 silly packumentCache full:https://registry.npmjs.org/@radix-ui%2freact-popover set size:undefined disposed:false
98 silly fetch manifest @radix-ui/react-progress@^1.1.8
99 silly packumentCache full:https://registry.npmjs.org/@radix-ui%2freact-progress cache-miss
100 http fetch GET 200 https://registry.npmjs.org/@radix-ui%2freact-progress 929ms (cache miss)
101 silly packumentCache full:https://registry.npmjs.org/@radix-ui%2freact-progress set size:undefined disposed:false
102 silly fetch manifest @radix-ui/react-radio-group@^1.3.8
103 silly packumentCache full:https://registry.npmjs.org/@radix-ui%2freact-radio-group cache-miss
104 http fetch GET 200 https://registry.npmjs.org/@radix-ui%2freact-radio-group 1046ms (cache miss)
105 silly packumentCache full:https://registry.npmjs.org/@radix-ui%2freact-radio-group set size:undefined disposed:false
106 silly fetch manifest @radix-ui/react-scroll-area@^1.2.10
107 silly packumentCache full:https://registry.npmjs.org/@radix-ui%2freact-scroll-area cache-miss
108 http fetch GET 200 https://registry.npmjs.org/@radix-ui%2freact-scroll-area 987ms (cache miss)
109 silly packumentCache full:https://registry.npmjs.org/@radix-ui%2freact-scroll-area set size:undefined disposed:false
110 silly fetch manifest @radix-ui/react-select@^2.2.6
111 silly packumentCache full:https://registry.npmjs.org/@radix-ui%2freact-select cache-miss
112 http fetch GET 200 https://registry.npmjs.org/@radix-ui%2freact-select 1021ms (cache miss)
113 silly packumentCache full:https://registry.npmjs.org/@radix-ui%2freact-select set size:undefined disposed:false
114 silly fetch manifest @radix-ui/react-separator@^1.1.8
115 silly packumentCache full:https://registry.npmjs.org/@radix-ui%2freact-separator cache-miss
116 http fetch GET 200 https://registry.npmjs.org/@radix-ui%2freact-separator 890ms (cache miss)
117 silly packumentCache full:https://registry.npmjs.org/@radix-ui%2freact-separator set size:undefined disposed:false
118 silly fetch manifest @radix-ui/react-slider@^1.3.6
119 silly packumentCache full:https://registry.npmjs.org/@radix-ui%2freact-slider cache-miss
120 http fetch GET 200 https://registry.npmjs.org/@radix-ui%2freact-slider 1095ms (cache miss)
121 silly packumentCache full:https://registry.npmjs.org/@radix-ui%2freact-slider set size:undefined disposed:false
122 silly fetch manifest @radix-ui/react-slot@^1.2.4
123 silly packumentCache full:https://registry.npmjs.org/@radix-ui%2freact-slot cache-miss
124 http fetch GET 200 https://registry.npmjs.org/@radix-ui%2freact-slot 960ms (cache miss)
125 silly packumentCache full:https://registry.npmjs.org/@radix-ui%2freact-slot set size:undefined disposed:false
126 silly fetch manifest @radix-ui/react-switch@^1.2.6
127 silly packumentCache full:https://registry.npmjs.org/@radix-ui%2freact-switch cache-miss
128 http fetch GET 200 https://registry.npmjs.org/@radix-ui%2freact-switch 901ms (cache miss)
129 silly packumentCache full:https://registry.npmjs.org/@radix-ui%2freact-switch set size:undefined disposed:false
130 silly fetch manifest @radix-ui/react-tabs@^1.1.13
131 silly packumentCache full:https://registry.npmjs.org/@radix-ui%2freact-tabs cache-miss
132 http fetch GET 200 https://registry.npmjs.org/@radix-ui%2freact-tabs 1125ms (cache miss)
133 silly packumentCache full:https://registry.npmjs.org/@radix-ui%2freact-tabs set size:undefined disposed:false
134 silly fetch manifest @radix-ui/react-toast@^1.2.1
135 silly packumentCache full:https://registry.npmjs.org/@radix-ui%2freact-toast cache-miss
136 http fetch GET 200 https://registry.npmjs.org/@radix-ui%2freact-toast 907ms (cache miss)
137 silly packumentCache full:https://registry.npmjs.org/@radix-ui%2freact-toast set size:undefined disposed:false
138 silly fetch manifest @radix-ui/react-toggle@^1.1.10
139 silly packumentCache full:https://registry.npmjs.org/@radix-ui%2freact-toggle cache-miss
140 http fetch GET 200 https://registry.npmjs.org/@radix-ui%2freact-toggle 1000ms (cache miss)
141 silly packumentCache full:https://registry.npmjs.org/@radix-ui%2freact-toggle set size:undefined disposed:false
142 silly fetch manifest @radix-ui/react-toggle-group@^1.1.11
143 silly packumentCache full:https://registry.npmjs.org/@radix-ui%2freact-toggle-group cache-miss
144 http fetch GET 200 https://registry.npmjs.org/@radix-ui%2freact-toggle-group 958ms (cache miss)
145 silly packumentCache full:https://registry.npmjs.org/@radix-ui%2freact-toggle-group set size:undefined disposed:false
146 silly fetch manifest @radix-ui/react-tooltip@^1.2.8
147 silly packumentCache full:https://registry.npmjs.org/@radix-ui%2freact-tooltip cache-miss
148 http fetch GET 200 https://registry.npmjs.org/@radix-ui%2freact-tooltip 988ms (cache miss)
149 silly packumentCache full:https://registry.npmjs.org/@radix-ui%2freact-tooltip set size:undefined disposed:false
150 silly fetch manifest @tailwindcss/vite@^4.1.17
151 silly packumentCache full:https://registry.npmjs.org/@tailwindcss%2fvite cache-miss
152 http fetch GET 200 https://registry.npmjs.org/@tailwindcss%2fvite 1336ms (cache miss)
153 silly packumentCache full:https://registry.npmjs.org/@tailwindcss%2fvite set size:undefined disposed:false
154 silly fetch manifest vite@^5.4.1
155 silly packumentCache full:https://registry.npmjs.org/vite cache-miss
156 http fetch GET 200 https://registry.npmjs.org/vite 9705ms (cache miss)
157 silly packumentCache full:https://registry.npmjs.org/vite set size:undefined disposed:false
158 silly fetch manifest @types/node@^22.5.5
159 silly packumentCache full:https://registry.npmjs.org/@types%2fnode cache-miss
160 http fetch GET 200 https://registry.npmjs.org/@types%2fnode 354ms (cache revalidated)
161 silly packumentCache full:https://registry.npmjs.org/@types%2fnode set size:10972342 disposed:false
162 silly fetch manifest less@*
163 silly packumentCache full:https://registry.npmjs.org/less cache-miss
164 http fetch GET 200 https://registry.npmjs.org/less 384ms (cache miss)
165 silly packumentCache full:https://registry.npmjs.org/less set size:undefined disposed:false
166 silly fetch manifest lightningcss@^1.21.0
167 silly packumentCache full:https://registry.npmjs.org/lightningcss cache-miss
168 http fetch GET 200 https://registry.npmjs.org/lightningcss 298ms (cache miss)
169 silly packumentCache full:https://registry.npmjs.org/lightningcss set size:undefined disposed:false
170 silly fetch manifest sass@*
171 silly packumentCache full:https://registry.npmjs.org/sass cache-miss
172 http fetch GET 200 https://registry.npmjs.org/sass 798ms (cache miss)
173 silly packumentCache full:https://registry.npmjs.org/sass set size:undefined disposed:false
174 silly fetch manifest sass-embedded@*
175 silly packumentCache full:https://registry.npmjs.org/sass-embedded cache-miss
176 http fetch GET 200 https://registry.npmjs.org/sass-embedded 354ms (cache miss)
177 silly packumentCache full:https://registry.npmjs.org/sass-embedded set size:undefined disposed:false
178 silly fetch manifest stylus@*
179 silly packumentCache full:https://registry.npmjs.org/stylus cache-miss
180 http fetch GET 200 https://registry.npmjs.org/stylus 617ms (cache miss)
181 silly packumentCache full:https://registry.npmjs.org/stylus set size:undefined disposed:false
182 silly fetch manifest sugarss@*
183 silly packumentCache full:https://registry.npmjs.org/sugarss cache-miss
184 http fetch GET 200 https://registry.npmjs.org/sugarss 284ms (cache miss)
185 silly packumentCache full:https://registry.npmjs.org/sugarss set size:undefined disposed:false
186 silly fetch manifest postcss@^8.3.3
187 silly packumentCache full:https://registry.npmjs.org/postcss cache-miss
188 http fetch GET 200 https://registry.npmjs.org/postcss 682ms (cache miss)
189 silly packumentCache full:https://registry.npmjs.org/postcss set size:undefined disposed:false
190 silly fetch manifest terser@^5.4.0
191 silly packumentCache full:https://registry.npmjs.org/terser cache-miss
192 http fetch GET 200 https://registry.npmjs.org/terser 944ms (cache miss)
193 silly packumentCache full:https://registry.npmjs.org/terser set size:undefined disposed:false
194 silly fetch manifest axios@^1.9.0
195 silly packumentCache full:https://registry.npmjs.org/axios cache-miss
196 http fetch GET 200 https://registry.npmjs.org/axios 966ms (cache updated)
197 silly packumentCache full:https://registry.npmjs.org/axios set size:undefined disposed:false
198 silly fetch manifest class-variance-authority@^0.7.1
199 silly packumentCache full:https://registry.npmjs.org/class-variance-authority cache-miss
200 http fetch GET 200 https://registry.npmjs.org/class-variance-authority 291ms (cache miss)
201 silly packumentCache full:https://registry.npmjs.org/class-variance-authority set size:undefined disposed:false
202 silly fetch manifest clsx@^2.1.1
203 silly packumentCache full:https://registry.npmjs.org/clsx cache-miss
204 http fetch GET 200 https://registry.npmjs.org/clsx 1002ms (cache miss)
205 silly packumentCache full:https://registry.npmjs.org/clsx set size:undefined disposed:false
206 silly fetch manifest cmdk@^1.1.1
207 silly packumentCache full:https://registry.npmjs.org/cmdk cache-miss
208 http fetch GET 200 https://registry.npmjs.org/cmdk 617ms (cache miss)
209 silly packumentCache full:https://registry.npmjs.org/cmdk set size:undefined disposed:false
210 silly fetch manifest date-fns@^3.6.0
211 silly packumentCache full:https://registry.npmjs.org/date-fns cache-miss
212 http fetch GET 200 https://registry.npmjs.org/date-fns 2886ms (cache miss)
213 silly packumentCache full:https://registry.npmjs.org/date-fns set size:undefined disposed:false
214 silly fetch manifest dotenv@^16.5.0
215 silly packumentCache full:https://registry.npmjs.org/dotenv cache-miss
216 http fetch GET 200 https://registry.npmjs.org/dotenv 782ms (cache updated)
217 silly packumentCache full:https://registry.npmjs.org/dotenv set size:undefined disposed:false
218 silly fetch manifest embla-carousel-react@^8.6.0
219 silly packumentCache full:https://registry.npmjs.org/embla-carousel-react cache-miss
220 http fetch GET 200 https://registry.npmjs.org/embla-carousel-react 607ms (cache miss)
221 silly packumentCache full:https://registry.npmjs.org/embla-carousel-react set size:undefined disposed:false
222 silly fetch manifest framer-motion@^12.23.22
223 silly packumentCache full:https://registry.npmjs.org/framer-motion cache-miss
224 http fetch GET 200 https://registry.npmjs.org/framer-motion 3486ms (cache miss)
225 silly packumentCache full:https://registry.npmjs.org/framer-motion set size:undefined disposed:false
226 silly fetch manifest @emotion/is-prop-valid@*
227 silly packumentCache full:https://registry.npmjs.org/@emotion%2fis-prop-valid cache-miss
228 http fetch GET 200 https://registry.npmjs.org/@emotion%2fis-prop-valid 799ms (cache miss)
229 silly packumentCache full:https://registry.npmjs.org/@emotion%2fis-prop-valid set size:undefined disposed:false
230 silly fetch manifest input-otp@^1.4.2
231 silly packumentCache full:https://registry.npmjs.org/input-otp cache-miss
232 http fetch GET 200 https://registry.npmjs.org/input-otp 267ms (cache miss)
233 silly packumentCache full:https://registry.npmjs.org/input-otp set size:undefined disposed:false
234 silly fetch manifest lucide-react@^0.462.0
235 silly packumentCache full:https://registry.npmjs.org/lucide-react cache-miss
236 http fetch GET 200 https://registry.npmjs.org/lucide-react 1460ms (cache miss)
237 silly packumentCache full:https://registry.npmjs.org/lucide-react set size:undefined disposed:false
238 silly fetch manifest next-themes@^0.4.6
239 silly packumentCache full:https://registry.npmjs.org/next-themes cache-miss
240 http fetch GET 200 https://registry.npmjs.org/next-themes 414ms (cache miss)
241 silly packumentCache full:https://registry.npmjs.org/next-themes set size:undefined disposed:false
242 silly fetch manifest react-day-picker@^9.12.0
243 silly packumentCache full:https://registry.npmjs.org/react-day-picker cache-miss
244 http fetch GET 200 https://registry.npmjs.org/react-day-picker 693ms (cache miss)
245 silly packumentCache full:https://registry.npmjs.org/react-day-picker set size:undefined disposed:false
246 silly fetch manifest react-resizable-panels@^2.1.9
247 silly packumentCache full:https://registry.npmjs.org/react-resizable-panels cache-miss
248 http fetch GET 200 https://registry.npmjs.org/react-resizable-panels 1042ms (cache miss)
249 silly packumentCache full:https://registry.npmjs.org/react-resizable-panels set size:undefined disposed:false
250 silly fetch manifest react-router-dom@^6.30.0
251 silly packumentCache full:https://registry.npmjs.org/react-router-dom cache-miss
252 http fetch GET 200 https://registry.npmjs.org/react-router-dom 2040ms (cache miss)
253 silly packumentCache full:https://registry.npmjs.org/react-router-dom set size:undefined disposed:false
254 silly fetch manifest recharts@^2.15.4
255 silly packumentCache full:https://registry.npmjs.org/recharts cache-miss
256 http fetch GET 200 https://registry.npmjs.org/recharts 749ms (cache miss)
257 silly packumentCache full:https://registry.npmjs.org/recharts set size:undefined disposed:false
258 silly fetch manifest sonner@^1.7.4
259 silly packumentCache full:https://registry.npmjs.org/sonner cache-miss
260 http fetch GET 200 https://registry.npmjs.org/sonner 298ms (cache miss)
261 silly packumentCache full:https://registry.npmjs.org/sonner set size:undefined disposed:false
262 silly fetch manifest tailwind-merge@^2.5.2
263 silly packumentCache full:https://registry.npmjs.org/tailwind-merge cache-miss
264 http fetch GET 200 https://registry.npmjs.org/tailwind-merge 721ms (cache miss)
265 silly packumentCache full:https://registry.npmjs.org/tailwind-merge set size:undefined disposed:false
266 silly fetch manifest tailwindcss@^4.1.17
267 silly packumentCache full:https://registry.npmjs.org/tailwindcss cache-miss
268 http fetch GET 200 https://registry.npmjs.org/tailwindcss 4678ms (cache miss)
269 silly packumentCache full:https://registry.npmjs.org/tailwindcss set size:undefined disposed:false
270 silly fetch manifest tw-animate-css@^1.4.0
271 silly packumentCache full:https://registry.npmjs.org/tw-animate-css cache-miss
272 http fetch GET 200 https://registry.npmjs.org/tw-animate-css 269ms (cache miss)
273 silly packumentCache full:https://registry.npmjs.org/tw-animate-css set size:undefined disposed:false
274 silly fetch manifest vaul@^1.1.2
275 silly packumentCache full:https://registry.npmjs.org/vaul cache-miss
276 http fetch GET 200 https://registry.npmjs.org/vaul 568ms (cache miss)
277 silly packumentCache full:https://registry.npmjs.org/vaul set size:undefined disposed:false
278 silly fetch manifest zod@^3.25.76
279 silly packumentCache full:https://registry.npmjs.org/zod cache-miss
280 http fetch GET 200 https://registry.npmjs.org/zod 293ms (cache revalidated)
281 silly packumentCache full:https://registry.npmjs.org/zod set size:3489329 disposed:false
282 silly fetch manifest zustand@^4.5.6
283 silly packumentCache full:https://registry.npmjs.org/zustand cache-miss
284 http fetch GET 200 https://registry.npmjs.org/zustand 705ms (cache miss)
285 silly packumentCache full:https://registry.npmjs.org/zustand set size:undefined disposed:false
286 silly fetch manifest immer@>=9.0.6
287 silly packumentCache full:https://registry.npmjs.org/immer cache-miss
288 http fetch GET 200 https://registry.npmjs.org/immer 724ms (cache miss)
289 silly packumentCache full:https://registry.npmjs.org/immer set size:undefined disposed:false
290 silly fetch manifest @eslint/js@^9.39.2
291 silly packumentCache full:https://registry.npmjs.org/@eslint%2fjs cache-miss
292 http fetch GET 200 https://registry.npmjs.org/@eslint%2fjs 416ms (cache revalidated)
293 silly packumentCache full:https://registry.npmjs.org/@eslint%2fjs set size:140022 disposed:false
294 silly fetch manifest @tailwindcss/postcss@^4.1.17
295 silly packumentCache full:https://registry.npmjs.org/@tailwindcss%2fpostcss cache-miss
296 http fetch GET 200 https://registry.npmjs.org/@tailwindcss%2fpostcss 867ms (cache miss)
297 silly packumentCache full:https://registry.npmjs.org/@tailwindcss%2fpostcss set size:undefined disposed:false
298 silly fetch manifest @tailwindcss/typography@^0.5.15
299 silly packumentCache full:https://registry.npmjs.org/@tailwindcss%2ftypography cache-miss
300 http fetch GET 200 https://registry.npmjs.org/@tailwindcss%2ftypography 471ms (cache miss)
301 silly packumentCache full:https://registry.npmjs.org/@tailwindcss%2ftypography set size:undefined disposed:false
302 silly fetch manifest @types/axios@^0.9.36
303 silly packumentCache full:https://registry.npmjs.org/@types%2faxios cache-miss
304 http fetch GET 200 https://registry.npmjs.org/@types%2faxios 897ms (cache miss)
305 silly packumentCache full:https://registry.npmjs.org/@types%2faxios set size:undefined disposed:false
306 silly fetch manifest @vitejs/plugin-react-swc@^3.5.0
307 silly packumentCache full:https://registry.npmjs.org/@vitejs%2fplugin-react-swc cache-miss
308 http fetch GET 200 https://registry.npmjs.org/@vitejs%2fplugin-react-swc 611ms (cache miss)
309 silly packumentCache full:https://registry.npmjs.org/@vitejs%2fplugin-react-swc set size:undefined disposed:false
310 silly fetch manifest eslint@^9.39.2
311 silly packumentCache full:https://registry.npmjs.org/eslint cache-miss
312 http fetch GET 200 https://registry.npmjs.org/eslint 319ms (cache revalidated)
313 silly packumentCache full:https://registry.npmjs.org/eslint set size:1983515 disposed:false
314 silly fetch manifest jiti@*
315 silly packumentCache full:https://registry.npmjs.org/jiti cache-miss
316 http fetch GET 200 https://registry.npmjs.org/jiti 382ms (cache revalidated)
317 silly packumentCache full:https://registry.npmjs.org/jiti set size:382310 disposed:false
318 silly fetch manifest eslint-plugin-react-hooks@^7.0.1
319 silly packumentCache full:https://registry.npmjs.org/eslint-plugin-react-hooks cache-miss
320 http fetch GET 200 https://registry.npmjs.org/eslint-plugin-react-hooks 3139ms (cache miss)
321 silly packumentCache full:https://registry.npmjs.org/eslint-plugin-react-hooks set size:undefined disposed:false
322 silly fetch manifest eslint-plugin-react-refresh@^0.4.26
323 silly packumentCache full:https://registry.npmjs.org/eslint-plugin-react-refresh cache-miss
324 http fetch GET 200 https://registry.npmjs.org/eslint-plugin-react-refresh 279ms (cache miss)
325 silly packumentCache full:https://registry.npmjs.org/eslint-plugin-react-refresh set size:undefined disposed:false
326 silly fetch manifest globals@^15.9.0
327 silly packumentCache full:https://registry.npmjs.org/globals cache-miss
328 http fetch GET 200 https://registry.npmjs.org/globals 683ms (cache revalidated)
329 silly packumentCache full:https://registry.npmjs.org/globals set size:312297 disposed:false
330 silly fetch manifest typescript@^5.5.3
331 silly packumentCache full:https://registry.npmjs.org/typescript cache-miss
332 http fetch GET 200 https://registry.npmjs.org/typescript 316ms (cache revalidated)
333 silly packumentCache full:https://registry.npmjs.org/typescript set size:15409943 disposed:false
334 silly fetch manifest typescript-eslint@^8.53.0
335 silly packumentCache full:https://registry.npmjs.org/typescript-eslint cache-miss
336 http fetch GET 200 https://registry.npmjs.org/typescript-eslint 1250ms (cache updated)
337 silly packumentCache full:https://registry.npmjs.org/typescript-eslint set size:undefined disposed:false
338 silly placeDep ROOT @eslint/js@9.39.4 OK for: Omniflow Product App@1.0.0 want: ^9.39.2
339 silly placeDep ROOT @hookform/resolvers@3.10.0 OK for: Omniflow Product App@1.0.0 want: ^3.10.0
340 silly placeDep ROOT react-hook-form@7.74.0 OK for: @hookform/resolvers@3.10.0 want: ^7.0.0
341 silly placeDep ROOT react@18.3.1 OK for: react-hook-form@7.74.0 want: ^16.8.0 || ^17 || ^18 || ^19
342 silly placeDep ROOT @radix-ui/react-accordion@1.2.12 OK for: Omniflow Product App@1.0.0 want: ^1.2.12
343 silly placeDep ROOT react-dom@18.3.1 OK for: @radix-ui/react-accordion@1.2.12 want: ^16.8 || ^17.0 || ^18.0 || ^19.0 || ^19.0.0-rc
344 silly placeDep ROOT @radix-ui/react-alert-dialog@1.1.15 OK for: Omniflow Product App@1.0.0 want: ^1.1.15
345 silly placeDep ROOT @radix-ui/react-aspect-ratio@1.1.8 OK for: Omniflow Product App@1.0.0 want: ^1.1.8
346 silly placeDep ROOT @radix-ui/react-avatar@1.1.11 OK for: Omniflow Product App@1.0.0 want: ^1.1.11
347 silly placeDep ROOT @radix-ui/react-checkbox@1.3.3 OK for: Omniflow Product App@1.0.0 want: ^1.3.3
348 silly placeDep ROOT @radix-ui/react-collapsible@1.1.12 OK for: Omniflow Product App@1.0.0 want: ^1.1.12
349 silly placeDep ROOT @radix-ui/react-context-menu@2.2.16 OK for: Omniflow Product App@1.0.0 want: ^2.2.16
350 silly placeDep ROOT @radix-ui/react-dialog@1.1.15 OK for: Omniflow Product App@1.0.0 want: ^1.1.15
351 silly placeDep ROOT @radix-ui/react-dropdown-menu@2.1.16 OK for: Omniflow Product App@1.0.0 want: ^2.1.16
352 silly placeDep ROOT @radix-ui/react-hover-card@1.1.15 OK for: Omniflow Product App@1.0.0 want: ^1.1.15
353 silly placeDep ROOT @radix-ui/react-icons@1.3.2 OK for: Omniflow Product App@1.0.0 want: ^1.1.0
354 silly placeDep ROOT @radix-ui/react-label@2.1.8 OK for: Omniflow Product App@1.0.0 want: ^2.1.8
355 silly placeDep ROOT @radix-ui/react-menubar@1.1.16 OK for: Omniflow Product App@1.0.0 want: ^1.1.16
356 silly placeDep ROOT @radix-ui/react-navigation-menu@1.2.14 OK for: Omniflow Product App@1.0.0 want: ^1.2.14
357 silly placeDep ROOT @radix-ui/react-popover@1.1.15 OK for: Omniflow Product App@1.0.0 want: ^1.1.15
358 silly placeDep ROOT @radix-ui/react-progress@1.1.8 OK for: Omniflow Product App@1.0.0 want: ^1.1.8
359 silly placeDep ROOT @radix-ui/react-radio-group@1.3.8 OK for: Omniflow Product App@1.0.0 want: ^1.3.8
360 silly placeDep ROOT @radix-ui/react-scroll-area@1.2.10 OK for: Omniflow Product App@1.0.0 want: ^1.2.10
361 silly placeDep ROOT @radix-ui/react-select@2.2.6 OK for: Omniflow Product App@1.0.0 want: ^2.2.6
362 silly placeDep ROOT @radix-ui/react-separator@1.1.8 OK for: Omniflow Product App@1.0.0 want: ^1.1.8
363 silly placeDep ROOT @radix-ui/react-slider@1.3.6 OK for: Omniflow Product App@1.0.0 want: ^1.3.6
364 silly placeDep ROOT @radix-ui/react-slot@1.2.4 OK for: Omniflow Product App@1.0.0 want: ^1.2.4
365 silly placeDep ROOT @radix-ui/react-switch@1.2.6 OK for: Omniflow Product App@1.0.0 want: ^1.2.6
366 silly placeDep ROOT @radix-ui/react-tabs@1.1.13 OK for: Omniflow Product App@1.0.0 want: ^1.1.13
367 silly placeDep ROOT @radix-ui/react-toast@1.2.15 OK for: Omniflow Product App@1.0.0 want: ^1.2.1
368 silly placeDep ROOT @radix-ui/react-toggle@1.1.10 OK for: Omniflow Product App@1.0.0 want: ^1.1.10
369 silly placeDep ROOT @radix-ui/react-toggle-group@1.1.11 OK for: Omniflow Product App@1.0.0 want: ^1.1.11
370 silly placeDep ROOT @radix-ui/react-tooltip@1.2.8 OK for: Omniflow Product App@1.0.0 want: ^1.2.8
371 silly placeDep ROOT @tailwindcss/postcss@4.2.4 OK for: Omniflow Product App@1.0.0 want: ^4.1.17
372 silly placeDep ROOT @tailwindcss/typography@0.5.19 OK for: Omniflow Product App@1.0.0 want: ^0.5.15
373 silly placeDep ROOT tailwindcss@4.2.4 OK for: @tailwindcss/typography@0.5.19 want: >=3.0.0 || insiders || >=4.0.0-alpha.20 || >=4.0.0-beta.1
374 silly placeDep ROOT @tailwindcss/vite@4.2.4 OK for: Omniflow Product App@1.0.0 want: ^4.1.17
375 silly placeDep ROOT vite@5.4.21 OK for: @tailwindcss/vite@4.2.4 want: ^5.2.0 || ^6 || ^7 || ^8
376 silly placeDep ROOT @types/axios@0.9.36 OK for: Omniflow Product App@1.0.0 want: ^0.9.36
377 silly placeDep ROOT @types/node@22.19.17 OK for: Omniflow Product App@1.0.0 want: ^22.5.5
378 silly placeDep ROOT @types/react@18.3.28 OK for: Omniflow Product App@1.0.0 want: ^18.3.3
379 silly placeDep ROOT @types/react-dom@18.3.7 OK for: Omniflow Product App@1.0.0 want: ^18.3.7
380 silly placeDep ROOT @vitejs/plugin-react-swc@3.11.0 OK for: Omniflow Product App@1.0.0 want: ^3.5.0
381 silly placeDep ROOT axios@1.15.2 OK for: Omniflow Product App@1.0.0 want: ^1.9.0
382 silly placeDep ROOT class-variance-authority@0.7.1 OK for: Omniflow Product App@1.0.0 want: ^0.7.1
383 silly placeDep ROOT clsx@2.1.1 OK for: Omniflow Product App@1.0.0 want: ^2.1.1
384 silly placeDep ROOT cmdk@1.1.1 OK for: Omniflow Product App@1.0.0 want: ^1.1.1
385 silly placeDep ROOT date-fns@3.6.0 OK for: Omniflow Product App@1.0.0 want: ^3.6.0
386 silly placeDep ROOT dotenv@16.6.1 OK for: Omniflow Product App@1.0.0 want: ^16.5.0
387 silly placeDep ROOT embla-carousel-react@8.6.0 OK for: Omniflow Product App@1.0.0 want: ^8.6.0
388 silly placeDep ROOT eslint@9.39.4 OK for: Omniflow Product App@1.0.0 want: ^9.39.2
389 silly placeDep ROOT eslint-plugin-react-hooks@7.1.1 OK for: Omniflow Product App@1.0.0 want: ^7.0.1
390 silly placeDep ROOT eslint-plugin-react-refresh@0.4.26 OK for: Omniflow Product App@1.0.0 want: ^0.4.26
391 silly placeDep ROOT framer-motion@12.38.0 OK for: Omniflow Product App@1.0.0 want: ^12.23.22
392 silly placeDep ROOT globals@15.15.0 OK for: Omniflow Product App@1.0.0 want: ^15.9.0
393 silly placeDep ROOT input-otp@1.4.2 OK for: Omniflow Product App@1.0.0 want: ^1.4.2
394 silly placeDep ROOT lucide-react@0.462.0 OK for: Omniflow Product App@1.0.0 want: ^0.462.0
395 silly placeDep ROOT next-themes@0.4.6 OK for: Omniflow Product App@1.0.0 want: ^0.4.6
396 silly placeDep ROOT react-day-picker@9.14.0 OK for: Omniflow Product App@1.0.0 want: ^9.12.0
397 silly placeDep ROOT react-resizable-panels@2.1.9 OK for: Omniflow Product App@1.0.0 want: ^2.1.9
398 silly placeDep ROOT react-router-dom@6.30.3 OK for: Omniflow Product App@1.0.0 want: ^6.30.0
399 silly placeDep ROOT recharts@2.15.4 OK for: Omniflow Product App@1.0.0 want: ^2.15.4
400 silly placeDep ROOT sonner@1.7.4 OK for: Omniflow Product App@1.0.0 want: ^1.7.4
401 silly placeDep ROOT tailwind-merge@2.6.1 OK for: Omniflow Product App@1.0.0 want: ^2.5.2
402 silly placeDep ROOT tw-animate-css@1.4.0 OK for: Omniflow Product App@1.0.0 want: ^1.4.0
403 silly placeDep ROOT typescript@5.9.3 OK for: Omniflow Product App@1.0.0 want: ^5.5.3
404 silly placeDep ROOT typescript-eslint@8.59.0 OK for: Omniflow Product App@1.0.0 want: ^8.53.0
405 silly placeDep ROOT vaul@1.1.2 OK for: Omniflow Product App@1.0.0 want: ^1.1.2
406 silly placeDep ROOT zod@3.25.76 OK for: Omniflow Product App@1.0.0 want: ^3.25.76
407 silly placeDep ROOT zustand@4.5.7 OK for: Omniflow Product App@1.0.0 want: ^4.5.6
408 silly fetch manifest loose-envify@^1.1.0
409 silly packumentCache full:https://registry.npmjs.org/loose-envify cache-miss
410 silly fetch manifest @radix-ui/react-id@1.1.1
411 silly packumentCache full:https://registry.npmjs.org/@radix-ui%2freact-id cache-miss
412 silly fetch manifest @radix-ui/primitive@1.1.3
413 silly packumentCache full:https://registry.npmjs.org/@radix-ui%2fprimitive cache-miss
414 silly fetch manifest @radix-ui/react-context@1.1.2
415 silly packumentCache full:https://registry.npmjs.org/@radix-ui%2freact-context cache-miss
416 silly fetch manifest @radix-ui/react-direction@1.1.1
417 silly packumentCache full:https://registry.npmjs.org/@radix-ui%2freact-direction cache-miss
418 silly fetch manifest @radix-ui/react-primitive@2.1.3
419 silly packumentCache full:https://registry.npmjs.org/@radix-ui%2freact-primitive cache-miss
420 silly fetch manifest @radix-ui/react-collection@1.1.7
421 silly packumentCache full:https://registry.npmjs.org/@radix-ui%2freact-collection cache-miss
422 silly fetch manifest @radix-ui/react-collapsible@1.1.12
423 silly packumentCache full:https://registry.npmjs.org/@radix-ui%2freact-collapsible cache-miss
424 silly fetch manifest @radix-ui/react-compose-refs@1.1.2
425 silly packumentCache full:https://registry.npmjs.org/@radix-ui%2freact-compose-refs cache-miss
426 silly fetch manifest @radix-ui/react-use-controllable-state@1.2.2
427 silly packumentCache full:https://registry.npmjs.org/@radix-ui%2freact-use-controllable-state cache-miss
428 silly fetch manifest scheduler@^0.23.2
429 silly packumentCache full:https://registry.npmjs.org/scheduler cache-miss
430 silly fetch manifest loose-envify@^1.1.0
431 silly packumentCache full:https://registry.npmjs.org/loose-envify cache-miss
432 silly fetch manifest @radix-ui/primitive@1.1.3
433 silly packumentCache full:https://registry.npmjs.org/@radix-ui%2fprimitive cache-miss
434 silly fetch manifest @radix-ui/react-slot@1.2.3
435 silly packumentCache full:https://registry.npmjs.org/@radix-ui%2freact-slot cache-miss
436 silly fetch manifest @radix-ui/react-dialog@1.1.15
437 silly packumentCache full:https://registry.npmjs.org/@radix-ui%2freact-dialog cache-miss
438 http cache https://registry.npmjs.org/@radix-ui%2freact-dialog 38ms (cache hit)
439 silly packumentCache full:https://registry.npmjs.org/@radix-ui%2freact-dialog set size:1036325 disposed:false
440 silly fetch manifest @radix-ui/react-context@1.1.2
441 silly packumentCache full:https://registry.npmjs.org/@radix-ui%2freact-context cache-miss
442 http cache https://registry.npmjs.org/@radix-ui%2freact-slot 45ms (cache hit)
443 silly packumentCache full:https://registry.npmjs.org/@radix-ui%2freact-slot set size:387271 disposed:false
444 silly fetch manifest @radix-ui/react-primitive@2.1.3
445 silly packumentCache full:https://registry.npmjs.org/@radix-ui%2freact-primitive cache-miss
446 http cache https://registry.npmjs.org/@radix-ui%2freact-collapsible 52ms (cache hit)
447 silly packumentCache full:https://registry.npmjs.org/@radix-ui%2freact-collapsible set size:801871 disposed:false
448 silly fetch manifest @radix-ui/react-compose-refs@1.1.2
449 silly packumentCache full:https://registry.npmjs.org/@radix-ui%2freact-compose-refs cache-miss
450 http fetch GET 200 https://registry.npmjs.org/loose-envify 256ms (cache miss)
451 silly packumentCache full:https://registry.npmjs.org/loose-envify set size:undefined disposed:false
452 silly fetch manifest @radix-ui/react-primitive@2.1.4
453 silly packumentCache full:https://registry.npmjs.org/@radix-ui%2freact-primitive cache-miss
454 http fetch GET 200 https://registry.npmjs.org/@radix-ui%2freact-primitive 683ms (cache miss)
455 silly packumentCache full:https://registry.npmjs.org/@radix-ui%2freact-primitive set size:undefined disposed:false
456 silly fetch manifest @radix-ui/react-context@1.1.3
457 silly packumentCache full:https://registry.npmjs.org/@radix-ui%2freact-context cache-miss
458 http fetch GET 200 https://registry.npmjs.org/@radix-ui%2fprimitive 976ms (cache miss)
459 silly packumentCache full:https://registry.npmjs.org/@radix-ui%2fprimitive set size:undefined disposed:false
460 silly fetch manifest @radix-ui/react-use-is-hydrated@0.1.0
461 silly packumentCache full:https://registry.npmjs.org/@radix-ui%2freact-use-is-hydrated cache-miss
462 http fetch GET 200 https://registry.npmjs.org/@radix-ui%2freact-direction 999ms (cache miss)
463 silly packumentCache full:https://registry.npmjs.org/@radix-ui%2freact-direction set size:undefined disposed:false
464 silly fetch manifest @radix-ui/react-use-callback-ref@1.1.1
465 silly packumentCache full:https://registry.npmjs.org/@radix-ui%2freact-use-callback-ref cache-miss
466 http fetch GET 200 https://registry.npmjs.org/@radix-ui%2freact-use-controllable-state 1019ms (cache miss)
467 silly packumentCache full:https://registry.npmjs.org/@radix-ui%2freact-use-controllable-state set size:undefined disposed:false
468 silly fetch manifest @radix-ui/react-use-layout-effect@1.1.1
469 silly packumentCache full:https://registry.npmjs.org/@radix-ui%2freact-use-layout-effect cache-miss
470 http fetch GET 200 https://registry.npmjs.org/@radix-ui%2freact-compose-refs 1034ms (cache miss)
471 silly packumentCache full:https://registry.npmjs.org/@radix-ui%2freact-compose-refs set size:undefined disposed:false
472 silly fetch manifest @radix-ui/react-context@1.1.2
473 silly packumentCache full:https://registry.npmjs.org/@radix-ui%2freact-context cache-miss
474 http fetch GET 200 https://registry.npmjs.org/loose-envify 1036ms (cache miss)
475 silly packumentCache full:https://registry.npmjs.org/loose-envify set size:undefined disposed:false
476 silly fetch manifest @radix-ui/react-presence@1.1.5
477 silly packumentCache full:https://registry.npmjs.org/@radix-ui%2freact-presence cache-miss
478 http fetch GET 200 https://registry.npmjs.org/@radix-ui%2freact-context 1093ms (cache miss)
479 silly packumentCache full:https://registry.npmjs.org/@radix-ui%2freact-context set size:undefined disposed:false
480 silly fetch manifest @radix-ui/react-use-size@1.1.1
481 silly packumentCache full:https://registry.npmjs.org/@radix-ui%2freact-use-size cache-miss
482 http fetch GET 200 https://registry.npmjs.org/@radix-ui%2freact-id 1160ms (cache miss)
483 silly packumentCache full:https://registry.npmjs.org/@radix-ui%2freact-id set size:undefined disposed:false
484 silly fetch manifest @radix-ui/react-primitive@2.1.3
485 silly packumentCache full:https://registry.npmjs.org/@radix-ui%2freact-primitive cache-miss
486 http cache https://registry.npmjs.org/@radix-ui%2freact-primitive 9ms (cache hit)
487 silly packumentCache full:https://registry.npmjs.org/@radix-ui%2freact-primitive set size:595809 disposed:false
488 silly fetch manifest @radix-ui/react-use-previous@1.1.1
489 silly packumentCache full:https://registry.npmjs.org/@radix-ui%2freact-use-previous cache-miss
490 http fetch GET 200 https://registry.npmjs.org/@radix-ui%2freact-use-is-hydrated 233ms (cache miss)
491 silly packumentCache full:https://registry.npmjs.org/@radix-ui%2freact-use-is-hydrated set size:undefined disposed:false
492 silly fetch manifest @radix-ui/react-presence@1.1.5
493 silly packumentCache full:https://registry.npmjs.org/@radix-ui%2freact-presence cache-miss
494 http fetch GET 200 https://registry.npmjs.org/@radix-ui%2freact-collection 1272ms (cache miss)
495 silly packumentCache full:https://registry.npmjs.org/@radix-ui%2freact-collection set size:undefined disposed:false
496 silly fetch manifest @radix-ui/react-use-layout-effect@1.1.1
497 silly packumentCache full:https://registry.npmjs.org/@radix-ui%2freact-use-layout-effect cache-miss
498 http fetch GET 200 https://registry.npmjs.org/@radix-ui%2freact-primitive 1281ms (cache miss)
499 silly packumentCache full:https://registry.npmjs.org/@radix-ui%2freact-primitive set size:undefined disposed:false
500 silly packumentCache full:https://registry.npmjs.org/@radix-ui%2freact-primitive dispose
501 silly fetch manifest @radix-ui/react-menu@2.1.16
502 silly packumentCache full:https://registry.npmjs.org/@radix-ui%2freact-menu cache-miss
503 http fetch GET 200 https://registry.npmjs.org/@radix-ui%2freact-use-callback-ref 339ms (cache miss)
504 silly packumentCache full:https://registry.npmjs.org/@radix-ui%2freact-use-callback-ref set size:undefined disposed:false
505 silly fetch manifest aria-hidden@^1.2.4
506 silly packumentCache full:https://registry.npmjs.org/aria-hidden cache-miss
507 http fetch GET 200 https://registry.npmjs.org/@radix-ui%2freact-context 377ms (cache miss)
508 silly packumentCache full:https://registry.npmjs.org/@radix-ui%2freact-context set size:undefined disposed:false
509 silly fetch manifest react-remove-scroll@^2.6.3
510 silly packumentCache full:https://registry.npmjs.org/react-remove-scroll cache-miss
511 http fetch GET 200 https://registry.npmjs.org/@radix-ui%2freact-use-previous 345ms (cache miss)
512 silly packumentCache full:https://registry.npmjs.org/@radix-ui%2freact-use-previous set size:undefined disposed:false
513 silly fetch manifest @radix-ui/react-portal@1.1.9
514 silly packumentCache full:https://registry.npmjs.org/@radix-ui%2freact-portal cache-miss
515 http fetch GET 200 https://registry.npmjs.org/@radix-ui%2freact-presence 533ms (cache miss)
516 silly packumentCache full:https://registry.npmjs.org/@radix-ui%2freact-presence set size:undefined disposed:false
517 silly fetch manifest @radix-ui/react-focus-scope@1.1.7
518 silly packumentCache full:https://registry.npmjs.org/@radix-ui%2freact-focus-scope cache-miss
519 http fetch GET 200 https://registry.npmjs.org/@radix-ui%2freact-use-layout-effect 320ms (cache miss)
520 silly packumentCache full:https://registry.npmjs.org/@radix-ui%2freact-use-layout-effect set size:undefined disposed:false
521 silly fetch manifest @radix-ui/react-focus-guards@1.1.3
522 silly packumentCache full:https://registry.npmjs.org/@radix-ui%2freact-focus-guards cache-miss
523 http fetch GET 200 https://registry.npmjs.org/aria-hidden 256ms (cache miss)
524 silly packumentCache full:https://registry.npmjs.org/aria-hidden set size:undefined disposed:false
525 silly fetch manifest @radix-ui/react-dismissable-layer@1.1.11
526 silly packumentCache full:https://registry.npmjs.org/@radix-ui%2freact-dismissable-layer cache-miss
527 http fetch GET 200 https://registry.npmjs.org/@radix-ui%2freact-context 656ms (cache miss)
528 silly packumentCache full:https://registry.npmjs.org/@radix-ui%2freact-context set size:undefined disposed:false
529 silly fetch manifest @radix-ui/react-menu@2.1.16
530 silly packumentCache full:https://registry.npmjs.org/@radix-ui%2freact-menu cache-miss
531 http fetch GET 200 https://registry.npmjs.org/react-remove-scroll 309ms (cache miss)
532 silly packumentCache full:https://registry.npmjs.org/react-remove-scroll set size:undefined disposed:false
533 silly fetch manifest @radix-ui/react-popper@1.2.8
534 silly packumentCache full:https://registry.npmjs.org/@radix-ui%2freact-popper cache-miss
535 http fetch GET 200 https://registry.npmjs.org/@radix-ui%2freact-presence 603ms (cache miss)
536 silly packumentCache full:https://registry.npmjs.org/@radix-ui%2freact-presence set size:undefined disposed:false
537 silly fetch manifest @radix-ui/react-portal@1.1.9
538 silly packumentCache full:https://registry.npmjs.org/@radix-ui%2freact-portal cache-miss
539 http fetch GET 200 https://registry.npmjs.org/@radix-ui%2freact-use-layout-effect 799ms (cache miss)
540 silly packumentCache full:https://registry.npmjs.org/@radix-ui%2freact-use-layout-effect set size:undefined disposed:false
541 silly fetch manifest @radix-ui/react-dismissable-layer@1.1.11
542 silly packumentCache full:https://registry.npmjs.org/@radix-ui%2freact-dismissable-layer cache-miss
543 http fetch GET 200 https://registry.npmjs.org/@radix-ui%2freact-use-size 743ms (cache miss)
544 silly packumentCache full:https://registry.npmjs.org/@radix-ui%2freact-use-size set size:undefined disposed:false
545 silly fetch manifest @radix-ui/react-menu@2.1.16
546 silly packumentCache full:https://registry.npmjs.org/@radix-ui%2freact-menu cache-miss
547 http fetch GET 200 https://registry.npmjs.org/@radix-ui%2freact-menu 569ms (cache miss)
548 silly packumentCache full:https://registry.npmjs.org/@radix-ui%2freact-menu set size:undefined disposed:false
549 silly fetch manifest @radix-ui/react-roving-focus@1.1.11
550 silly packumentCache full:https://registry.npmjs.org/@radix-ui%2freact-roving-focus cache-miss
551 http fetch GET 200 https://registry.npmjs.org/@radix-ui%2fprimitive 1931ms (cache miss)
552 silly packumentCache full:https://registry.npmjs.org/@radix-ui%2fprimitive set size:undefined disposed:false
553 silly fetch manifest @radix-ui/react-visually-hidden@1.2.3
554 silly packumentCache full:https://registry.npmjs.org/@radix-ui%2freact-visually-hidden cache-miss
555 http fetch GET 200 https://registry.npmjs.org/@radix-ui%2freact-focus-guards 417ms (cache miss)
556 silly packumentCache full:https://registry.npmjs.org/@radix-ui%2freact-focus-guards set size:undefined disposed:false
557 silly fetch manifest @radix-ui/react-dismissable-layer@1.1.11
558 silly packumentCache full:https://registry.npmjs.org/@radix-ui%2freact-dismissable-layer cache-miss
559 http fetch GET 200 https://registry.npmjs.org/@radix-ui%2freact-portal 548ms (cache miss)
560 silly packumentCache full:https://registry.npmjs.org/@radix-ui%2freact-portal set size:undefined disposed:false
561 silly fetch manifest @radix-ui/react-popper@1.2.8
562 silly packumentCache full:https://registry.npmjs.org/@radix-ui%2freact-popper cache-miss
563 http fetch GET 200 https://registry.npmjs.org/@radix-ui%2freact-roving-focus 391ms (cache miss)
564 silly packumentCache full:https://registry.npmjs.org/@radix-ui%2freact-roving-focus set size:undefined disposed:false
565 silly fetch manifest @radix-ui/react-focus-scope@1.1.7
566 silly packumentCache full:https://registry.npmjs.org/@radix-ui%2freact-focus-scope cache-miss
567 http fetch GET 200 https://registry.npmjs.org/@radix-ui%2freact-popper 571ms (cache miss)
568 silly packumentCache full:https://registry.npmjs.org/@radix-ui%2freact-popper set size:undefined disposed:false
569 silly fetch manifest @radix-ui/react-dismissable-layer@1.1.11
570 silly packumentCache full:https://registry.npmjs.org/@radix-ui%2freact-dismissable-layer cache-miss
571 http fetch GET 200 https://registry.npmjs.org/@radix-ui%2freact-focus-scope 742ms (cache miss)
572 silly packumentCache full:https://registry.npmjs.org/@radix-ui%2freact-focus-scope set size:undefined disposed:false
573 silly fetch manifest @radix-ui/number@1.1.1
574 silly packumentCache full:https://registry.npmjs.org/@radix-ui%2fnumber cache-miss
575 http fetch GET 200 https://registry.npmjs.org/@radix-ui%2freact-dismissable-layer 723ms (cache miss)
576 silly packumentCache full:https://registry.npmjs.org/@radix-ui%2freact-dismissable-layer set size:undefined disposed:false
577 silly fetch manifest @radix-ui/number@1.1.1
578 silly packumentCache full:https://registry.npmjs.org/@radix-ui%2fnumber cache-miss
579 http fetch GET 200 https://registry.npmjs.org/@radix-ui%2freact-context 2289ms (cache miss)
580 silly packumentCache full:https://registry.npmjs.org/@radix-ui%2freact-context set size:undefined disposed:false
581 silly fetch manifest @radix-ui/react-visually-hidden@1.2.3
582 silly packumentCache full:https://registry.npmjs.org/@radix-ui%2freact-visually-hidden cache-miss
583 http fetch GET 200 https://registry.npmjs.org/@radix-ui%2freact-portal 562ms (cache miss)
584 silly packumentCache full:https://registry.npmjs.org/@radix-ui%2freact-portal set size:undefined disposed:false
585 silly fetch manifest @radix-ui/number@1.1.1
586 silly packumentCache full:https://registry.npmjs.org/@radix-ui%2fnumber cache-miss
587 http fetch GET 200 https://registry.npmjs.org/@radix-ui%2freact-popper 426ms (cache miss)
588 silly packumentCache full:https://registry.npmjs.org/@radix-ui%2freact-popper set size:undefined disposed:false
589 silly fetch manifest @radix-ui/react-visually-hidden@1.2.3
590 silly packumentCache full:https://registry.npmjs.org/@radix-ui%2freact-visually-hidden cache-miss
591 http fetch GET 200 https://registry.npmjs.org/@radix-ui%2fnumber 361ms (cache miss)
592 silly packumentCache full:https://registry.npmjs.org/@radix-ui%2fnumber set size:undefined disposed:false
593 silly fetch manifest @radix-ui/react-visually-hidden@1.2.3
594 silly packumentCache full:https://registry.npmjs.org/@radix-ui%2freact-visually-hidden cache-miss
595 http fetch GET 200 https://registry.npmjs.org/@radix-ui%2freact-focus-scope 436ms (cache miss)
596 silly packumentCache full:https://registry.npmjs.org/@radix-ui%2freact-focus-scope set size:undefined disposed:false
597 silly fetch manifest postcss@^8.5.6
598 silly packumentCache full:https://registry.npmjs.org/postcss cache-miss
599 http cache https://registry.npmjs.org/postcss 9ms (cache hit)
600 silly packumentCache full:https://registry.npmjs.org/postcss set size:714272 disposed:false
601 silly fetch manifest tailwindcss@4.2.4
602 silly packumentCache full:https://registry.npmjs.org/tailwindcss cache-miss
603 http fetch GET 200 https://registry.npmjs.org/@radix-ui%2fnumber 382ms (cache miss)
604 silly packumentCache full:https://registry.npmjs.org/@radix-ui%2fnumber set size:undefined disposed:false
605 silly fetch manifest @alloc/quick-lru@^5.2.0
606 silly packumentCache full:https://registry.npmjs.org/@alloc%2fquick-lru cache-miss
607 http cache https://registry.npmjs.org/tailwindcss 31ms (cache hit)
608 silly packumentCache full:https://registry.npmjs.org/tailwindcss set size:10392953 disposed:false
609 silly fetch manifest @tailwindcss/node@4.2.4
610 silly packumentCache full:https://registry.npmjs.org/@tailwindcss%2fnode cache-miss
611 http fetch GET 200 https://registry.npmjs.org/@radix-ui%2fnumber 394ms (cache miss)
612 silly packumentCache full:https://registry.npmjs.org/@radix-ui%2fnumber set size:undefined disposed:false
613 silly fetch manifest @tailwindcss/oxide@4.2.4
614 silly packumentCache full:https://registry.npmjs.org/@tailwindcss%2foxide cache-miss
615 http fetch GET 200 https://registry.npmjs.org/@radix-ui%2freact-visually-hidden 464ms (cache miss)
616 silly packumentCache full:https://registry.npmjs.org/@radix-ui%2freact-visually-hidden set size:undefined disposed:false
617 silly fetch manifest postcss-selector-parser@6.0.10
618 silly packumentCache full:https://registry.npmjs.org/postcss-selector-parser cache-miss
619 http fetch GET 200 https://registry.npmjs.org/@radix-ui%2freact-dismissable-layer 518ms (cache miss)
620 silly packumentCache full:https://registry.npmjs.org/@radix-ui%2freact-dismissable-layer set size:undefined disposed:false
621 silly fetch manifest @tailwindcss/node@4.2.4
622 silly packumentCache full:https://registry.npmjs.org/@tailwindcss%2fnode cache-miss
623 http fetch GET 200 https://registry.npmjs.org/scheduler 2823ms (cache miss)
624 silly packumentCache full:https://registry.npmjs.org/scheduler set size:undefined disposed:false
625 silly fetch manifest @tailwindcss/oxide@4.2.4
626 silly packumentCache full:https://registry.npmjs.org/@tailwindcss%2foxide cache-miss
627 http fetch GET 200 https://registry.npmjs.org/@radix-ui%2freact-menu 1247ms (cache miss)
628 silly packumentCache full:https://registry.npmjs.org/@radix-ui%2freact-menu set size:undefined disposed:false
629 silly fetch manifest rollup@^4.20.0
630 silly packumentCache full:https://registry.npmjs.org/rollup cache-miss
631 http fetch GET 200 https://registry.npmjs.org/@radix-ui%2freact-dismissable-layer 847ms (cache miss)
632 silly packumentCache full:https://registry.npmjs.org/@radix-ui%2freact-dismissable-layer set size:undefined disposed:false
633 silly fetch manifest esbuild@^0.21.3
634 silly packumentCache full:https://registry.npmjs.org/esbuild cache-miss
635 http fetch GET 200 https://registry.npmjs.org/@radix-ui%2freact-visually-hidden 401ms (cache miss)
636 silly packumentCache full:https://registry.npmjs.org/@radix-ui%2freact-visually-hidden set size:undefined disposed:false
637 silly fetch manifest postcss@^8.4.43
638 silly packumentCache full:https://registry.npmjs.org/postcss cache-hit
639 silly fetch manifest fsevents@~2.3.3
640 silly packumentCache full:https://registry.npmjs.org/fsevents cache-miss
641 http fetch GET 200 https://registry.npmjs.org/@radix-ui%2freact-visually-hidden 983ms (cache miss)
642 silly packumentCache full:https://registry.npmjs.org/@radix-ui%2freact-visually-hidden set size:undefined disposed:false
643 silly fetch manifest undici-types@~6.21.0
644 silly packumentCache full:https://registry.npmjs.org/undici-types cache-miss
645 http fetch GET 200 https://registry.npmjs.org/@alloc%2fquick-lru 261ms (cache miss)
646 silly packumentCache full:https://registry.npmjs.org/@alloc%2fquick-lru set size:undefined disposed:false
647 silly fetch manifest csstype@^3.2.2
648 silly packumentCache full:https://registry.npmjs.org/csstype cache-miss
649 http fetch GET 200 https://registry.npmjs.org/@radix-ui%2freact-dismissable-layer 1155ms (cache miss)
650 silly packumentCache full:https://registry.npmjs.org/@radix-ui%2freact-dismissable-layer set size:undefined disposed:false
651 silly fetch manifest @types/prop-types@*
652 silly packumentCache full:https://registry.npmjs.org/@types%2fprop-types cache-miss
653 http fetch GET 200 https://registry.npmjs.org/@radix-ui%2freact-visually-hidden 352ms (cache miss)
654 silly packumentCache full:https://registry.npmjs.org/@radix-ui%2freact-visually-hidden set size:undefined disposed:false
655 silly fetch manifest @swc/core@^1.12.11
656 silly packumentCache full:https://registry.npmjs.org/@swc%2fcore cache-miss
657 http fetch GET 200 https://registry.npmjs.org/postcss-selector-parser 251ms (cache miss)
658 silly packumentCache full:https://registry.npmjs.org/postcss-selector-parser set size:undefined disposed:false
659 silly fetch manifest @rolldown/pluginutils@1.0.0-beta.27
660 silly packumentCache full:https://registry.npmjs.org/@rolldown%2fpluginutils cache-miss
661 http fetch GET 200 https://registry.npmjs.org/esbuild 295ms (cache revalidated)
662 silly packumentCache full:https://registry.npmjs.org/esbuild set size:1254708 disposed:false
663 silly fetch manifest follow-redirects@^1.15.11
664 silly packumentCache full:https://registry.npmjs.org/follow-redirects cache-miss
665 http fetch GET 200 https://registry.npmjs.org/fsevents 265ms (cache revalidated)
666 silly packumentCache full:https://registry.npmjs.org/fsevents set size:182472 disposed:false
667 silly fetch manifest form-data@^4.0.5
668 silly packumentCache full:https://registry.npmjs.org/form-data cache-miss
669 http fetch GET 200 https://registry.npmjs.org/undici-types 271ms (cache revalidated)
670 silly packumentCache full:https://registry.npmjs.org/undici-types set size:210150 disposed:false
671 silly fetch manifest proxy-from-env@^2.1.0
672 silly packumentCache full:https://registry.npmjs.org/proxy-from-env cache-miss
673 http fetch GET 200 https://registry.npmjs.org/@types%2fprop-types 314ms (cache miss)
674 silly packumentCache full:https://registry.npmjs.org/@types%2fprop-types set size:undefined disposed:false
675 silly fetch manifest @radix-ui/react-id@^1.1.0
676 silly packumentCache full:https://registry.npmjs.org/@radix-ui%2freact-id cache-miss
677 http cache https://registry.npmjs.org/@radix-ui%2freact-id 9ms (cache hit)
678 silly packumentCache full:https://registry.npmjs.org/@radix-ui%2freact-id set size:325405 disposed:false
679 silly fetch manifest @radix-ui/react-primitive@^2.0.2
680 silly packumentCache full:https://registry.npmjs.org/@radix-ui%2freact-primitive cache-miss
681 http cache https://registry.npmjs.org/@radix-ui%2freact-primitive 8ms (cache hit)
682 silly packumentCache full:https://registry.npmjs.org/@radix-ui%2freact-primitive set size:595809 disposed:true
683 silly fetch manifest @radix-ui/react-compose-refs@^1.1.1
684 silly packumentCache full:https://registry.npmjs.org/@radix-ui%2freact-compose-refs cache-miss
685 http cache https://registry.npmjs.org/@radix-ui%2freact-compose-refs 8ms (cache hit)
686 silly packumentCache full:https://registry.npmjs.org/@radix-ui%2freact-compose-refs set size:219425 disposed:false
687 silly fetch manifest embla-carousel@8.6.0
688 silly packumentCache full:https://registry.npmjs.org/embla-carousel cache-miss
689 http fetch GET 200 https://registry.npmjs.org/@radix-ui%2freact-menu 1501ms (cache miss)
690 silly packumentCache full:https://registry.npmjs.org/@radix-ui%2freact-menu set size:undefined disposed:false
691 silly fetch manifest embla-carousel-reactive-utils@8.6.0
692 silly packumentCache full:https://registry.npmjs.org/embla-carousel-reactive-utils cache-miss
693 http fetch GET 200 https://registry.npmjs.org/form-data 324ms (cache revalidated)
694 silly packumentCache full:https://registry.npmjs.org/form-data set size:153646 disposed:false
695 silly fetch manifest ajv@^6.14.0
696 silly packumentCache full:https://registry.npmjs.org/ajv cache-miss
697 http fetch GET 200 https://registry.npmjs.org/follow-redirects 331ms (cache revalidated)
698 silly packumentCache full:https://registry.npmjs.org/follow-redirects set size:188945 disposed:false
699 silly fetch manifest chalk@^4.0.0
700 silly packumentCache full:https://registry.npmjs.org/chalk cache-miss
701 http fetch GET 200 https://registry.npmjs.org/proxy-from-env 317ms (cache revalidated)
702 silly packumentCache full:https://registry.npmjs.org/proxy-from-env set size:21422 disposed:false
703 silly fetch manifest debug@^4.3.2
704 silly packumentCache full:https://registry.npmjs.org/debug cache-miss
705 http fetch GET 200 https://registry.npmjs.org/@radix-ui%2freact-primitive 3498ms (cache miss)
706 silly packumentCache full:https://registry.npmjs.org/@radix-ui%2freact-primitive set size:undefined disposed:false
707 silly packumentCache full:https://registry.npmjs.org/@radix-ui%2freact-primitive dispose
708 silly fetch manifest espree@^10.4.0
709 silly packumentCache full:https://registry.npmjs.org/espree cache-miss
710 http fetch GET 200 https://registry.npmjs.org/embla-carousel-reactive-utils 247ms (cache miss)
711 silly packumentCache full:https://registry.npmjs.org/embla-carousel-reactive-utils set size:undefined disposed:false
712 silly fetch manifest ignore@^5.2.0
713 silly packumentCache full:https://registry.npmjs.org/ignore cache-miss
714 http fetch GET 200 https://registry.npmjs.org/csstype 629ms (cache miss)
715 silly packumentCache full:https://registry.npmjs.org/csstype set size:undefined disposed:false
716 silly fetch manifest esquery@^1.5.0
717 silly packumentCache full:https://registry.npmjs.org/esquery cache-miss
718 http fetch GET 200 https://registry.npmjs.org/@tailwindcss%2fnode 783ms (cache miss)
719 silly packumentCache full:https://registry.npmjs.org/@tailwindcss%2fnode set size:undefined disposed:false
720 silly fetch manifest esutils@^2.0.2
721 silly packumentCache full:https://registry.npmjs.org/esutils cache-miss
722 http fetch GET 200 https://registry.npmjs.org/@rolldown%2fpluginutils 574ms (cache miss)
723 silly packumentCache full:https://registry.npmjs.org/@rolldown%2fpluginutils set size:undefined disposed:false
724 silly fetch manifest find-up@^5.0.0
725 silly packumentCache full:https://registry.npmjs.org/find-up cache-miss
726 http fetch GET 200 https://registry.npmjs.org/rollup 805ms (cache miss)
727 silly packumentCache full:https://registry.npmjs.org/rollup set size:undefined disposed:false
728 silly fetch manifest is-glob@^4.0.0
729 silly packumentCache full:https://registry.npmjs.org/is-glob cache-miss
730 http fetch GET 200 https://registry.npmjs.org/embla-carousel 379ms (cache miss)
731 silly packumentCache full:https://registry.npmjs.org/embla-carousel set size:undefined disposed:false
732 silly fetch manifest minimatch@^3.1.5
733 silly packumentCache full:https://registry.npmjs.org/minimatch cache-miss
734 http fetch GET 200 https://registry.npmjs.org/@tailwindcss%2foxide 947ms (cache miss)
735 silly packumentCache full:https://registry.npmjs.org/@tailwindcss%2foxide set size:undefined disposed:false
736 silly fetch manifest optionator@^0.9.3
737 silly packumentCache full:https://registry.npmjs.org/optionator cache-miss
738 http fetch GET 200 https://registry.npmjs.org/chalk 242ms (cache revalidated)
739 silly packumentCache full:https://registry.npmjs.org/chalk set size:117861 disposed:false
740 silly fetch manifest cross-spawn@^7.0.6
741 silly packumentCache full:https://registry.npmjs.org/cross-spawn cache-miss
742 http fetch GET 200 https://registry.npmjs.org/debug 262ms (cache revalidated)
743 silly packumentCache full:https://registry.npmjs.org/debug set size:195840 disposed:false
744 silly fetch manifest glob-parent@^6.0.2
745 silly packumentCache full:https://registry.npmjs.org/glob-parent cache-miss
746 http fetch GET 200 https://registry.npmjs.org/espree 261ms (cache revalidated)
747 silly packumentCache full:https://registry.npmjs.org/espree set size:326080 disposed:false
748 silly fetch manifest imurmurhash@^0.1.4
749 silly packumentCache full:https://registry.npmjs.org/imurmurhash cache-miss
750 http fetch GET 200 https://registry.npmjs.org/ignore 224ms (cache revalidated)
751 silly packumentCache full:https://registry.npmjs.org/ignore set size:237380 disposed:false
752 silly fetch manifest @eslint/core@^0.17.0
753 silly packumentCache full:https://registry.npmjs.org/@eslint%2fcore cache-miss
754 http fetch GET 200 https://registry.npmjs.org/esutils 235ms (cache revalidated)
755 silly packumentCache full:https://registry.npmjs.org/esutils set size:29522 disposed:false
756 silly fetch manifest eslint-scope@^8.4.0
757 silly packumentCache full:https://registry.npmjs.org/eslint-scope cache-miss
758 http fetch GET 200 https://registry.npmjs.org/ajv 352ms (cache updated)
759 silly packumentCache full:https://registry.npmjs.org/ajv set size:undefined disposed:false
760 silly fetch manifest lodash.merge@^4.6.2
761 silly packumentCache full:https://registry.npmjs.org/lodash.merge cache-miss
762 http fetch GET 200 https://registry.npmjs.org/esquery 258ms (cache revalidated)
763 silly packumentCache full:https://registry.npmjs.org/esquery set size:48888 disposed:false
764 silly fetch manifest @humanfs/node@^0.16.6
765 silly packumentCache full:https://registry.npmjs.org/@humanfs%2fnode cache-miss
766 http fetch GET 200 https://registry.npmjs.org/find-up 239ms (cache revalidated)
767 silly packumentCache full:https://registry.npmjs.org/find-up set size:42620 disposed:false
768 silly fetch manifest @types/estree@^1.0.6
769 silly packumentCache full:https://registry.npmjs.org/@types%2festree cache-miss
770 http fetch GET 200 https://registry.npmjs.org/is-glob 235ms (cache revalidated)
771 silly packumentCache full:https://registry.npmjs.org/is-glob set size:40530 disposed:false
772 silly fetch manifest fast-deep-equal@^3.1.3
773 silly packumentCache full:https://registry.npmjs.org/fast-deep-equal cache-miss
774 http fetch GET 200 https://registry.npmjs.org/@swc%2fcore 896ms (cache miss)
775 silly packumentCache full:https://registry.npmjs.org/@swc%2fcore set size:undefined disposed:false
776 silly fetch manifest natural-compare@^1.4.0
777 silly packumentCache full:https://registry.npmjs.org/natural-compare cache-miss
778 http fetch GET 200 https://registry.npmjs.org/minimatch 248ms (cache revalidated)
779 silly packumentCache full:https://registry.npmjs.org/minimatch set size:375282 disposed:false
780 silly fetch manifest @eslint/eslintrc@^3.3.5
781 silly packumentCache full:https://registry.npmjs.org/@eslint%2feslintrc cache-miss
782 http fetch GET 200 https://registry.npmjs.org/optionator 236ms (cache revalidated)
783 silly packumentCache full:https://registry.npmjs.org/optionator set size:49651 disposed:false
784 silly fetch manifest file-entry-cache@^8.0.0
785 silly packumentCache full:https://registry.npmjs.org/file-entry-cache cache-miss
786 http fetch GET 200 https://registry.npmjs.org/cross-spawn 259ms (cache revalidated)
787 silly packumentCache full:https://registry.npmjs.org/cross-spawn set size:109066 disposed:false
788 silly fetch manifest @eslint/plugin-kit@^0.4.1
789 silly packumentCache full:https://registry.npmjs.org/@eslint%2fplugin-kit cache-miss
790 http fetch GET 200 https://registry.npmjs.org/glob-parent 244ms (cache revalidated)
791 silly packumentCache full:https://registry.npmjs.org/glob-parent set size:42445 disposed:false
792 silly fetch manifest eslint-visitor-keys@^4.2.1
793 silly packumentCache full:https://registry.npmjs.org/eslint-visitor-keys cache-miss
794 http fetch GET 200 https://registry.npmjs.org/@eslint%2fcore 245ms (cache revalidated)
795 silly packumentCache full:https://registry.npmjs.org/@eslint%2fcore set size:58023 disposed:false
796 silly fetch manifest @eslint/config-array@^0.21.2
797 silly packumentCache full:https://registry.npmjs.org/@eslint%2fconfig-array cache-miss
798 http fetch GET 200 https://registry.npmjs.org/@tailwindcss%2foxide 1216ms (cache miss)
799 silly packumentCache full:https://registry.npmjs.org/@tailwindcss%2foxide set size:undefined disposed:false
800 silly fetch manifest @humanwhocodes/retry@^0.4.2
801 silly packumentCache full:https://registry.npmjs.org/@humanwhocodes%2fretry cache-miss
802 http fetch GET 200 https://registry.npmjs.org/imurmurhash 266ms (cache revalidated)
803 silly packumentCache full:https://registry.npmjs.org/imurmurhash set size:35819 disposed:false
804 silly fetch manifest escape-string-regexp@^4.0.0
805 silly packumentCache full:https://registry.npmjs.org/escape-string-regexp cache-miss
806 http fetch GET 200 https://registry.npmjs.org/lodash.merge 227ms (cache revalidated)
807 silly packumentCache full:https://registry.npmjs.org/lodash.merge set size:78575 disposed:false
808 silly fetch manifest @eslint/config-helpers@^0.4.2
809 silly packumentCache full:https://registry.npmjs.org/@eslint%2fconfig-helpers cache-miss
810 http fetch GET 200 https://registry.npmjs.org/eslint-scope 239ms (cache revalidated)
811 silly packumentCache full:https://registry.npmjs.org/eslint-scope set size:98867 disposed:false
812 silly fetch manifest @eslint-community/regexpp@^4.12.1
813 silly packumentCache full:https://registry.npmjs.org/@eslint-community%2fregexpp cache-miss
814 http fetch GET 200 https://registry.npmjs.org/@types%2festree 235ms (cache revalidated)
815 silly packumentCache full:https://registry.npmjs.org/@types%2festree set size:74091 disposed:false
816 silly fetch manifest @eslint-community/eslint-utils@^4.8.0
817 silly packumentCache full:https://registry.npmjs.org/@eslint-community%2feslint-utils cache-miss
818 http fetch GET 200 https://registry.npmjs.org/@humanfs%2fnode 250ms (cache revalidated)
819 silly packumentCache full:https://registry.npmjs.org/@humanfs%2fnode set size:39629 disposed:false
820 silly fetch manifest @humanwhocodes/module-importer@^1.0.1
821 silly packumentCache full:https://registry.npmjs.org/@humanwhocodes%2fmodule-importer cache-miss
822 http fetch GET 200 https://registry.npmjs.org/@tailwindcss%2fnode 1352ms (cache miss)
823 silly packumentCache full:https://registry.npmjs.org/@tailwindcss%2fnode set size:undefined disposed:false
824 silly fetch manifest json-stable-stringify-without-jsonify@^1.0.1
825 silly packumentCache full:https://registry.npmjs.org/json-stable-stringify-without-jsonify cache-miss
826 http fetch GET 200 https://registry.npmjs.org/fast-deep-equal 252ms (cache revalidated)
827 silly packumentCache full:https://registry.npmjs.org/fast-deep-equal set size:48634 disposed:false
828 silly fetch manifest zod@^3.25.0 || ^4.0.0
829 silly packumentCache full:https://registry.npmjs.org/zod cache-miss
830 http cache https://registry.npmjs.org/zod 20ms (cache hit)
831 silly packumentCache full:https://registry.npmjs.org/zod set size:3489329 disposed:false
832 silly fetch manifest @babel/core@^7.24.4
833 silly packumentCache full:https://registry.npmjs.org/@babel%2fcore cache-miss
834 http fetch GET 200 https://registry.npmjs.org/natural-compare 269ms (cache revalidated)
835 silly packumentCache full:https://registry.npmjs.org/natural-compare set size:7852 disposed:false
836 silly fetch manifest @babel/parser@^7.24.4
837 silly packumentCache full:https://registry.npmjs.org/@babel%2fparser cache-miss
838 http fetch GET 200 https://registry.npmjs.org/file-entry-cache 245ms (cache revalidated)
839 silly packumentCache full:https://registry.npmjs.org/file-entry-cache set size:151480 disposed:false
840 silly fetch manifest hermes-parser@^0.25.1
841 silly packumentCache full:https://registry.npmjs.org/hermes-parser cache-miss
842 http fetch GET 200 https://registry.npmjs.org/@eslint%2feslintrc 292ms (cache revalidated)
843 silly packumentCache full:https://registry.npmjs.org/@eslint%2feslintrc set size:168674 disposed:false
844 silly fetch manifest zod-validation-error@^3.5.0 || ^4.0.0
845 silly packumentCache full:https://registry.npmjs.org/zod-validation-error cache-miss
846 http fetch GET 200 https://registry.npmjs.org/eslint-visitor-keys 248ms (cache revalidated)
847 silly packumentCache full:https://registry.npmjs.org/eslint-visitor-keys set size:69949 disposed:false
848 silly fetch manifest tslib@^2.4.0
849 silly packumentCache full:https://registry.npmjs.org/tslib cache-miss
850 http fetch GET 200 https://registry.npmjs.org/@eslint%2fplugin-kit 277ms (cache revalidated)
851 silly packumentCache full:https://registry.npmjs.org/@eslint%2fplugin-kit set size:73270 disposed:false
852 silly fetch manifest motion-dom@^12.38.0
853 silly packumentCache full:https://registry.npmjs.org/motion-dom cache-miss
854 http fetch GET 200 https://registry.npmjs.org/escape-string-regexp 256ms (cache revalidated)
855 silly packumentCache full:https://registry.npmjs.org/escape-string-regexp set size:22244 disposed:false
856 silly fetch manifest motion-utils@^12.36.0
857 silly packumentCache full:https://registry.npmjs.org/motion-utils cache-miss
858 http fetch GET 200 https://registry.npmjs.org/@eslint%2fconfig-array 289ms (cache revalidated)
859 silly packumentCache full:https://registry.npmjs.org/@eslint%2fconfig-array set size:74140 disposed:false
860 silly fetch manifest date-fns@^4.1.0
861 silly packumentCache full:https://registry.npmjs.org/date-fns cache-miss
862 http fetch GET 200 https://registry.npmjs.org/@eslint-community%2fregexpp 268ms (cache revalidated)
863 silly packumentCache full:https://registry.npmjs.org/@eslint-community%2fregexpp set size:106609 disposed:false
864 silly fetch manifest @date-fns/tz@^1.4.1
865 silly packumentCache full:https://registry.npmjs.org/@date-fns%2ftz cache-miss
866 http fetch GET 200 https://registry.npmjs.org/@humanwhocodes%2fretry 284ms (cache revalidated)
867 silly packumentCache full:https://registry.npmjs.org/@humanwhocodes%2fretry set size:42348 disposed:false
868 silly fetch manifest date-fns-jalali@4.1.0-0
869 silly packumentCache full:https://registry.npmjs.org/date-fns-jalali cache-miss
870 http fetch GET 200 https://registry.npmjs.org/@eslint%2fconfig-helpers 279ms (cache revalidated)
871 silly packumentCache full:https://registry.npmjs.org/@eslint%2fconfig-helpers set size:47979 disposed:false
872 silly fetch manifest @tabby_ai/hijri-converter@1.0.5
873 silly packumentCache full:https://registry.npmjs.org/@tabby_ai%2fhijri-converter cache-miss
874 http fetch GET 200 https://registry.npmjs.org/@humanwhocodes%2fmodule-importer 252ms (cache revalidated)
875 silly packumentCache full:https://registry.npmjs.org/@humanwhocodes%2fmodule-importer set size:9516 disposed:false
876 silly fetch manifest react-router@6.30.3
877 silly packumentCache full:https://registry.npmjs.org/react-router cache-miss
878 http cache https://registry.npmjs.org/date-fns 22ms (cache hit)
879 silly packumentCache full:https://registry.npmjs.org/date-fns set size:3443779 disposed:false
880 silly fetch manifest @remix-run/router@1.23.2
881 silly packumentCache full:https://registry.npmjs.org/@remix-run%2frouter cache-miss
882 http fetch GET 200 https://registry.npmjs.org/@eslint-community%2feslint-utils 293ms (cache revalidated)
883 silly packumentCache full:https://registry.npmjs.org/@eslint-community%2feslint-utils set size:93301 disposed:false
884 silly fetch manifest lodash@^4.17.21
885 silly packumentCache full:https://registry.npmjs.org/lodash cache-miss
886 http fetch GET 200 https://registry.npmjs.org/hermes-parser 296ms (cache miss)
887 silly packumentCache full:https://registry.npmjs.org/hermes-parser set size:undefined disposed:false
888 silly fetch manifest react-is@^18.3.1
889 silly packumentCache full:https://registry.npmjs.org/react-is cache-miss
890 http fetch GET 200 https://registry.npmjs.org/@babel%2fparser 384ms (cache miss)
891 silly packumentCache full:https://registry.npmjs.org/@babel%2fparser set size:undefined disposed:false
892 silly fetch manifest react-smooth@^4.0.4
893 silly packumentCache full:https://registry.npmjs.org/react-smooth cache-miss
894 http fetch GET 200 https://registry.npmjs.org/tslib 346ms (cache revalidated)
895 silly packumentCache full:https://registry.npmjs.org/tslib set size:108760 disposed:false
896 silly fetch manifest eventemitter3@^4.0.1
897 silly packumentCache full:https://registry.npmjs.org/eventemitter3 cache-miss
898 http fetch GET 200 https://registry.npmjs.org/zod-validation-error 362ms (cache miss)
899 silly packumentCache full:https://registry.npmjs.org/zod-validation-error set size:undefined disposed:false
900 silly fetch manifest recharts-scale@^0.4.4
901 silly packumentCache full:https://registry.npmjs.org/recharts-scale cache-miss
902 http fetch GET 200 https://registry.npmjs.org/@babel%2fcore 414ms (cache miss)
903 silly packumentCache full:https://registry.npmjs.org/@babel%2fcore set size:undefined disposed:false
904 silly fetch manifest tiny-invariant@^1.3.1
905 silly packumentCache full:https://registry.npmjs.org/tiny-invariant cache-miss
906 http fetch GET 200 https://registry.npmjs.org/motion-utils 296ms (cache miss)
907 silly packumentCache full:https://registry.npmjs.org/motion-utils set size:undefined disposed:false
908 silly fetch manifest victory-vendor@^36.6.8
909 silly packumentCache full:https://registry.npmjs.org/victory-vendor cache-miss
910 http fetch GET 200 https://registry.npmjs.org/@date-fns%2ftz 286ms (cache miss)
911 silly packumentCache full:https://registry.npmjs.org/@date-fns%2ftz set size:undefined disposed:false
912 silly fetch manifest @typescript-eslint/utils@8.59.0
913 silly packumentCache full:https://registry.npmjs.org/@typescript-eslint%2futils cache-miss
914 http fetch GET 200 https://registry.npmjs.org/@tabby_ai%2fhijri-converter 310ms (cache miss)
915 silly packumentCache full:https://registry.npmjs.org/@tabby_ai%2fhijri-converter set size:undefined disposed:false
916 silly fetch manifest @typescript-eslint/parser@8.59.0
917 silly packumentCache full:https://registry.npmjs.org/@typescript-eslint%2fparser cache-miss
918 http fetch GET 200 https://registry.npmjs.org/lodash 343ms (cache miss)
919 silly packumentCache full:https://registry.npmjs.org/lodash set size:undefined disposed:false
920 silly fetch manifest @typescript-eslint/eslint-plugin@8.59.0
921 silly packumentCache full:https://registry.npmjs.org/@typescript-eslint%2feslint-plugin cache-miss
922 http fetch GET 200 https://registry.npmjs.org/@remix-run%2frouter 385ms (cache miss)
923 silly packumentCache full:https://registry.npmjs.org/@remix-run%2frouter set size:undefined disposed:false
924 silly fetch manifest @typescript-eslint/typescript-estree@8.59.0
925 silly packumentCache full:https://registry.npmjs.org/@typescript-eslint%2ftypescript-estree cache-miss
926 http fetch GET 200 https://registry.npmjs.org/json-stable-stringify-without-jsonify 864ms (cache revalidated)
927 silly packumentCache full:https://registry.npmjs.org/json-stable-stringify-without-jsonify set size:5808 disposed:false
928 silly fetch manifest use-sync-external-store@^1.2.2
929 silly packumentCache full:https://registry.npmjs.org/use-sync-external-store cache-miss
930 http fetch GET 200 https://registry.npmjs.org/motion-dom 723ms (cache miss)
931 silly packumentCache full:https://registry.npmjs.org/motion-dom set size:undefined disposed:false
932 http fetch GET 200 https://registry.npmjs.org/recharts-scale 404ms (cache miss)
933 silly packumentCache full:https://registry.npmjs.org/recharts-scale set size:undefined disposed:false
934 http fetch GET 200 https://registry.npmjs.org/react-smooth 686ms (cache miss)
935 silly packumentCache full:https://registry.npmjs.org/react-smooth set size:undefined disposed:false
936 http fetch GET 200 https://registry.npmjs.org/victory-vendor 708ms (cache miss)
937 silly packumentCache full:https://registry.npmjs.org/victory-vendor set size:undefined disposed:false
938 http fetch GET 200 https://registry.npmjs.org/date-fns-jalali 983ms (cache miss)
939 silly packumentCache full:https://registry.npmjs.org/date-fns-jalali set size:undefined disposed:false
940 http fetch GET 200 https://registry.npmjs.org/react-router 1038ms (cache miss)
941 silly packumentCache full:https://registry.npmjs.org/react-router set size:undefined disposed:false
942 http fetch GET 200 https://registry.npmjs.org/eventemitter3 943ms (cache miss)
943 silly packumentCache full:https://registry.npmjs.org/eventemitter3 set size:undefined disposed:false
944 http fetch GET 200 https://registry.npmjs.org/tiny-invariant 954ms (cache miss)
945 silly packumentCache full:https://registry.npmjs.org/tiny-invariant set size:undefined disposed:false
946 http fetch GET 200 https://registry.npmjs.org/react-is 1139ms (cache miss)
947 silly packumentCache full:https://registry.npmjs.org/react-is set size:undefined disposed:false
948 http fetch GET 200 https://registry.npmjs.org/@radix-ui%2freact-compose-refs 6416ms (cache miss)
949 silly packumentCache full:https://registry.npmjs.org/@radix-ui%2freact-compose-refs set size:undefined disposed:false
950 silly packumentCache full:https://registry.npmjs.org/@radix-ui%2freact-compose-refs dispose
951 http fetch GET 200 https://registry.npmjs.org/@typescript-eslint%2ftypescript-estree 2333ms (cache updated)
952 silly packumentCache full:https://registry.npmjs.org/@typescript-eslint%2ftypescript-estree set size:undefined disposed:false
953 http fetch GET 200 https://registry.npmjs.org/@typescript-eslint%2futils 2541ms (cache updated)
954 silly packumentCache full:https://registry.npmjs.org/@typescript-eslint%2futils set size:undefined disposed:false
955 http fetch GET 200 https://registry.npmjs.org/@typescript-eslint%2fparser 4215ms (cache updated)
956 silly packumentCache full:https://registry.npmjs.org/@typescript-eslint%2fparser set size:undefined disposed:false
957 http fetch GET 200 https://registry.npmjs.org/@typescript-eslint%2feslint-plugin 4215ms (cache updated)
958 silly packumentCache full:https://registry.npmjs.org/@typescript-eslint%2feslint-plugin set size:undefined disposed:false
959 http fetch GET 200 https://registry.npmjs.org/use-sync-external-store 4866ms (cache miss)
960 silly packumentCache full:https://registry.npmjs.org/use-sync-external-store set size:undefined disposed:false
961 silly fetch manifest @types/react@*
962 silly packumentCache full:https://registry.npmjs.org/@types%2freact cache-miss
963 http cache https://registry.npmjs.org/@types%2freact 14ms (cache hit)
964 silly packumentCache full:https://registry.npmjs.org/@types%2freact set size:2588964 disposed:false
965 silly fetch manifest react@^16.8 || ^17.0 || ^18.0 || ^19.0 || ^19.0.0-rc
966 silly packumentCache full:https://registry.npmjs.org/react cache-miss
967 http cache https://registry.npmjs.org/react 18ms (cache hit)
968 silly packumentCache full:https://registry.npmjs.org/react set size:6625721 disposed:false
969 silly fetch manifest @types/react-dom@*
970 silly packumentCache full:https://registry.npmjs.org/@types%2freact-dom cache-miss
971 http cache https://registry.npmjs.org/@types%2freact-dom 11ms (cache hit)
972 silly packumentCache full:https://registry.npmjs.org/@types%2freact-dom set size:429026 disposed:false
973 silly fetch manifest react-dom@^16.8 || ^17.0 || ^18.0 || ^19.0 || ^19.0.0-rc
974 silly packumentCache full:https://registry.npmjs.org/react-dom cache-miss
975 http cache https://registry.npmjs.org/react-dom 25ms (cache hit)
976 silly packumentCache full:https://registry.npmjs.org/react-dom set size:8826021 disposed:false
977 silly placeDep ROOT @radix-ui/primitive@1.1.3 OK for: @radix-ui/react-accordion@1.2.12 want: 1.1.3
978 silly placeDep ROOT @radix-ui/react-collection@1.1.7 OK for: @radix-ui/react-accordion@1.2.12 want: 1.1.7
979 silly placeDep ROOT @radix-ui/react-compose-refs@1.1.2 OK for: @radix-ui/react-accordion@1.2.12 want: 1.1.2
980 silly placeDep ROOT @radix-ui/react-context@1.1.2 OK for: @radix-ui/react-accordion@1.2.12 want: 1.1.2
981 silly placeDep ROOT @radix-ui/react-direction@1.1.1 OK for: @radix-ui/react-accordion@1.2.12 want: 1.1.1
982 silly placeDep ROOT @radix-ui/react-id@1.1.1 OK for: @radix-ui/react-accordion@1.2.12 want: 1.1.1
983 silly placeDep ROOT @radix-ui/react-primitive@2.1.3 OK for: @radix-ui/react-accordion@1.2.12 want: 2.1.3
984 silly placeDep ROOT @radix-ui/react-use-controllable-state@1.2.2 OK for: @radix-ui/react-accordion@1.2.12 want: 1.2.2
985 silly fetch manifest @radix-ui/react-use-effect-event@0.0.2
986 silly packumentCache full:https://registry.npmjs.org/@radix-ui%2freact-use-effect-event cache-miss
987 http fetch GET 200 https://registry.npmjs.org/@radix-ui%2freact-use-effect-event 306ms (cache miss)
988 silly packumentCache full:https://registry.npmjs.org/@radix-ui%2freact-use-effect-event set size:undefined disposed:false
989 silly placeDep node_modules/@radix-ui/react-alert-dialog @radix-ui/react-slot@1.2.3 OK for: @radix-ui/react-alert-dialog@1.1.15 want: 1.2.3
990 silly placeDep node_modules/@radix-ui/react-aspect-ratio @radix-ui/react-primitive@2.1.4 OK for: @radix-ui/react-aspect-ratio@1.1.8 want: 2.1.4
991 silly placeDep node_modules/@radix-ui/react-avatar @radix-ui/react-context@1.1.3 OK for: @radix-ui/react-avatar@1.1.11 want: 1.1.3
992 silly placeDep node_modules/@radix-ui/react-avatar @radix-ui/react-primitive@2.1.4 OK for: @radix-ui/react-avatar@1.1.11 want: 2.1.4
993 silly placeDep ROOT @radix-ui/react-use-callback-ref@1.1.1 OK for: @radix-ui/react-avatar@1.1.11 want: 1.1.1
994 silly placeDep ROOT @radix-ui/react-use-is-hydrated@0.1.0 OK for: @radix-ui/react-avatar@1.1.11 want: 0.1.0
995 silly placeDep ROOT @radix-ui/react-use-layout-effect@1.1.1 OK for: @radix-ui/react-avatar@1.1.11 want: 1.1.1
996 silly fetch manifest use-sync-external-store@^1.5.0
997 silly packumentCache full:https://registry.npmjs.org/use-sync-external-store cache-miss
998 http cache https://registry.npmjs.org/use-sync-external-store 53ms (cache hit)
999 silly packumentCache full:https://registry.npmjs.org/use-sync-external-store set size:4653071 disposed:false
1000 silly placeDep ROOT @radix-ui/react-presence@1.1.5 OK for: @radix-ui/react-checkbox@1.3.3 want: 1.1.5
1001 silly placeDep ROOT @radix-ui/react-use-previous@1.1.1 OK for: @radix-ui/react-checkbox@1.3.3 want: 1.1.1
1002 silly placeDep ROOT @radix-ui/react-use-size@1.1.1 OK for: @radix-ui/react-checkbox@1.3.3 want: 1.1.1
1003 silly placeDep node_modules/@radix-ui/react-collection @radix-ui/react-slot@1.2.3 OK for: @radix-ui/react-collection@1.1.7 want: 1.2.3
1004 silly placeDep ROOT @radix-ui/react-menu@2.1.16 OK for: @radix-ui/react-context-menu@2.2.16 want: 2.1.16
1005 silly placeDep ROOT @radix-ui/react-dismissable-layer@1.1.11 OK for: @radix-ui/react-dialog@1.1.15 want: 1.1.11
1006 silly placeDep ROOT @radix-ui/react-focus-guards@1.1.3 OK for: @radix-ui/react-dialog@1.1.15 want: 1.1.3
1007 silly placeDep ROOT @radix-ui/react-focus-scope@1.1.7 OK for: @radix-ui/react-dialog@1.1.15 want: 1.1.7
1008 silly placeDep ROOT @radix-ui/react-portal@1.1.9 OK for: @radix-ui/react-dialog@1.1.15 want: 1.1.9
1009 silly placeDep node_modules/@radix-ui/react-dialog @radix-ui/react-slot@1.2.3 OK for: @radix-ui/react-dialog@1.1.15 want: 1.2.3
1010 silly placeDep ROOT aria-hidden@1.2.6 OK for: @radix-ui/react-dialog@1.1.15 want: ^1.2.4
1011 silly placeDep ROOT react-remove-scroll@2.7.2 OK for: @radix-ui/react-dialog@1.1.15 want: ^2.6.3
1012 silly fetch manifest @radix-ui/react-use-escape-keydown@1.1.1
1013 silly packumentCache full:https://registry.npmjs.org/@radix-ui%2freact-use-escape-keydown cache-miss
1014 silly fetch manifest tslib@^2.0.0
1015 silly packumentCache full:https://registry.npmjs.org/tslib cache-hit
1016 silly fetch manifest react-remove-scroll-bar@^2.3.7
1017 silly packumentCache full:https://registry.npmjs.org/react-remove-scroll-bar cache-miss
1018 silly fetch manifest react-style-singleton@^2.2.3
1019 silly packumentCache full:https://registry.npmjs.org/react-style-singleton cache-miss
1020 silly fetch manifest tslib@^2.1.0
1021 silly packumentCache full:https://registry.npmjs.org/tslib cache-hit
1022 silly fetch manifest use-callback-ref@^1.3.3
1023 silly packumentCache full:https://registry.npmjs.org/use-callback-ref cache-miss
1024 silly fetch manifest use-sidecar@^1.1.3
1025 silly packumentCache full:https://registry.npmjs.org/use-sidecar cache-miss
1026 http fetch GET 200 https://registry.npmjs.org/react-style-singleton 241ms (cache miss)
1027 silly packumentCache full:https://registry.npmjs.org/react-style-singleton set size:undefined disposed:false
1028 http fetch GET 200 https://registry.npmjs.org/use-callback-ref 275ms (cache miss)
1029 silly packumentCache full:https://registry.npmjs.org/use-callback-ref set size:undefined disposed:false
1030 http fetch GET 200 https://registry.npmjs.org/use-sidecar 277ms (cache miss)
1031 silly packumentCache full:https://registry.npmjs.org/use-sidecar set size:undefined disposed:false
1032 http fetch GET 200 https://registry.npmjs.org/react-remove-scroll-bar 279ms (cache miss)
1033 silly packumentCache full:https://registry.npmjs.org/react-remove-scroll-bar set size:undefined disposed:false
1034 http fetch GET 200 https://registry.npmjs.org/@radix-ui%2freact-use-escape-keydown 360ms (cache miss)
1035 silly packumentCache full:https://registry.npmjs.org/@radix-ui%2freact-use-escape-keydown set size:undefined disposed:false
1036 silly placeDep ROOT @radix-ui/react-use-escape-keydown@1.1.1 OK for: @radix-ui/react-dismissable-layer@1.1.11 want: 1.1.1
1037 silly placeDep ROOT @radix-ui/react-popper@1.2.8 OK for: @radix-ui/react-hover-card@1.1.15 want: 1.2.8
1038 silly fetch manifest @radix-ui/rect@1.1.1
1039 silly packumentCache full:https://registry.npmjs.org/@radix-ui%2frect cache-miss
1040 silly fetch manifest @radix-ui/react-arrow@1.1.7
1041 silly packumentCache full:https://registry.npmjs.org/@radix-ui%2freact-arrow cache-miss
1042 silly fetch manifest @floating-ui/react-dom@^2.0.0
1043 silly packumentCache full:https://registry.npmjs.org/@floating-ui%2freact-dom cache-miss
1044 silly fetch manifest @radix-ui/react-use-rect@1.1.1
1045 silly packumentCache full:https://registry.npmjs.org/@radix-ui%2freact-use-rect cache-miss
1046 http fetch GET 200 https://registry.npmjs.org/@floating-ui%2freact-dom 297ms (cache miss)
1047 silly packumentCache full:https://registry.npmjs.org/@floating-ui%2freact-dom set size:undefined disposed:false
1048 http fetch GET 200 https://registry.npmjs.org/@radix-ui%2frect 317ms (cache miss)
1049 silly packumentCache full:https://registry.npmjs.org/@radix-ui%2frect set size:undefined disposed:false
1050 http fetch GET 200 https://registry.npmjs.org/@radix-ui%2freact-use-rect 382ms (cache miss)
1051 silly packumentCache full:https://registry.npmjs.org/@radix-ui%2freact-use-rect set size:undefined disposed:false
1052 http fetch GET 200 https://registry.npmjs.org/@radix-ui%2freact-arrow 412ms (cache miss)
1053 silly packumentCache full:https://registry.npmjs.org/@radix-ui%2freact-arrow set size:undefined disposed:false
1054 silly placeDep node_modules/@radix-ui/react-label @radix-ui/react-primitive@2.1.4 OK for: @radix-ui/react-label@2.1.8 want: 2.1.4
1055 silly placeDep ROOT @radix-ui/react-roving-focus@1.1.11 OK for: @radix-ui/react-menu@2.1.16 want: 1.1.11
1056 silly placeDep node_modules/@radix-ui/react-menu @radix-ui/react-slot@1.2.3 OK for: @radix-ui/react-menu@2.1.16 want: 1.2.3
1057 silly placeDep ROOT @radix-ui/react-visually-hidden@1.2.3 OK for: @radix-ui/react-navigation-menu@1.2.14 want: 1.2.3
1058 silly placeDep node_modules/@radix-ui/react-popover @radix-ui/react-slot@1.2.3 OK for: @radix-ui/react-popover@1.1.15 want: 1.2.3
1059 silly placeDep ROOT @floating-ui/react-dom@2.1.8 OK for: @radix-ui/react-popper@1.2.8 want: ^2.0.0
1060 silly placeDep ROOT @radix-ui/react-arrow@1.1.7 OK for: @radix-ui/react-popper@1.2.8 want: 1.1.7
1061 silly placeDep ROOT @radix-ui/react-use-rect@1.1.1 OK for: @radix-ui/react-popper@1.2.8 want: 1.1.1
1062 silly placeDep ROOT @radix-ui/rect@1.1.1 OK for: @radix-ui/react-popper@1.2.8 want: 1.1.1
1063 silly fetch manifest @floating-ui/dom@^1.7.6
1064 silly packumentCache full:https://registry.npmjs.org/@floating-ui%2fdom cache-miss
1065 http fetch GET 200 https://registry.npmjs.org/@floating-ui%2fdom 349ms (cache miss)
1066 silly packumentCache full:https://registry.npmjs.org/@floating-ui%2fdom set size:undefined disposed:false
1067 silly placeDep ROOT @floating-ui/dom@1.7.6 OK for: @floating-ui/react-dom@2.1.8 want: ^1.7.6
1068 silly fetch manifest @floating-ui/core@^1.7.5
1069 silly packumentCache full:https://registry.npmjs.org/@floating-ui%2fcore cache-miss
1070 silly fetch manifest @floating-ui/utils@^0.2.11
1071 silly packumentCache full:https://registry.npmjs.org/@floating-ui%2futils cache-miss
1072 http fetch GET 200 https://registry.npmjs.org/@floating-ui%2futils 353ms (cache miss)
1073 silly packumentCache full:https://registry.npmjs.org/@floating-ui%2futils set size:undefined disposed:false
1074 http fetch GET 200 https://registry.npmjs.org/@floating-ui%2fcore 698ms (cache miss)
1075 silly packumentCache full:https://registry.npmjs.org/@floating-ui%2fcore set size:undefined disposed:false
1076 silly placeDep ROOT @floating-ui/core@1.7.5 OK for: @floating-ui/dom@1.7.6 want: ^1.7.5
1077 silly placeDep ROOT @floating-ui/utils@0.2.11 OK for: @floating-ui/dom@1.7.6 want: ^0.2.11
1078 silly placeDep node_modules/@radix-ui/react-primitive @radix-ui/react-slot@1.2.3 OK for: @radix-ui/react-primitive@2.1.3 want: 1.2.3
1079 silly placeDep node_modules/@radix-ui/react-progress @radix-ui/react-context@1.1.3 OK for: @radix-ui/react-progress@1.1.8 want: 1.1.3
1080 silly placeDep node_modules/@radix-ui/react-progress @radix-ui/react-primitive@2.1.4 OK for: @radix-ui/react-progress@1.1.8 want: 2.1.4
1081 silly placeDep ROOT @radix-ui/number@1.1.1 OK for: @radix-ui/react-scroll-area@1.2.10 want: 1.1.1
1082 silly placeDep node_modules/@radix-ui/react-select @radix-ui/react-slot@1.2.3 OK for: @radix-ui/react-select@2.2.6 want: 1.2.3
1083 silly placeDep node_modules/@radix-ui/react-separator @radix-ui/react-primitive@2.1.4 OK for: @radix-ui/react-separator@1.1.8 want: 2.1.4
1084 silly placeDep node_modules/@radix-ui/react-tooltip @radix-ui/react-slot@1.2.3 OK for: @radix-ui/react-tooltip@1.2.8 want: 1.2.3
1085 silly placeDep ROOT @radix-ui/react-use-effect-event@0.0.2 OK for: @radix-ui/react-use-controllable-state@1.2.2 want: 0.0.2
1086 silly placeDep ROOT use-sync-external-store@1.6.0 OK for: @radix-ui/react-use-is-hydrated@0.1.0 want: ^1.5.0
1087 silly placeDep ROOT @alloc/quick-lru@5.2.0 OK for: @tailwindcss/postcss@4.2.4 want: ^5.2.0
1088 silly placeDep ROOT @tailwindcss/node@4.2.4 OK for: @tailwindcss/postcss@4.2.4 want: 4.2.4
1089 silly placeDep ROOT @tailwindcss/oxide@4.2.4 OK for: @tailwindcss/postcss@4.2.4 want: 4.2.4
1090 silly placeDep ROOT postcss@8.5.12 OK for: @tailwindcss/postcss@4.2.4 want: ^8.5.6
1091 silly fetch manifest jiti@^2.6.1
1092 silly packumentCache full:https://registry.npmjs.org/jiti cache-hit
1093 silly fetch manifest lightningcss@1.32.0
1094 silly packumentCache full:https://registry.npmjs.org/lightningcss cache-miss
1095 silly fetch manifest magic-string@^0.30.21
1096 silly packumentCache full:https://registry.npmjs.org/magic-string cache-miss
1097 silly fetch manifest source-map-js@^1.2.1
1098 silly packumentCache full:https://registry.npmjs.org/source-map-js cache-miss
1099 silly fetch manifest enhanced-resolve@^5.19.0
1100 silly packumentCache full:https://registry.npmjs.org/enhanced-resolve cache-miss
1101 silly fetch manifest @jridgewell/remapping@^2.3.5
1102 silly packumentCache full:https://registry.npmjs.org/@jridgewell%2fremapping cache-miss
1103 silly fetch manifest @tailwindcss/oxide-darwin-x64@4.2.4
1104 silly packumentCache full:https://registry.npmjs.org/@tailwindcss%2foxide-darwin-x64 cache-miss
1105 silly fetch manifest @tailwindcss/oxide-freebsd-x64@4.2.4
1106 silly packumentCache full:https://registry.npmjs.org/@tailwindcss%2foxide-freebsd-x64 cache-miss
1107 silly fetch manifest @tailwindcss/oxide-wasm32-wasi@4.2.4
1108 silly packumentCache full:https://registry.npmjs.org/@tailwindcss%2foxide-wasm32-wasi cache-miss
1109 silly fetch manifest @tailwindcss/oxide-darwin-arm64@4.2.4
1110 silly packumentCache full:https://registry.npmjs.org/@tailwindcss%2foxide-darwin-arm64 cache-miss
1111 silly fetch manifest @tailwindcss/oxide-android-arm64@4.2.4
1112 silly packumentCache full:https://registry.npmjs.org/@tailwindcss%2foxide-android-arm64 cache-miss
1113 silly fetch manifest @tailwindcss/oxide-linux-x64-gnu@4.2.4
1114 silly packumentCache full:https://registry.npmjs.org/@tailwindcss%2foxide-linux-x64-gnu cache-miss
1115 silly fetch manifest @tailwindcss/oxide-linux-x64-musl@4.2.4
1116 silly packumentCache full:https://registry.npmjs.org/@tailwindcss%2foxide-linux-x64-musl cache-miss
1117 silly fetch manifest @tailwindcss/oxide-win32-x64-msvc@4.2.4
1118 silly packumentCache full:https://registry.npmjs.org/@tailwindcss%2foxide-win32-x64-msvc cache-miss
1119 silly fetch manifest @tailwindcss/oxide-linux-arm64-gnu@4.2.4
1120 silly packumentCache full:https://registry.npmjs.org/@tailwindcss%2foxide-linux-arm64-gnu cache-miss
1121 silly fetch manifest @tailwindcss/oxide-linux-arm64-musl@4.2.4
1122 silly packumentCache full:https://registry.npmjs.org/@tailwindcss%2foxide-linux-arm64-musl cache-miss
1123 http cache https://registry.npmjs.org/lightningcss 17ms (cache hit)
1124 silly packumentCache full:https://registry.npmjs.org/lightningcss set size:186753 disposed:false
1125 silly fetch manifest @tailwindcss/oxide-win32-arm64-msvc@4.2.4
1126 silly packumentCache full:https://registry.npmjs.org/@tailwindcss%2foxide-win32-arm64-msvc cache-miss
1127 http fetch GET 200 https://registry.npmjs.org/@jridgewell%2fremapping 286ms (cache miss)
1128 silly packumentCache full:https://registry.npmjs.org/@jridgewell%2fremapping set size:undefined disposed:false
1129 silly fetch manifest @tailwindcss/oxide-linux-arm-gnueabihf@4.2.4
1130 silly packumentCache full:https://registry.npmjs.org/@tailwindcss%2foxide-linux-arm-gnueabihf cache-miss
1131 http fetch GET 200 https://registry.npmjs.org/source-map-js 317ms (cache miss)
1132 silly packumentCache full:https://registry.npmjs.org/source-map-js set size:undefined disposed:false
1133 silly fetch manifest nanoid@^3.3.11
1134 silly packumentCache full:https://registry.npmjs.org/nanoid cache-miss
1135 http fetch GET 200 https://registry.npmjs.org/magic-string 322ms (cache miss)
1136 silly packumentCache full:https://registry.npmjs.org/magic-string set size:undefined disposed:false
1137 silly fetch manifest picocolors@^1.1.1
1138 silly packumentCache full:https://registry.npmjs.org/picocolors cache-miss
1139 http fetch GET 200 https://registry.npmjs.org/picocolors 400ms (cache miss)
1140 silly packumentCache full:https://registry.npmjs.org/picocolors set size:undefined disposed:false
1141 http fetch GET 200 https://registry.npmjs.org/@tailwindcss%2foxide-android-arm64 1170ms (cache miss)
1142 silly packumentCache full:https://registry.npmjs.org/@tailwindcss%2foxide-android-arm64 set size:undefined disposed:false
1143 http fetch GET 200 https://registry.npmjs.org/@tailwindcss%2foxide-linux-arm64-gnu 1199ms (cache miss)
1144 silly packumentCache full:https://registry.npmjs.org/@tailwindcss%2foxide-linux-arm64-gnu set size:undefined disposed:false
1145 http fetch GET 200 https://registry.npmjs.org/@tailwindcss%2foxide-win32-arm64-msvc 1197ms (cache miss)
1146 silly packumentCache full:https://registry.npmjs.org/@tailwindcss%2foxide-win32-arm64-msvc set size:undefined disposed:false
1147 http fetch GET 200 https://registry.npmjs.org/enhanced-resolve 1224ms (cache miss)
1148 silly packumentCache full:https://registry.npmjs.org/enhanced-resolve set size:undefined disposed:false
1149 http fetch GET 200 https://registry.npmjs.org/@tailwindcss%2foxide-darwin-arm64 1228ms (cache miss)
1150 silly packumentCache full:https://registry.npmjs.org/@tailwindcss%2foxide-darwin-arm64 set size:undefined disposed:false
1151 http fetch GET 200 https://registry.npmjs.org/@tailwindcss%2foxide-linux-arm-gnueabihf 957ms (cache miss)
1152 silly packumentCache full:https://registry.npmjs.org/@tailwindcss%2foxide-linux-arm-gnueabihf set size:undefined disposed:false
1153 http fetch GET 200 https://registry.npmjs.org/nanoid 939ms (cache miss)
1154 silly packumentCache full:https://registry.npmjs.org/nanoid set size:undefined disposed:false
1155 http fetch GET 200 https://registry.npmjs.org/@tailwindcss%2foxide-darwin-x64 1268ms (cache miss)
1156 silly packumentCache full:https://registry.npmjs.org/@tailwindcss%2foxide-darwin-x64 set size:undefined disposed:false
1157 http fetch GET 200 https://registry.npmjs.org/@tailwindcss%2foxide-wasm32-wasi 1282ms (cache miss)
1158 silly packumentCache full:https://registry.npmjs.org/@tailwindcss%2foxide-wasm32-wasi set size:undefined disposed:false
1159 http fetch GET 200 https://registry.npmjs.org/@tailwindcss%2foxide-linux-arm64-musl 1299ms (cache miss)
1160 silly packumentCache full:https://registry.npmjs.org/@tailwindcss%2foxide-linux-arm64-musl set size:undefined disposed:false
1161 http fetch GET 200 https://registry.npmjs.org/@tailwindcss%2foxide-linux-x64-gnu 1484ms (cache miss)
1162 silly packumentCache full:https://registry.npmjs.org/@tailwindcss%2foxide-linux-x64-gnu set size:undefined disposed:false
1163 http fetch GET 200 https://registry.npmjs.org/@tailwindcss%2foxide-freebsd-x64 1570ms (cache miss)
1164 silly packumentCache full:https://registry.npmjs.org/@tailwindcss%2foxide-freebsd-x64 set size:undefined disposed:false
1165 http fetch GET 200 https://registry.npmjs.org/@tailwindcss%2foxide-win32-x64-msvc 1768ms (cache miss)
1166 silly packumentCache full:https://registry.npmjs.org/@tailwindcss%2foxide-win32-x64-msvc set size:undefined disposed:false
1167 http fetch GET 200 https://registry.npmjs.org/@tailwindcss%2foxide-linux-x64-musl 2165ms (cache miss)
1168 silly packumentCache full:https://registry.npmjs.org/@tailwindcss%2foxide-linux-x64-musl set size:undefined disposed:false
1169 silly placeDep ROOT @jridgewell/remapping@2.3.5 OK for: @tailwindcss/node@4.2.4 want: ^2.3.5
1170 silly placeDep ROOT enhanced-resolve@5.21.0 OK for: @tailwindcss/node@4.2.4 want: ^5.19.0
1171 silly placeDep ROOT jiti@2.6.1 OK for: @tailwindcss/node@4.2.4 want: ^2.6.1
1172 silly placeDep ROOT lightningcss@1.32.0 OK for: @tailwindcss/node@4.2.4 want: 1.32.0
1173 silly placeDep ROOT magic-string@0.30.21 OK for: @tailwindcss/node@4.2.4 want: ^0.30.21
1174 silly placeDep ROOT source-map-js@1.2.1 OK for: @tailwindcss/node@4.2.4 want: ^1.2.1
1175 silly fetch manifest @jridgewell/gen-mapping@^0.3.5
1176 silly packumentCache full:https://registry.npmjs.org/@jridgewell%2fgen-mapping cache-miss
1177 silly fetch manifest @jridgewell/trace-mapping@^0.3.24
1178 silly packumentCache full:https://registry.npmjs.org/@jridgewell%2ftrace-mapping cache-miss
1179 silly fetch manifest graceful-fs@^4.2.4
1180 silly packumentCache full:https://registry.npmjs.org/graceful-fs cache-miss
1181 silly fetch manifest tapable@^2.3.3
1182 silly packumentCache full:https://registry.npmjs.org/tapable cache-miss
1183 silly fetch manifest detect-libc@^2.0.3
1184 silly packumentCache full:https://registry.npmjs.org/detect-libc cache-miss
1185 silly fetch manifest lightningcss-darwin-x64@1.32.0
1186 silly packumentCache full:https://registry.npmjs.org/lightningcss-darwin-x64 cache-miss
1187 silly fetch manifest lightningcss-linux-x64-gnu@1.32.0
1188 silly packumentCache full:https://registry.npmjs.org/lightningcss-linux-x64-gnu cache-miss
1189 silly fetch manifest lightningcss-win32-x64-msvc@1.32.0
1190 silly packumentCache full:https://registry.npmjs.org/lightningcss-win32-x64-msvc cache-miss
1191 silly fetch manifest lightningcss-win32-arm64-msvc@1.32.0
1192 silly packumentCache full:https://registry.npmjs.org/lightningcss-win32-arm64-msvc cache-miss
1193 silly fetch manifest lightningcss-darwin-arm64@1.32.0
1194 silly packumentCache full:https://registry.npmjs.org/lightningcss-darwin-arm64 cache-miss
1195 silly fetch manifest lightningcss-linux-arm64-gnu@1.32.0
1196 silly packumentCache full:https://registry.npmjs.org/lightningcss-linux-arm64-gnu cache-miss
1197 silly fetch manifest lightningcss-linux-arm-gnueabihf@1.32.0
1198 silly packumentCache full:https://registry.npmjs.org/lightningcss-linux-arm-gnueabihf cache-miss
1199 silly fetch manifest lightningcss-linux-arm64-musl@1.32.0
1200 silly packumentCache full:https://registry.npmjs.org/lightningcss-linux-arm64-musl cache-miss
1201 silly fetch manifest lightningcss-linux-x64-musl@1.32.0
1202 silly packumentCache full:https://registry.npmjs.org/lightningcss-linux-x64-musl cache-miss
1203 silly fetch manifest lightningcss-freebsd-x64@1.32.0
1204 silly packumentCache full:https://registry.npmjs.org/lightningcss-freebsd-x64 cache-miss
1205 http fetch GET 200 https://registry.npmjs.org/lightningcss-linux-x64-musl 254ms (cache miss)
1206 silly packumentCache full:https://registry.npmjs.org/lightningcss-linux-x64-musl set size:undefined disposed:false
1207 silly fetch manifest lightningcss-android-arm64@1.32.0
1208 silly packumentCache full:https://registry.npmjs.org/lightningcss-android-arm64 cache-miss
1209 http fetch GET 200 https://registry.npmjs.org/lightningcss-win32-x64-msvc 260ms (cache miss)
1210 silly packumentCache full:https://registry.npmjs.org/lightningcss-win32-x64-msvc set size:undefined disposed:false
1211 silly fetch manifest @jridgewell/sourcemap-codec@^1.5.5
1212 silly packumentCache full:https://registry.npmjs.org/@jridgewell%2fsourcemap-codec cache-miss
1213 http fetch GET 200 https://registry.npmjs.org/graceful-fs 288ms (cache miss)
1214 silly packumentCache full:https://registry.npmjs.org/graceful-fs set size:undefined disposed:false
1215 http fetch GET 200 https://registry.npmjs.org/lightningcss-freebsd-x64 295ms (cache miss)
1216 silly packumentCache full:https://registry.npmjs.org/lightningcss-freebsd-x64 set size:undefined disposed:false
1217 http fetch GET 200 https://registry.npmjs.org/lightningcss-linux-arm64-musl 296ms (cache miss)
1218 silly packumentCache full:https://registry.npmjs.org/lightningcss-linux-arm64-musl set size:undefined disposed:false
1219 http fetch GET 200 https://registry.npmjs.org/detect-libc 301ms (cache revalidated)
1220 silly packumentCache full:https://registry.npmjs.org/detect-libc set size:47861 disposed:false
1221 http fetch GET 200 https://registry.npmjs.org/lightningcss-win32-arm64-msvc 302ms (cache miss)
1222 silly packumentCache full:https://registry.npmjs.org/lightningcss-win32-arm64-msvc set size:undefined disposed:false
1223 http fetch GET 200 https://registry.npmjs.org/lightningcss-darwin-x64 303ms (cache miss)
1224 silly packumentCache full:https://registry.npmjs.org/lightningcss-darwin-x64 set size:undefined disposed:false
1225 http fetch GET 200 https://registry.npmjs.org/lightningcss-linux-x64-gnu 318ms (cache miss)
1226 silly packumentCache full:https://registry.npmjs.org/lightningcss-linux-x64-gnu set size:undefined disposed:false
1227 http fetch GET 200 https://registry.npmjs.org/tapable 321ms (cache miss)
1228 silly packumentCache full:https://registry.npmjs.org/tapable set size:undefined disposed:false
1229 http fetch GET 200 https://registry.npmjs.org/lightningcss-linux-arm-gnueabihf 321ms (cache miss)
1230 silly packumentCache full:https://registry.npmjs.org/lightningcss-linux-arm-gnueabihf set size:undefined disposed:false
1231 http fetch GET 200 https://registry.npmjs.org/@jridgewell%2fgen-mapping 325ms (cache miss)
1232 silly packumentCache full:https://registry.npmjs.org/@jridgewell%2fgen-mapping set size:undefined disposed:false
1233 http fetch GET 200 https://registry.npmjs.org/lightningcss-linux-arm64-gnu 329ms (cache miss)
1234 silly packumentCache full:https://registry.npmjs.org/lightningcss-linux-arm64-gnu set size:undefined disposed:false
1235 http fetch GET 200 https://registry.npmjs.org/@jridgewell%2ftrace-mapping 368ms (cache miss)
1236 silly packumentCache full:https://registry.npmjs.org/@jridgewell%2ftrace-mapping set size:undefined disposed:false
1237 http fetch GET 200 https://registry.npmjs.org/lightningcss-android-arm64 275ms (cache miss)
1238 silly packumentCache full:https://registry.npmjs.org/lightningcss-android-arm64 set size:undefined disposed:false
1239 http fetch GET 200 https://registry.npmjs.org/@jridgewell%2fsourcemap-codec 292ms (cache miss)
1240 silly packumentCache full:https://registry.npmjs.org/@jridgewell%2fsourcemap-codec set size:undefined disposed:false
1241 http fetch GET 200 https://registry.npmjs.org/lightningcss-darwin-arm64 1154ms (cache miss)
1242 silly packumentCache full:https://registry.npmjs.org/lightningcss-darwin-arm64 set size:undefined disposed:false
1243 silly placeDep ROOT @jridgewell/gen-mapping@0.3.13 OK for: @jridgewell/remapping@2.3.5 want: ^0.3.5
1244 silly placeDep ROOT @jridgewell/trace-mapping@0.3.31 OK for: @jridgewell/remapping@2.3.5 want: ^0.3.24
1245 silly fetch manifest @jridgewell/sourcemap-codec@^1.5.0
1246 silly packumentCache full:https://registry.npmjs.org/@jridgewell%2fsourcemap-codec cache-miss
1247 silly fetch manifest @jridgewell/resolve-uri@^3.1.0
1248 silly packumentCache full:https://registry.npmjs.org/@jridgewell%2fresolve-uri cache-miss
1249 silly fetch manifest @jridgewell/sourcemap-codec@^1.4.14
1250 silly packumentCache full:https://registry.npmjs.org/@jridgewell%2fsourcemap-codec cache-miss
1251 http cache https://registry.npmjs.org/@jridgewell%2fsourcemap-codec 12ms (cache hit)
1252 silly packumentCache full:https://registry.npmjs.org/@jridgewell%2fsourcemap-codec set size:59275 disposed:false
1253 http cache https://registry.npmjs.org/@jridgewell%2fsourcemap-codec 12ms (cache hit)
1254 silly packumentCache full:https://registry.npmjs.org/@jridgewell%2fsourcemap-codec set size:59275 disposed:false
1255 silly packumentCache full:https://registry.npmjs.org/@jridgewell%2fsourcemap-codec dispose
1256 http fetch GET 200 https://registry.npmjs.org/@jridgewell%2fresolve-uri 279ms (cache miss)
1257 silly packumentCache full:https://registry.npmjs.org/@jridgewell%2fresolve-uri set size:undefined disposed:false
1258 silly placeDep ROOT @jridgewell/sourcemap-codec@1.5.5 OK for: @jridgewell/gen-mapping@0.3.13 want: ^1.5.0
1259 silly placeDep ROOT @jridgewell/resolve-uri@3.1.2 OK for: @jridgewell/trace-mapping@0.3.31 want: ^3.1.0
1260 silly placeDep ROOT @tailwindcss/oxide-android-arm64@4.2.4 OK for: @tailwindcss/oxide@4.2.4 want: 4.2.4
1261 silly placeDep ROOT @tailwindcss/oxide-darwin-arm64@4.2.4 OK for: @tailwindcss/oxide@4.2.4 want: 4.2.4
1262 silly placeDep ROOT @tailwindcss/oxide-darwin-x64@4.2.4 OK for: @tailwindcss/oxide@4.2.4 want: 4.2.4
1263 silly placeDep ROOT @tailwindcss/oxide-freebsd-x64@4.2.4 OK for: @tailwindcss/oxide@4.2.4 want: 4.2.4
1264 silly placeDep ROOT @tailwindcss/oxide-linux-arm-gnueabihf@4.2.4 OK for: @tailwindcss/oxide@4.2.4 want: 4.2.4
1265 silly placeDep ROOT @tailwindcss/oxide-linux-arm64-gnu@4.2.4 OK for: @tailwindcss/oxide@4.2.4 want: 4.2.4
1266 silly placeDep ROOT @tailwindcss/oxide-linux-arm64-musl@4.2.4 OK for: @tailwindcss/oxide@4.2.4 want: 4.2.4
1267 silly placeDep ROOT @tailwindcss/oxide-linux-x64-gnu@4.2.4 OK for: @tailwindcss/oxide@4.2.4 want: 4.2.4
1268 silly placeDep ROOT @tailwindcss/oxide-linux-x64-musl@4.2.4 OK for: @tailwindcss/oxide@4.2.4 want: 4.2.4
1269 silly placeDep ROOT @tailwindcss/oxide-wasm32-wasi@4.2.4 OK for: @tailwindcss/oxide@4.2.4 want: 4.2.4
1270 silly placeDep ROOT @tailwindcss/oxide-win32-arm64-msvc@4.2.4 OK for: @tailwindcss/oxide@4.2.4 want: 4.2.4
1271 silly placeDep ROOT @tailwindcss/oxide-win32-x64-msvc@4.2.4 OK for: @tailwindcss/oxide@4.2.4 want: 4.2.4
1272 silly placeDep ROOT postcss-selector-parser@6.0.10 OK for: @tailwindcss/typography@0.5.19 want: 6.0.10
1273 silly fetch manifest cssesc@^3.0.0
1274 silly packumentCache full:https://registry.npmjs.org/cssesc cache-miss
1275 silly fetch manifest util-deprecate@^1.0.2
1276 silly packumentCache full:https://registry.npmjs.org/util-deprecate cache-miss
1277 http fetch GET 200 https://registry.npmjs.org/cssesc 236ms (cache miss)
1278 silly packumentCache full:https://registry.npmjs.org/cssesc set size:undefined disposed:false
1279 http fetch GET 200 https://registry.npmjs.org/util-deprecate 239ms (cache miss)
1280 silly packumentCache full:https://registry.npmjs.org/util-deprecate set size:undefined disposed:false
1281 silly placeDep ROOT undici-types@6.21.0 OK for: @types/node@22.19.17 want: ~6.21.0
1282 silly placeDep ROOT @types/prop-types@15.7.15 OK for: @types/react@18.3.28 want: *
1283 silly placeDep ROOT csstype@3.2.3 OK for: @types/react@18.3.28 want: ^3.2.2
1284 silly fetch manifest @swc/helpers@>=0.5.17
1285 silly packumentCache full:https://registry.npmjs.org/@swc%2fhelpers cache-miss
1286 http fetch GET 200 https://registry.npmjs.org/@swc%2fhelpers 391ms (cache miss)
1287 silly packumentCache full:https://registry.npmjs.org/@swc%2fhelpers set size:undefined disposed:false
1288 silly placeDep ROOT @rolldown/pluginutils@1.0.0-beta.27 OK for: @vitejs/plugin-react-swc@3.11.0 want: 1.0.0-beta.27
1289 silly placeDep ROOT @swc/core@1.15.30 OK for: @vitejs/plugin-react-swc@3.11.0 want: ^1.12.11
1290 silly fetch manifest @swc/counter@^0.1.3
1291 silly packumentCache full:https://registry.npmjs.org/@swc%2fcounter cache-miss
1292 silly fetch manifest @swc/types@^0.1.26
1293 silly packumentCache full:https://registry.npmjs.org/@swc%2ftypes cache-miss
1294 silly fetch manifest @swc/core-darwin-x64@1.15.30
1295 silly packumentCache full:https://registry.npmjs.org/@swc%2fcore-darwin-x64 cache-miss
1296 silly fetch manifest @swc/core-win32-x64-msvc@1.15.30
1297 silly packumentCache full:https://registry.npmjs.org/@swc%2fcore-win32-x64-msvc cache-miss
1298 silly fetch manifest @swc/core-linux-x64-gnu@1.15.30
1299 silly packumentCache full:https://registry.npmjs.org/@swc%2fcore-linux-x64-gnu cache-miss
1300 silly fetch manifest @swc/core-linux-ppc64-gnu@1.15.30
1301 silly packumentCache full:https://registry.npmjs.org/@swc%2fcore-linux-ppc64-gnu cache-miss
1302 silly fetch manifest @swc/core-linux-s390x-gnu@1.15.30
1303 silly packumentCache full:https://registry.npmjs.org/@swc%2fcore-linux-s390x-gnu cache-miss
1304 silly fetch manifest @swc/core-linux-x64-musl@1.15.30
1305 silly packumentCache full:https://registry.npmjs.org/@swc%2fcore-linux-x64-musl cache-miss
1306 silly fetch manifest @swc/core-win32-ia32-msvc@1.15.30
1307 silly packumentCache full:https://registry.npmjs.org/@swc%2fcore-win32-ia32-msvc cache-miss
1308 silly fetch manifest @swc/core-linux-arm-gnueabihf@1.15.30
1309 silly packumentCache full:https://registry.npmjs.org/@swc%2fcore-linux-arm-gnueabihf cache-miss
1310 silly fetch manifest @swc/core-darwin-arm64@1.15.30
1311 silly packumentCache full:https://registry.npmjs.org/@swc%2fcore-darwin-arm64 cache-miss
1312 silly fetch manifest @swc/core-linux-arm64-gnu@1.15.30
1313 silly packumentCache full:https://registry.npmjs.org/@swc%2fcore-linux-arm64-gnu cache-miss
1314 silly fetch manifest @swc/core-linux-arm64-musl@1.15.30
1315 silly packumentCache full:https://registry.npmjs.org/@swc%2fcore-linux-arm64-musl cache-miss
1316 silly fetch manifest @swc/core-win32-arm64-msvc@1.15.30
1317 silly packumentCache full:https://registry.npmjs.org/@swc%2fcore-win32-arm64-msvc cache-miss
1318 http fetch GET 200 https://registry.npmjs.org/@swc%2ftypes 317ms (cache miss)
1319 silly packumentCache full:https://registry.npmjs.org/@swc%2ftypes set size:undefined disposed:false
1320 http fetch GET 200 https://registry.npmjs.org/@swc%2fcore-linux-ppc64-gnu 623ms (cache miss)
1321 silly packumentCache full:https://registry.npmjs.org/@swc%2fcore-linux-ppc64-gnu set size:undefined disposed:false
1322 http fetch GET 200 https://registry.npmjs.org/@swc%2fcore-linux-arm-gnueabihf 802ms (cache miss)
1323 silly packumentCache full:https://registry.npmjs.org/@swc%2fcore-linux-arm-gnueabihf set size:undefined disposed:false
1324 http fetch GET 200 https://registry.npmjs.org/@swc%2fcore-win32-ia32-msvc 851ms (cache miss)
1325 silly packumentCache full:https://registry.npmjs.org/@swc%2fcore-win32-ia32-msvc set size:undefined disposed:false
1326 http fetch GET 200 https://registry.npmjs.org/@swc%2fcore-linux-arm64-gnu 860ms (cache miss)
1327 silly packumentCache full:https://registry.npmjs.org/@swc%2fcore-linux-arm64-gnu set size:undefined disposed:false
1328 http fetch GET 200 https://registry.npmjs.org/@swc%2fcore-linux-arm64-musl 867ms (cache miss)
1329 silly packumentCache full:https://registry.npmjs.org/@swc%2fcore-linux-arm64-musl set size:undefined disposed:false
1330 http fetch GET 200 https://registry.npmjs.org/@swc%2fcore-win32-arm64-msvc 887ms (cache miss)
1331 silly packumentCache full:https://registry.npmjs.org/@swc%2fcore-win32-arm64-msvc set size:undefined disposed:false
1332 http fetch GET 200 https://registry.npmjs.org/@swc%2fcore-linux-x64-gnu 901ms (cache miss)
1333 silly packumentCache full:https://registry.npmjs.org/@swc%2fcore-linux-x64-gnu set size:undefined disposed:false
1334 http fetch GET 200 https://registry.npmjs.org/@swc%2fcore-win32-x64-msvc 909ms (cache miss)
1335 silly packumentCache full:https://registry.npmjs.org/@swc%2fcore-win32-x64-msvc set size:undefined disposed:false
1336 http fetch GET 200 https://registry.npmjs.org/@swc%2fcounter 1033ms (cache miss)
1337 silly packumentCache full:https://registry.npmjs.org/@swc%2fcounter set size:undefined disposed:false
1338 http fetch GET 200 https://registry.npmjs.org/@swc%2fcore-linux-s390x-gnu 1126ms (cache miss)
1339 silly packumentCache full:https://registry.npmjs.org/@swc%2fcore-linux-s390x-gnu set size:undefined disposed:false
1340 http fetch GET 200 https://registry.npmjs.org/@swc%2fcore-linux-x64-musl 1366ms (cache miss)
1341 silly packumentCache full:https://registry.npmjs.org/@swc%2fcore-linux-x64-musl set size:undefined disposed:false
1342 http fetch GET 200 https://registry.npmjs.org/@swc%2fcore-darwin-x64 1942ms (cache miss)
1343 silly packumentCache full:https://registry.npmjs.org/@swc%2fcore-darwin-x64 set size:undefined disposed:false
1344 http fetch GET 200 https://registry.npmjs.org/@swc%2fcore-darwin-arm64 4417ms (cache miss)
1345 silly packumentCache full:https://registry.npmjs.org/@swc%2fcore-darwin-arm64 set size:undefined disposed:false
1346 silly placeDep ROOT @swc/core-darwin-arm64@1.15.30 OK for: @swc/core@1.15.30 want: 1.15.30
1347 silly placeDep ROOT @swc/core-darwin-x64@1.15.30 OK for: @swc/core@1.15.30 want: 1.15.30
1348 silly placeDep ROOT @swc/core-linux-arm-gnueabihf@1.15.30 OK for: @swc/core@1.15.30 want: 1.15.30
1349 silly placeDep ROOT @swc/core-linux-arm64-gnu@1.15.30 OK for: @swc/core@1.15.30 want: 1.15.30
1350 silly placeDep ROOT @swc/core-linux-arm64-musl@1.15.30 OK for: @swc/core@1.15.30 want: 1.15.30
1351 silly placeDep ROOT @swc/core-linux-ppc64-gnu@1.15.30 OK for: @swc/core@1.15.30 want: 1.15.30
1352 silly placeDep ROOT @swc/core-linux-s390x-gnu@1.15.30 OK for: @swc/core@1.15.30 want: 1.15.30
1353 silly placeDep ROOT @swc/core-linux-x64-gnu@1.15.30 OK for: @swc/core@1.15.30 want: 1.15.30
1354 silly placeDep ROOT @swc/core-linux-x64-musl@1.15.30 OK for: @swc/core@1.15.30 want: 1.15.30
1355 silly placeDep ROOT @swc/core-win32-arm64-msvc@1.15.30 OK for: @swc/core@1.15.30 want: 1.15.30
1356 silly placeDep ROOT @swc/core-win32-ia32-msvc@1.15.30 OK for: @swc/core@1.15.30 want: 1.15.30
1357 silly placeDep ROOT @swc/core-win32-x64-msvc@1.15.30 OK for: @swc/core@1.15.30 want: 1.15.30
1358 silly placeDep ROOT @swc/counter@0.1.3 OK for: @swc/core@1.15.30 want: ^0.1.3
1359 silly placeDep ROOT @swc/types@0.1.26 OK for: @swc/core@1.15.30 want: ^0.1.26
1360 silly placeDep ROOT tslib@2.8.1 OK for: aria-hidden@1.2.6 want: ^2.0.0
1361 silly placeDep ROOT follow-redirects@1.16.0 OK for: axios@1.15.2 want: ^1.15.11
1362 silly placeDep ROOT form-data@4.0.5 OK for: axios@1.15.2 want: ^4.0.5
1363 silly placeDep ROOT proxy-from-env@2.1.0 OK for: axios@1.15.2 want: ^2.1.0
1364 silly fetch manifest asynckit@^0.4.0
1365 silly packumentCache full:https://registry.npmjs.org/asynckit cache-miss
1366 silly fetch manifest combined-stream@^1.0.8
1367 silly packumentCache full:https://registry.npmjs.org/combined-stream cache-miss
1368 silly fetch manifest es-set-tostringtag@^2.1.0
1369 silly packumentCache full:https://registry.npmjs.org/es-set-tostringtag cache-miss
1370 silly fetch manifest hasown@^2.0.2
1371 silly packumentCache full:https://registry.npmjs.org/hasown cache-miss
1372 silly fetch manifest mime-types@^2.1.12
1373 silly packumentCache full:https://registry.npmjs.org/mime-types cache-miss
1374 http fetch GET 200 https://registry.npmjs.org/es-set-tostringtag 287ms (cache revalidated)
1375 silly packumentCache full:https://registry.npmjs.org/es-set-tostringtag set size:22094 disposed:false
1376 http fetch GET 200 https://registry.npmjs.org/asynckit 290ms (cache revalidated)
1377 silly packumentCache full:https://registry.npmjs.org/asynckit set size:18932 disposed:false
1378 http fetch GET 200 https://registry.npmjs.org/mime-types 291ms (cache revalidated)
1379 silly packumentCache full:https://registry.npmjs.org/mime-types set size:139110 disposed:false
1380 http fetch GET 200 https://registry.npmjs.org/hasown 305ms (cache revalidated)
1381 silly packumentCache full:https://registry.npmjs.org/hasown set size:15429 disposed:false
1382 http fetch GET 200 https://registry.npmjs.org/combined-stream 309ms (cache revalidated)
1383 silly packumentCache full:https://registry.npmjs.org/combined-stream set size:40337 disposed:false
1384 silly placeDep ROOT embla-carousel@8.6.0 OK for: embla-carousel-react@8.6.0 want: 8.6.0
1385 silly placeDep ROOT embla-carousel-reactive-utils@8.6.0 OK for: embla-carousel-react@8.6.0 want: 8.6.0
1386 silly placeDep ROOT graceful-fs@4.2.11 OK for: enhanced-resolve@5.21.0 want: ^4.2.4
1387 silly placeDep ROOT tapable@2.3.3 OK for: enhanced-resolve@5.21.0 want: ^2.3.3
1388 silly fetch manifest eslint@^6.0.0 || ^7.0.0 || >=8.0.0
1389 silly packumentCache full:https://registry.npmjs.org/eslint cache-miss
1390 http cache https://registry.npmjs.org/eslint 13ms (cache hit)
1391 silly packumentCache full:https://registry.npmjs.org/eslint set size:1983515 disposed:false
1392 silly placeDep ROOT @eslint-community/eslint-utils@4.9.1 OK for: eslint@9.39.4 want: ^4.8.0
1393 silly placeDep ROOT @eslint-community/regexpp@4.12.2 OK for: eslint@9.39.4 want: ^4.12.1
1394 silly placeDep ROOT @eslint/config-array@0.21.2 OK for: eslint@9.39.4 want: ^0.21.2
1395 silly placeDep ROOT @eslint/config-helpers@0.4.2 OK for: eslint@9.39.4 want: ^0.4.2
1396 silly placeDep ROOT @eslint/core@0.17.0 OK for: eslint@9.39.4 want: ^0.17.0
1397 silly placeDep ROOT @eslint/eslintrc@3.3.5 OK for: eslint@9.39.4 want: ^3.3.5
1398 silly placeDep ROOT @eslint/plugin-kit@0.4.1 OK for: eslint@9.39.4 want: ^0.4.1
1399 silly placeDep ROOT @humanfs/node@0.16.8 OK for: eslint@9.39.4 want: ^0.16.6
1400 silly placeDep ROOT @humanwhocodes/module-importer@1.0.1 OK for: eslint@9.39.4 want: ^1.0.1
1401 silly placeDep ROOT @humanwhocodes/retry@0.4.3 OK for: eslint@9.39.4 want: ^0.4.2
1402 silly placeDep ROOT @types/estree@1.0.8 OK for: eslint@9.39.4 want: ^1.0.6
1403 silly placeDep ROOT ajv@6.15.0 OK for: eslint@9.39.4 want: ^6.14.0
1404 silly placeDep ROOT chalk@4.1.2 OK for: eslint@9.39.4 want: ^4.0.0
1405 silly placeDep ROOT cross-spawn@7.0.6 OK for: eslint@9.39.4 want: ^7.0.6
1406 silly placeDep ROOT debug@4.4.3 OK for: eslint@9.39.4 want: ^4.3.2
1407 silly placeDep ROOT escape-string-regexp@4.0.0 OK for: eslint@9.39.4 want: ^4.0.0
1408 silly placeDep ROOT eslint-scope@8.4.0 OK for: eslint@9.39.4 want: ^8.4.0
1409 silly placeDep ROOT eslint-visitor-keys@4.2.1 OK for: eslint@9.39.4 want: ^4.2.1
1410 silly placeDep ROOT espree@10.4.0 OK for: eslint@9.39.4 want: ^10.4.0
1411 silly placeDep ROOT esquery@1.7.0 OK for: eslint@9.39.4 want: ^1.5.0
1412 silly placeDep ROOT esutils@2.0.3 OK for: eslint@9.39.4 want: ^2.0.2
1413 silly placeDep ROOT fast-deep-equal@3.1.3 OK for: eslint@9.39.4 want: ^3.1.3
1414 silly placeDep ROOT file-entry-cache@8.0.0 OK for: eslint@9.39.4 want: ^8.0.0
1415 silly placeDep ROOT find-up@5.0.0 OK for: eslint@9.39.4 want: ^5.0.0
1416 silly placeDep ROOT glob-parent@6.0.2 OK for: eslint@9.39.4 want: ^6.0.2
1417 silly placeDep ROOT ignore@5.3.2 OK for: eslint@9.39.4 want: ^5.2.0
1418 silly placeDep ROOT imurmurhash@0.1.4 OK for: eslint@9.39.4 want: ^0.1.4
1419 silly placeDep ROOT is-glob@4.0.3 OK for: eslint@9.39.4 want: ^4.0.0
1420 silly placeDep ROOT json-stable-stringify-without-jsonify@1.0.1 OK for: eslint@9.39.4 want: ^1.0.1
1421 silly placeDep ROOT lodash.merge@4.6.2 OK for: eslint@9.39.4 want: ^4.6.2
1422 silly placeDep ROOT minimatch@3.1.5 OK for: eslint@9.39.4 want: ^3.1.5
1423 silly placeDep ROOT natural-compare@1.4.0 OK for: eslint@9.39.4 want: ^1.4.0
1424 silly placeDep ROOT optionator@0.9.4 OK for: eslint@9.39.4 want: ^0.9.3
1425 silly fetch manifest eslint-visitor-keys@^3.4.3
1426 silly packumentCache full:https://registry.npmjs.org/eslint-visitor-keys cache-hit
1427 silly fetch manifest debug@^4.3.1
1428 silly packumentCache full:https://registry.npmjs.org/debug cache-hit
1429 silly fetch manifest @eslint/object-schema@^2.1.7
1430 silly packumentCache full:https://registry.npmjs.org/@eslint%2fobject-schema cache-miss
1431 silly fetch manifest @types/json-schema@^7.0.15
1432 silly packumentCache full:https://registry.npmjs.org/@types%2fjson-schema cache-miss
1433 silly fetch manifest espree@^10.0.1
1434 silly packumentCache full:https://registry.npmjs.org/espree cache-hit
1435 silly fetch manifest globals@^14.0.0
1436 silly packumentCache full:https://registry.npmjs.org/globals cache-hit
1437 silly fetch manifest import-fresh@^3.2.1
1438 silly packumentCache full:https://registry.npmjs.org/import-fresh cache-miss
1439 silly fetch manifest js-yaml@^4.1.1
1440 silly packumentCache full:https://registry.npmjs.org/js-yaml cache-miss
1441 silly fetch manifest strip-json-comments@^3.1.1
1442 silly packumentCache full:https://registry.npmjs.org/strip-json-comments cache-miss
1443 silly fetch manifest levn@^0.4.1
1444 silly packumentCache full:https://registry.npmjs.org/levn cache-miss
1445 silly fetch manifest @humanwhocodes/retry@^0.4.0
1446 silly packumentCache full:https://registry.npmjs.org/@humanwhocodes%2fretry cache-hit
1447 silly fetch manifest @humanfs/core@^0.19.2
1448 silly packumentCache full:https://registry.npmjs.org/@humanfs%2fcore cache-miss
1449 silly fetch manifest @humanfs/types@^0.15.0
1450 silly packumentCache full:https://registry.npmjs.org/@humanfs%2ftypes cache-miss
1451 silly fetch manifest uri-js@^4.2.2
1452 silly packumentCache full:https://registry.npmjs.org/uri-js cache-miss
1453 silly fetch manifest fast-deep-equal@^3.1.1
1454 silly packumentCache full:https://registry.npmjs.org/fast-deep-equal cache-hit
1455 silly fetch manifest json-schema-traverse@^0.4.1
1456 silly packumentCache full:https://registry.npmjs.org/json-schema-traverse cache-miss
1457 silly fetch manifest fast-json-stable-stringify@^2.0.0
1458 silly packumentCache full:https://registry.npmjs.org/fast-json-stable-stringify cache-miss
1459 silly fetch manifest ansi-styles@^4.1.0
1460 silly packumentCache full:https://registry.npmjs.org/ansi-styles cache-miss
1461 silly fetch manifest supports-color@^7.1.0
1462 silly packumentCache full:https://registry.npmjs.org/supports-color cache-miss
1463 silly fetch manifest which@^2.0.1
1464 silly packumentCache full:https://registry.npmjs.org/which cache-miss
1465 silly fetch manifest path-key@^3.1.0
1466 silly packumentCache full:https://registry.npmjs.org/path-key cache-miss
1467 http fetch GET 200 https://registry.npmjs.org/@types%2fjson-schema 281ms (cache revalidated)
1468 silly packumentCache full:https://registry.npmjs.org/@types%2fjson-schema set size:44704 disposed:false
1469 silly fetch manifest shebang-command@^2.0.0
1470 silly packumentCache full:https://registry.npmjs.org/shebang-command cache-miss
1471 http fetch GET 200 https://registry.npmjs.org/json-schema-traverse 278ms (cache revalidated)
1472 silly packumentCache full:https://registry.npmjs.org/json-schema-traverse set size:23537 disposed:false
1473 silly fetch manifest ms@^2.1.3
1474 silly packumentCache full:https://registry.npmjs.org/ms cache-miss
1475 http fetch GET 200 https://registry.npmjs.org/strip-json-comments 284ms (cache revalidated)
1476 silly packumentCache full:https://registry.npmjs.org/strip-json-comments set size:43569 disposed:false
1477 silly fetch manifest esrecurse@^4.3.0
1478 silly packumentCache full:https://registry.npmjs.org/esrecurse cache-miss
1479 http fetch GET 200 https://registry.npmjs.org/levn 285ms (cache revalidated)
1480 silly packumentCache full:https://registry.npmjs.org/levn set size:28223 disposed:false
1481 silly fetch manifest estraverse@^5.2.0
1482 silly packumentCache full:https://registry.npmjs.org/estraverse cache-miss
1483 http fetch GET 200 https://registry.npmjs.org/uri-js 286ms (cache revalidated)
1484 silly packumentCache full:https://registry.npmjs.org/uri-js set size:42559 disposed:false
1485 silly fetch manifest acorn@^8.15.0
1486 silly packumentCache full:https://registry.npmjs.org/acorn cache-miss
1487 http fetch GET 200 https://registry.npmjs.org/ansi-styles 297ms (cache revalidated)
1488 silly packumentCache full:https://registry.npmjs.org/ansi-styles set size:63233 disposed:false
1489 silly fetch manifest acorn-jsx@^5.3.2
1490 silly packumentCache full:https://registry.npmjs.org/acorn-jsx cache-miss
1491 http fetch GET 200 https://registry.npmjs.org/js-yaml 304ms (cache revalidated)
1492 silly packumentCache full:https://registry.npmjs.org/js-yaml set size:152232 disposed:false
1493 silly fetch manifest estraverse@^5.1.0
1494 silly packumentCache full:https://registry.npmjs.org/estraverse cache-miss
1495 http fetch GET 200 https://registry.npmjs.org/supports-color 308ms (cache revalidated)
1496 silly packumentCache full:https://registry.npmjs.org/supports-color set size:118680 disposed:false
1497 silly fetch manifest flat-cache@^4.0.0
1498 silly packumentCache full:https://registry.npmjs.org/flat-cache cache-miss
1499 http fetch GET 200 https://registry.npmjs.org/fast-json-stable-stringify 310ms (cache revalidated)
1500 silly packumentCache full:https://registry.npmjs.org/fast-json-stable-stringify set size:11337 disposed:false
1501 silly fetch manifest locate-path@^6.0.0
1502 silly packumentCache full:https://registry.npmjs.org/locate-path cache-miss
1503 http fetch GET 200 https://registry.npmjs.org/import-fresh 316ms (cache revalidated)
1504 silly packumentCache full:https://registry.npmjs.org/import-fresh set size:24604 disposed:false
1505 silly fetch manifest path-exists@^4.0.0
1506 silly packumentCache full:https://registry.npmjs.org/path-exists cache-miss
1507 http fetch GET 200 https://registry.npmjs.org/@humanfs%2fcore 315ms (cache revalidated)
1508 silly packumentCache full:https://registry.npmjs.org/@humanfs%2fcore set size:37261 disposed:false
1509 silly fetch manifest is-glob@^4.0.3
1510 silly packumentCache full:https://registry.npmjs.org/is-glob cache-hit
1511 silly fetch manifest is-extglob@^2.1.1
1512 silly packumentCache full:https://registry.npmjs.org/is-extglob cache-miss
1513 http fetch GET 200 https://registry.npmjs.org/@eslint%2fobject-schema 323ms (cache revalidated)
1514 silly packumentCache full:https://registry.npmjs.org/@eslint%2fobject-schema set size:38535 disposed:false
1515 silly fetch manifest brace-expansion@^1.1.7
1516 silly packumentCache full:https://registry.npmjs.org/brace-expansion cache-miss
1517 http fetch GET 200 https://registry.npmjs.org/path-key 329ms (cache revalidated)
1518 silly packumentCache full:https://registry.npmjs.org/path-key set size:16975 disposed:false
1519 silly fetch manifest prelude-ls@^1.2.1
1520 silly packumentCache full:https://registry.npmjs.org/prelude-ls cache-miss
1521 http fetch GET 200 https://registry.npmjs.org/flat-cache 284ms (cache revalidated)
1522 silly packumentCache full:https://registry.npmjs.org/flat-cache set size:169582 disposed:false
1523 silly fetch manifest deep-is@^0.1.3
1524 silly packumentCache full:https://registry.npmjs.org/deep-is cache-miss
1525 http fetch GET 200 https://registry.npmjs.org/esrecurse 316ms (cache revalidated)
1526 silly packumentCache full:https://registry.npmjs.org/esrecurse set size:29005 disposed:false
1527 silly fetch manifest word-wrap@^1.2.5
1528 silly packumentCache full:https://registry.npmjs.org/word-wrap cache-miss
1529 http fetch GET 200 https://registry.npmjs.org/estraverse 315ms (cache revalidated)
1530 silly packumentCache full:https://registry.npmjs.org/estraverse set size:62412 disposed:false
1531 silly fetch manifest type-check@^0.4.0
1532 silly packumentCache full:https://registry.npmjs.org/type-check cache-miss
1533 http fetch GET 200 https://registry.npmjs.org/estraverse 303ms (cache revalidated)
1534 silly packumentCache full:https://registry.npmjs.org/estraverse set size:62412 disposed:false
1535 silly packumentCache full:https://registry.npmjs.org/estraverse dispose
1536 silly fetch manifest fast-levenshtein@^2.0.6
1537 silly packumentCache full:https://registry.npmjs.org/fast-levenshtein cache-miss
1538 http fetch GET 200 https://registry.npmjs.org/path-exists 295ms (cache revalidated)
1539 silly packumentCache full:https://registry.npmjs.org/path-exists set size:13704 disposed:false
1540 http fetch GET 200 https://registry.npmjs.org/acorn 321ms (cache revalidated)
1541 silly packumentCache full:https://registry.npmjs.org/acorn set size:379626 disposed:false
1542 http fetch GET 200 https://registry.npmjs.org/ms 332ms (cache revalidated)
1543 silly packumentCache full:https://registry.npmjs.org/ms set size:92208 disposed:false
1544 http fetch GET 200 https://registry.npmjs.org/shebang-command 335ms (cache revalidated)
1545 silly packumentCache full:https://registry.npmjs.org/shebang-command set size:8525 disposed:false
1546 http fetch GET 200 https://registry.npmjs.org/is-extglob 299ms (cache revalidated)
1547 silly packumentCache full:https://registry.npmjs.org/is-extglob set size:11766 disposed:false
1548 http fetch GET 200 https://registry.npmjs.org/acorn-jsx 315ms (cache revalidated)
1549 silly packumentCache full:https://registry.npmjs.org/acorn-jsx set size:71068 disposed:false
1550 http fetch GET 200 https://registry.npmjs.org/prelude-ls 284ms (cache revalidated)
1551 silly packumentCache full:https://registry.npmjs.org/prelude-ls set size:25777 disposed:false
1552 http fetch GET 200 https://registry.npmjs.org/brace-expansion 298ms (cache revalidated)
1553 silly packumentCache full:https://registry.npmjs.org/brace-expansion set size:65768 disposed:false
1554 http fetch GET 200 https://registry.npmjs.org/locate-path 306ms (cache revalidated)
1555 silly packumentCache full:https://registry.npmjs.org/locate-path set size:31329 disposed:false
1556 http fetch GET 200 https://registry.npmjs.org/which 627ms (cache updated)
1557 silly packumentCache full:https://registry.npmjs.org/which set size:undefined disposed:false
1558 http fetch GET 200 https://registry.npmjs.org/@humanfs%2ftypes 765ms (cache revalidated)
1559 silly packumentCache full:https://registry.npmjs.org/@humanfs%2ftypes set size:19212 disposed:false
1560 http fetch GET 200 https://registry.npmjs.org/word-wrap 242ms (cache revalidated)
1561 silly packumentCache full:https://registry.npmjs.org/word-wrap set size:37835 disposed:false
1562 http fetch GET 200 https://registry.npmjs.org/fast-levenshtein 256ms (cache revalidated)
1563 silly packumentCache full:https://registry.npmjs.org/fast-levenshtein set size:39317 disposed:false
1564 http fetch GET 200 https://registry.npmjs.org/type-check 263ms (cache revalidated)
1565 silly packumentCache full:https://registry.npmjs.org/type-check set size:21221 disposed:false
1566 http fetch GET 200 https://registry.npmjs.org/deep-is 282ms (cache revalidated)
1567 silly packumentCache full:https://registry.npmjs.org/deep-is set size:10205 disposed:false
1568 silly placeDep node_modules/@eslint-community/eslint-utils eslint-visitor-keys@3.4.3 OK for: @eslint-community/eslint-utils@4.9.1 want: ^3.4.3
1569 silly placeDep ROOT @eslint/object-schema@2.1.7 OK for: @eslint/config-array@0.21.2 want: ^2.1.7
1570 silly placeDep ROOT @types/json-schema@7.0.15 OK for: @eslint/core@0.17.0 want: ^7.0.15
1571 silly placeDep node_modules/@eslint/eslintrc globals@14.0.0 OK for: @eslint/eslintrc@3.3.5 want: ^14.0.0
1572 silly placeDep ROOT import-fresh@3.3.1 OK for: @eslint/eslintrc@3.3.5 want: ^3.2.1
1573 silly placeDep ROOT js-yaml@4.1.1 OK for: @eslint/eslintrc@3.3.5 want: ^4.1.1
1574 silly placeDep ROOT strip-json-comments@3.1.1 OK for: @eslint/eslintrc@3.3.5 want: ^3.1.1
1575 silly fetch manifest resolve-from@^4.0.0
1576 silly packumentCache full:https://registry.npmjs.org/resolve-from cache-miss
1577 silly fetch manifest parent-module@^1.0.0
1578 silly packumentCache full:https://registry.npmjs.org/parent-module cache-miss
1579 silly fetch manifest argparse@^2.0.1
1580 silly packumentCache full:https://registry.npmjs.org/argparse cache-miss
1581 http fetch GET 200 https://registry.npmjs.org/resolve-from 277ms (cache revalidated)
1582 silly packumentCache full:https://registry.npmjs.org/resolve-from set size:12911 disposed:false
1583 http fetch GET 200 https://registry.npmjs.org/argparse 278ms (cache revalidated)
1584 silly packumentCache full:https://registry.npmjs.org/argparse set size:49266 disposed:false
1585 http fetch GET 200 https://registry.npmjs.org/parent-module 281ms (cache revalidated)
1586 silly packumentCache full:https://registry.npmjs.org/parent-module set size:18255 disposed:false
1587 silly placeDep ROOT levn@0.4.1 OK for: @eslint/plugin-kit@0.4.1 want: ^0.4.1
1588 silly fetch manifest type-check@~0.4.0
1589 silly packumentCache full:https://registry.npmjs.org/type-check cache-hit
1590 silly placeDep ROOT @humanfs/core@0.19.2 OK for: @humanfs/node@0.16.8 want: ^0.19.2
1591 silly placeDep ROOT @humanfs/types@0.15.0 OK for: @humanfs/node@0.16.8 want: ^0.15.0
1592 silly placeDep ROOT fast-json-stable-stringify@2.1.0 OK for: ajv@6.15.0 want: ^2.0.0
1593 silly placeDep ROOT json-schema-traverse@0.4.1 OK for: ajv@6.15.0 want: ^0.4.1
1594 silly placeDep ROOT uri-js@4.4.1 OK for: ajv@6.15.0 want: ^4.2.2
1595 silly fetch manifest punycode@^2.1.0
1596 silly packumentCache full:https://registry.npmjs.org/punycode cache-miss
1597 http fetch GET 200 https://registry.npmjs.org/punycode 249ms (cache updated)
1598 silly packumentCache full:https://registry.npmjs.org/punycode set size:undefined disposed:false
1599 silly placeDep ROOT ansi-styles@4.3.0 OK for: chalk@4.1.2 want: ^4.1.0
1600 silly placeDep ROOT supports-color@7.2.0 OK for: chalk@4.1.2 want: ^7.1.0
1601 silly fetch manifest color-convert@^2.0.1
1602 silly packumentCache full:https://registry.npmjs.org/color-convert cache-miss
1603 silly fetch manifest has-flag@^4.0.0
1604 silly packumentCache full:https://registry.npmjs.org/has-flag cache-miss
1605 http fetch GET 200 https://registry.npmjs.org/has-flag 362ms (cache revalidated)
1606 silly packumentCache full:https://registry.npmjs.org/has-flag set size:15180 disposed:false
1607 http fetch GET 200 https://registry.npmjs.org/color-convert 363ms (cache revalidated)
1608 silly packumentCache full:https://registry.npmjs.org/color-convert set size:72663 disposed:false
1609 silly placeDep ROOT color-convert@2.0.1 OK for: ansi-styles@4.3.0 want: ^2.0.1
1610 silly fetch manifest color-name@~1.1.4
1611 silly packumentCache full:https://registry.npmjs.org/color-name cache-miss
1612 http fetch GET 200 https://registry.npmjs.org/color-name 304ms (cache revalidated)
1613 silly packumentCache full:https://registry.npmjs.org/color-name set size:19467 disposed:false
1614 silly placeDep ROOT color-name@1.1.4 OK for: color-convert@2.0.1 want: ~1.1.4
1615 silly placeDep ROOT path-key@3.1.1 OK for: cross-spawn@7.0.6 want: ^3.1.0
1616 silly placeDep ROOT shebang-command@2.0.0 OK for: cross-spawn@7.0.6 want: ^2.0.0
1617 silly placeDep ROOT which@2.0.2 OK for: cross-spawn@7.0.6 want: ^2.0.1
1618 silly fetch manifest shebang-regex@^3.0.0
1619 silly packumentCache full:https://registry.npmjs.org/shebang-regex cache-miss
1620 silly fetch manifest isexe@^2.0.0
1621 silly packumentCache full:https://registry.npmjs.org/isexe cache-miss
1622 http fetch GET 200 https://registry.npmjs.org/isexe 267ms (cache revalidated)
1623 silly packumentCache full:https://registry.npmjs.org/isexe set size:31756 disposed:false
1624 http fetch GET 200 https://registry.npmjs.org/shebang-regex 270ms (cache revalidated)
1625 silly packumentCache full:https://registry.npmjs.org/shebang-regex set size:9763 disposed:false
1626 silly placeDep ROOT ms@2.1.3 OK for: debug@4.4.3 want: ^2.1.3
1627 silly placeDep ROOT @babel/core@7.29.0 OK for: eslint-plugin-react-hooks@7.1.1 want: ^7.24.4
1628 silly placeDep ROOT @babel/parser@7.29.2 OK for: eslint-plugin-react-hooks@7.1.1 want: ^7.24.4
1629 silly placeDep ROOT hermes-parser@0.25.1 OK for: eslint-plugin-react-hooks@7.1.1 want: ^0.25.1
1630 silly placeDep ROOT zod-validation-error@4.0.2 OK for: eslint-plugin-react-hooks@7.1.1 want: ^3.5.0 || ^4.0.0
1631 silly fetch manifest json5@^2.2.3
1632 silly packumentCache full:https://registry.npmjs.org/json5 cache-miss
1633 silly fetch manifest semver@^6.3.1
1634 silly packumentCache full:https://registry.npmjs.org/semver cache-miss
1635 silly fetch manifest gensync@^1.0.0-beta.2
1636 silly packumentCache full:https://registry.npmjs.org/gensync cache-miss
1637 silly fetch manifest @babel/types@^7.29.0
1638 silly packumentCache full:https://registry.npmjs.org/@babel%2ftypes cache-miss
1639 silly fetch manifest @babel/parser@^7.29.0
1640 silly packumentCache full:https://registry.npmjs.org/@babel%2fparser cache-miss
1641 silly fetch manifest @babel/helpers@^7.28.6
1642 silly packumentCache full:https://registry.npmjs.org/@babel%2fhelpers cache-miss
1643 silly fetch manifest @babel/template@^7.28.6
1644 silly packumentCache full:https://registry.npmjs.org/@babel%2ftemplate cache-miss
1645 silly fetch manifest @babel/traverse@^7.29.0
1646 silly packumentCache full:https://registry.npmjs.org/@babel%2ftraverse cache-miss
1647 silly fetch manifest @babel/generator@^7.29.0
1648 silly packumentCache full:https://registry.npmjs.org/@babel%2fgenerator cache-miss
1649 silly fetch manifest @babel/code-frame@^7.29.0
1650 silly packumentCache full:https://registry.npmjs.org/@babel%2fcode-frame cache-miss
1651 silly fetch manifest convert-source-map@^2.0.0
1652 silly packumentCache full:https://registry.npmjs.org/convert-source-map cache-miss
1653 silly fetch manifest @babel/helper-module-transforms@^7.28.6
1654 silly packumentCache full:https://registry.npmjs.org/@babel%2fhelper-module-transforms cache-miss
1655 silly fetch manifest @babel/helper-compilation-targets@^7.28.6
1656 silly packumentCache full:https://registry.npmjs.org/@babel%2fhelper-compilation-targets cache-miss
1657 silly fetch manifest @babel/types@^7.29.0
1658 silly packumentCache full:https://registry.npmjs.org/@babel%2ftypes cache-miss
1659 silly fetch manifest hermes-estree@0.25.1
1660 silly packumentCache full:https://registry.npmjs.org/hermes-estree cache-miss
1661 http cache https://registry.npmjs.org/@babel%2fparser 20ms (cache hit)
1662 silly packumentCache full:https://registry.npmjs.org/@babel%2fparser set size:718758 disposed:false
1663 http fetch GET 200 https://registry.npmjs.org/convert-source-map 231ms (cache miss)
1664 silly packumentCache full:https://registry.npmjs.org/convert-source-map set size:undefined disposed:false
1665 http fetch GET 200 https://registry.npmjs.org/gensync 248ms (cache miss)
1666 silly packumentCache full:https://registry.npmjs.org/gensync set size:undefined disposed:false
1667 http fetch GET 200 https://registry.npmjs.org/@babel%2ftemplate 290ms (cache miss)
1668 silly packumentCache full:https://registry.npmjs.org/@babel%2ftemplate set size:undefined disposed:false
1669 http fetch GET 200 https://registry.npmjs.org/@babel%2fhelper-compilation-targets 317ms (cache miss)
1670 silly packumentCache full:https://registry.npmjs.org/@babel%2fhelper-compilation-targets set size:undefined disposed:false
1671 http fetch GET 200 https://registry.npmjs.org/@babel%2fhelper-module-transforms 344ms (cache miss)
1672 silly packumentCache full:https://registry.npmjs.org/@babel%2fhelper-module-transforms set size:undefined disposed:false
1673 http fetch GET 200 https://registry.npmjs.org/hermes-estree 347ms (cache miss)
1674 silly packumentCache full:https://registry.npmjs.org/hermes-estree set size:undefined disposed:false
1675 http fetch GET 200 https://registry.npmjs.org/json5 364ms (cache miss)
1676 silly packumentCache full:https://registry.npmjs.org/json5 set size:undefined disposed:false
1677 http fetch GET 200 https://registry.npmjs.org/semver 367ms (cache updated)
1678 silly packumentCache full:https://registry.npmjs.org/semver set size:undefined disposed:false
1679 http fetch GET 200 https://registry.npmjs.org/@babel%2fcode-frame 366ms (cache miss)
1680 silly packumentCache full:https://registry.npmjs.org/@babel%2fcode-frame set size:undefined disposed:false
1681 http fetch GET 200 https://registry.npmjs.org/@babel%2fhelpers 370ms (cache miss)
1682 silly packumentCache full:https://registry.npmjs.org/@babel%2fhelpers set size:undefined disposed:false
1683 http fetch GET 200 https://registry.npmjs.org/@babel%2fgenerator 391ms (cache miss)
1684 silly packumentCache full:https://registry.npmjs.org/@babel%2fgenerator set size:undefined disposed:false
1685 http fetch GET 200 https://registry.npmjs.org/@babel%2ftypes 550ms (cache miss)
1686 silly packumentCache full:https://registry.npmjs.org/@babel%2ftypes set size:undefined disposed:false
1687 http fetch GET 200 https://registry.npmjs.org/@babel%2ftraverse 1175ms (cache miss)
1688 silly packumentCache full:https://registry.npmjs.org/@babel%2ftraverse set size:undefined disposed:false
1689 http fetch GET 200 https://registry.npmjs.org/@babel%2ftypes 1219ms (cache miss)
1690 silly packumentCache full:https://registry.npmjs.org/@babel%2ftypes set size:undefined disposed:false
1691 silly fetch manifest @babel/core@^7.0.0
1692 silly packumentCache full:https://registry.npmjs.org/@babel%2fcore cache-miss
1693 http cache https://registry.npmjs.org/@babel%2fcore 40ms (cache hit)
1694 silly packumentCache full:https://registry.npmjs.org/@babel%2fcore set size:760113 disposed:false
1695 silly placeDep ROOT @babel/code-frame@7.29.0 OK for: @babel/core@7.29.0 want: ^7.29.0
1696 silly placeDep ROOT @babel/generator@7.29.1 OK for: @babel/core@7.29.0 want: ^7.29.0
1697 silly placeDep ROOT @babel/helper-compilation-targets@7.28.6 OK for: @babel/core@7.29.0 want: ^7.28.6
1698 silly placeDep ROOT @babel/helper-module-transforms@7.28.6 OK for: @babel/core@7.29.0 want: ^7.28.6
1699 silly placeDep ROOT @babel/helpers@7.29.2 OK for: @babel/core@7.29.0 want: ^7.28.6
1700 silly placeDep ROOT @babel/template@7.28.6 OK for: @babel/core@7.29.0 want: ^7.28.6
1701 silly placeDep ROOT @babel/traverse@7.29.0 OK for: @babel/core@7.29.0 want: ^7.29.0
1702 silly placeDep ROOT @babel/types@7.29.0 OK for: @babel/core@7.29.0 want: ^7.29.0
1703 silly placeDep ROOT convert-source-map@2.0.0 OK for: @babel/core@7.29.0 want: ^2.0.0
1704 silly placeDep ROOT gensync@1.0.0-beta.2 OK for: @babel/core@7.29.0 want: ^1.0.0-beta.2
1705 silly placeDep ROOT json5@2.2.3 OK for: @babel/core@7.29.0 want: ^2.2.3
1706 silly placeDep ROOT semver@6.3.1 OK for: @babel/core@7.29.0 want: ^6.3.1
1707 silly fetch manifest js-tokens@^4.0.0
1708 silly packumentCache full:https://registry.npmjs.org/js-tokens cache-miss
1709 silly fetch manifest @babel/helper-validator-identifier@^7.28.5
1710 silly packumentCache full:https://registry.npmjs.org/@babel%2fhelper-validator-identifier cache-miss
1711 silly fetch manifest jsesc@^3.0.2
1712 silly packumentCache full:https://registry.npmjs.org/jsesc cache-miss
1713 silly fetch manifest lru-cache@^5.1.1
1714 silly packumentCache full:https://registry.npmjs.org/lru-cache cache-miss
1715 silly fetch manifest browserslist@^4.24.0
1716 silly packumentCache full:https://registry.npmjs.org/browserslist cache-miss
1717 silly fetch manifest @babel/compat-data@^7.28.6
1718 silly packumentCache full:https://registry.npmjs.org/@babel%2fcompat-data cache-miss
1719 silly fetch manifest @babel/helper-validator-option@^7.27.1
1720 silly packumentCache full:https://registry.npmjs.org/@babel%2fhelper-validator-option cache-miss
1721 silly fetch manifest @babel/traverse@^7.28.6
1722 silly packumentCache full:https://registry.npmjs.org/@babel%2ftraverse cache-miss
1723 silly fetch manifest @babel/helper-module-imports@^7.28.6
1724 silly packumentCache full:https://registry.npmjs.org/@babel%2fhelper-module-imports cache-miss
1725 silly fetch manifest @babel/helper-validator-identifier@^7.28.5
1726 silly packumentCache full:https://registry.npmjs.org/@babel%2fhelper-validator-identifier cache-miss
1727 silly fetch manifest @babel/types@^7.28.6
1728 silly packumentCache full:https://registry.npmjs.org/@babel%2ftypes cache-miss
1729 silly fetch manifest @babel/helper-globals@^7.28.0
1730 silly packumentCache full:https://registry.npmjs.org/@babel%2fhelper-globals cache-miss
1731 silly fetch manifest @babel/helper-string-parser@^7.27.1
1732 silly packumentCache full:https://registry.npmjs.org/@babel%2fhelper-string-parser cache-miss
1733 silly fetch manifest @babel/helper-validator-identifier@^7.28.5
1734 silly packumentCache full:https://registry.npmjs.org/@babel%2fhelper-validator-identifier cache-miss
1735 http cache https://registry.npmjs.org/@babel%2ftraverse 16ms (cache hit)
1736 silly packumentCache full:https://registry.npmjs.org/@babel%2ftraverse set size:548722 disposed:false
1737 http cache https://registry.npmjs.org/@babel%2ftypes 19ms (cache hit)
1738 silly packumentCache full:https://registry.npmjs.org/@babel%2ftypes set size:487885 disposed:false
1739 http fetch GET 200 https://registry.npmjs.org/@babel%2fhelper-globals 273ms (cache miss)
1740 silly packumentCache full:https://registry.npmjs.org/@babel%2fhelper-globals set size:undefined disposed:false
1741 http fetch GET 200 https://registry.npmjs.org/lru-cache 281ms (cache miss)
1742 silly packumentCache full:https://registry.npmjs.org/lru-cache set size:undefined disposed:false
1743 http fetch GET 200 https://registry.npmjs.org/jsesc 285ms (cache miss)
1744 silly packumentCache full:https://registry.npmjs.org/jsesc set size:undefined disposed:false
1745 http fetch GET 200 https://registry.npmjs.org/js-tokens 293ms (cache miss)
1746 silly packumentCache full:https://registry.npmjs.org/js-tokens set size:undefined disposed:false
1747 http fetch GET 200 https://registry.npmjs.org/@babel%2fhelper-validator-identifier 296ms (cache miss)
1748 silly packumentCache full:https://registry.npmjs.org/@babel%2fhelper-validator-identifier set size:undefined disposed:false
1749 http fetch GET 200 https://registry.npmjs.org/@babel%2fcompat-data 345ms (cache miss)
1750 silly packumentCache full:https://registry.npmjs.org/@babel%2fcompat-data set size:undefined disposed:false
1751 http fetch GET 200 https://registry.npmjs.org/@babel%2fhelper-validator-identifier 351ms (cache miss)
1752 silly packumentCache full:https://registry.npmjs.org/@babel%2fhelper-validator-identifier set size:undefined disposed:false
1753 http fetch GET 200 https://registry.npmjs.org/browserslist 354ms (cache miss)
1754 silly packumentCache full:https://registry.npmjs.org/browserslist set size:undefined disposed:false
1755 http fetch GET 200 https://registry.npmjs.org/@babel%2fhelper-module-imports 358ms (cache miss)
1756 silly packumentCache full:https://registry.npmjs.org/@babel%2fhelper-module-imports set size:undefined disposed:false
1757 http fetch GET 200 https://registry.npmjs.org/@babel%2fhelper-validator-identifier 360ms (cache miss)
1758 silly packumentCache full:https://registry.npmjs.org/@babel%2fhelper-validator-identifier set size:undefined disposed:false
1759 http fetch GET 200 https://registry.npmjs.org/@babel%2fhelper-string-parser 832ms (cache miss)
1760 silly packumentCache full:https://registry.npmjs.org/@babel%2fhelper-string-parser set size:undefined disposed:false
1761 http fetch GET 200 https://registry.npmjs.org/@babel%2fhelper-validator-option 869ms (cache miss)
1762 silly packumentCache full:https://registry.npmjs.org/@babel%2fhelper-validator-option set size:undefined disposed:false
1763 silly placeDep ROOT @babel/helper-validator-identifier@7.28.5 OK for: @babel/code-frame@7.29.0 want: ^7.28.5
1764 silly placeDep ROOT js-tokens@4.0.0 OK for: @babel/code-frame@7.29.0 want: ^4.0.0
1765 silly placeDep ROOT picocolors@1.1.1 OK for: @babel/code-frame@7.29.0 want: ^1.1.1
1766 silly placeDep ROOT jsesc@3.1.0 OK for: @babel/generator@7.29.1 want: ^3.0.2
1767 silly placeDep ROOT @babel/compat-data@7.29.0 OK for: @babel/helper-compilation-targets@7.28.6 want: ^7.28.6
1768 silly placeDep ROOT @babel/helper-validator-option@7.27.1 OK for: @babel/helper-compilation-targets@7.28.6 want: ^7.27.1
1769 silly placeDep ROOT browserslist@4.28.2 OK for: @babel/helper-compilation-targets@7.28.6 want: ^4.24.0
1770 silly placeDep ROOT lru-cache@5.1.1 OK for: @babel/helper-compilation-targets@7.28.6 want: ^5.1.1
1771 silly fetch manifest baseline-browser-mapping@^2.10.12
1772 silly packumentCache full:https://registry.npmjs.org/baseline-browser-mapping cache-miss
1773 silly fetch manifest caniuse-lite@^1.0.30001782
1774 silly packumentCache full:https://registry.npmjs.org/caniuse-lite cache-miss
1775 silly fetch manifest electron-to-chromium@^1.5.328
1776 silly packumentCache full:https://registry.npmjs.org/electron-to-chromium cache-miss
1777 silly fetch manifest node-releases@^2.0.36
1778 silly packumentCache full:https://registry.npmjs.org/node-releases cache-miss
1779 silly fetch manifest update-browserslist-db@^1.2.3
1780 silly packumentCache full:https://registry.npmjs.org/update-browserslist-db cache-miss
1781 silly fetch manifest yallist@^3.0.2
1782 silly packumentCache full:https://registry.npmjs.org/yallist cache-miss
1783 http fetch GET 200 https://registry.npmjs.org/yallist 270ms (cache miss)
1784 silly packumentCache full:https://registry.npmjs.org/yallist set size:undefined disposed:false
1785 http fetch GET 200 https://registry.npmjs.org/update-browserslist-db 400ms (cache miss)
1786 silly packumentCache full:https://registry.npmjs.org/update-browserslist-db set size:undefined disposed:false
1787 http fetch GET 200 https://registry.npmjs.org/baseline-browser-mapping 651ms (cache miss)
1788 silly packumentCache full:https://registry.npmjs.org/baseline-browser-mapping set size:undefined disposed:false
1789 http fetch GET 200 https://registry.npmjs.org/node-releases 660ms (cache miss)
1790 silly packumentCache full:https://registry.npmjs.org/node-releases set size:undefined disposed:false
1791 http fetch GET 200 https://registry.npmjs.org/electron-to-chromium 1907ms (cache miss)
1792 silly packumentCache full:https://registry.npmjs.org/electron-to-chromium set size:undefined disposed:false
1793 http fetch GET 200 https://registry.npmjs.org/caniuse-lite 2781ms (cache miss)
1794 silly packumentCache full:https://registry.npmjs.org/caniuse-lite set size:undefined disposed:false
1795 silly placeDep ROOT @babel/helper-module-imports@7.28.6 OK for: @babel/helper-module-transforms@7.28.6 want: ^7.28.6
1796 silly placeDep ROOT @babel/helper-globals@7.28.0 OK for: @babel/traverse@7.29.0 want: ^7.28.0
1797 silly placeDep ROOT @babel/helper-string-parser@7.27.1 OK for: @babel/types@7.29.0 want: ^7.27.1
1798 silly fetch manifest browserslist@>= 4.21.0
1799 silly packumentCache full:https://registry.npmjs.org/browserslist cache-miss
1800 http cache https://registry.npmjs.org/browserslist 36ms (cache hit)
1801 silly packumentCache full:https://registry.npmjs.org/browserslist set size:504681 disposed:false
1802 silly placeDep ROOT baseline-browser-mapping@2.10.23 OK for: browserslist@4.28.2 want: ^2.10.12
1803 silly placeDep ROOT caniuse-lite@1.0.30001791 OK for: browserslist@4.28.2 want: ^1.0.30001782
1804 silly placeDep ROOT electron-to-chromium@1.5.344 OK for: browserslist@4.28.2 want: ^1.5.328
1805 silly placeDep ROOT node-releases@2.0.38 OK for: browserslist@4.28.2 want: ^2.0.36
1806 silly placeDep ROOT update-browserslist-db@1.2.3 OK for: browserslist@4.28.2 want: ^1.2.3
1807 silly fetch manifest escalade@^3.2.0
1808 silly packumentCache full:https://registry.npmjs.org/escalade cache-miss
1809 http fetch GET 200 https://registry.npmjs.org/escalade 247ms (cache miss)
1810 silly packumentCache full:https://registry.npmjs.org/escalade set size:undefined disposed:false
1811 silly placeDep ROOT esrecurse@4.3.0 OK for: eslint-scope@8.4.0 want: ^4.3.0
1812 silly placeDep ROOT estraverse@5.3.0 OK for: eslint-scope@8.4.0 want: ^5.2.0
1813 silly placeDep ROOT acorn@8.16.0 OK for: espree@10.4.0 want: ^8.15.0
1814 silly placeDep ROOT acorn-jsx@5.3.2 OK for: espree@10.4.0 want: ^5.3.2
1815 silly placeDep ROOT flat-cache@4.0.1 OK for: file-entry-cache@8.0.0 want: ^4.0.0
1816 silly fetch manifest keyv@^4.5.4
1817 silly packumentCache full:https://registry.npmjs.org/keyv cache-miss
1818 silly fetch manifest flatted@^3.2.9
1819 silly packumentCache full:https://registry.npmjs.org/flatted cache-miss
1820 http fetch GET 200 https://registry.npmjs.org/keyv 292ms (cache revalidated)
1821 silly packumentCache full:https://registry.npmjs.org/keyv set size:215840 disposed:false
1822 http fetch GET 200 https://registry.npmjs.org/flatted 294ms (cache revalidated)
1823 silly packumentCache full:https://registry.npmjs.org/flatted set size:137347 disposed:false
1824 silly placeDep ROOT locate-path@6.0.0 OK for: find-up@5.0.0 want: ^6.0.0
1825 silly placeDep ROOT path-exists@4.0.0 OK for: find-up@5.0.0 want: ^4.0.0
1826 silly fetch manifest p-locate@^5.0.0
1827 silly packumentCache full:https://registry.npmjs.org/p-locate cache-miss
1828 http fetch GET 200 https://registry.npmjs.org/p-locate 269ms (cache revalidated)
1829 silly packumentCache full:https://registry.npmjs.org/p-locate set size:22488 disposed:false
1830 silly placeDep ROOT flatted@3.4.2 OK for: flat-cache@4.0.1 want: ^3.2.9
1831 silly placeDep ROOT keyv@4.5.4 OK for: flat-cache@4.0.1 want: ^4.5.4
1832 silly fetch manifest json-buffer@3.0.1
1833 silly packumentCache full:https://registry.npmjs.org/json-buffer cache-miss
1834 http fetch GET 200 https://registry.npmjs.org/json-buffer 239ms (cache revalidated)
1835 silly packumentCache full:https://registry.npmjs.org/json-buffer set size:23474 disposed:false
1836 silly placeDep ROOT asynckit@0.4.0 OK for: form-data@4.0.5 want: ^0.4.0
1837 silly placeDep ROOT combined-stream@1.0.8 OK for: form-data@4.0.5 want: ^1.0.8
1838 silly placeDep ROOT es-set-tostringtag@2.1.0 OK for: form-data@4.0.5 want: ^2.1.0
1839 silly placeDep ROOT hasown@2.0.3 OK for: form-data@4.0.5 want: ^2.0.2
1840 silly placeDep ROOT mime-types@2.1.35 OK for: form-data@4.0.5 want: ^2.1.12
1841 silly fetch manifest delayed-stream@~1.0.0
1842 silly packumentCache full:https://registry.npmjs.org/delayed-stream cache-miss
1843 silly fetch manifest es-errors@^1.3.0
1844 silly packumentCache full:https://registry.npmjs.org/es-errors cache-miss
1845 silly fetch manifest get-intrinsic@^1.2.6
1846 silly packumentCache full:https://registry.npmjs.org/get-intrinsic cache-miss
1847 silly fetch manifest has-tostringtag@^1.0.2
1848 silly packumentCache full:https://registry.npmjs.org/has-tostringtag cache-miss
1849 silly fetch manifest function-bind@^1.1.2
1850 silly packumentCache full:https://registry.npmjs.org/function-bind cache-miss
1851 silly fetch manifest mime-db@1.52.0
1852 silly packumentCache full:https://registry.npmjs.org/mime-db cache-miss
1853 http fetch GET 200 https://registry.npmjs.org/delayed-stream 312ms (cache revalidated)
1854 silly packumentCache full:https://registry.npmjs.org/delayed-stream set size:15820 disposed:false
1855 http fetch GET 200 https://registry.npmjs.org/get-intrinsic 329ms (cache revalidated)
1856 silly packumentCache full:https://registry.npmjs.org/get-intrinsic set size:60985 disposed:false
1857 http fetch GET 200 https://registry.npmjs.org/mime-db 329ms (cache revalidated)
1858 silly packumentCache full:https://registry.npmjs.org/mime-db set size:164953 disposed:false
1859 http fetch GET 200 https://registry.npmjs.org/function-bind 331ms (cache revalidated)
1860 silly packumentCache full:https://registry.npmjs.org/function-bind set size:15733 disposed:false
1861 http fetch GET 200 https://registry.npmjs.org/has-tostringtag 338ms (cache revalidated)
1862 silly packumentCache full:https://registry.npmjs.org/has-tostringtag set size:13945 disposed:false
1863 http fetch GET 200 https://registry.npmjs.org/es-errors 359ms (cache revalidated)
1864 silly packumentCache full:https://registry.npmjs.org/es-errors set size:16918 disposed:false
1865 silly placeDep ROOT delayed-stream@1.0.0 OK for: combined-stream@1.0.8 want: ~1.0.0
1866 silly placeDep ROOT es-errors@1.3.0 OK for: es-set-tostringtag@2.1.0 want: ^1.3.0
1867 silly placeDep ROOT get-intrinsic@1.3.0 OK for: es-set-tostringtag@2.1.0 want: ^1.2.6
1868 silly placeDep ROOT has-tostringtag@1.0.2 OK for: es-set-tostringtag@2.1.0 want: ^1.0.2
1869 silly fetch manifest gopd@^1.2.0
1870 silly packumentCache full:https://registry.npmjs.org/gopd cache-miss
1871 silly fetch manifest get-proto@^1.0.1
1872 silly packumentCache full:https://registry.npmjs.org/get-proto cache-miss
1873 silly fetch manifest has-symbols@^1.1.0
1874 silly packumentCache full:https://registry.npmjs.org/has-symbols cache-miss
1875 silly fetch manifest es-object-atoms@^1.1.1
1876 silly packumentCache full:https://registry.npmjs.org/es-object-atoms cache-miss
1877 silly fetch manifest math-intrinsics@^1.1.0
1878 silly packumentCache full:https://registry.npmjs.org/math-intrinsics cache-miss
1879 silly fetch manifest es-define-property@^1.0.1
1880 silly packumentCache full:https://registry.npmjs.org/es-define-property cache-miss
1881 silly fetch manifest call-bind-apply-helpers@^1.0.2
1882 silly packumentCache full:https://registry.npmjs.org/call-bind-apply-helpers cache-miss
1883 silly fetch manifest has-symbols@^1.0.3
1884 silly packumentCache full:https://registry.npmjs.org/has-symbols cache-miss
1885 http fetch GET 200 https://registry.npmjs.org/get-proto 287ms (cache revalidated)
1886 silly packumentCache full:https://registry.npmjs.org/get-proto set size:8300 disposed:false
1887 http fetch GET 200 https://registry.npmjs.org/es-object-atoms 288ms (cache revalidated)
1888 silly packumentCache full:https://registry.npmjs.org/es-object-atoms set size:15304 disposed:false
1889 http fetch GET 200 https://registry.npmjs.org/has-symbols 289ms (cache revalidated)
1890 silly packumentCache full:https://registry.npmjs.org/has-symbols set size:21550 disposed:false
1891 http fetch GET 200 https://registry.npmjs.org/math-intrinsics 289ms (cache revalidated)
1892 silly packumentCache full:https://registry.npmjs.org/math-intrinsics set size:9265 disposed:false
1893 http fetch GET 200 https://registry.npmjs.org/es-define-property 304ms (cache revalidated)
1894 silly packumentCache full:https://registry.npmjs.org/es-define-property set size:8542 disposed:false
1895 http fetch GET 200 https://registry.npmjs.org/call-bind-apply-helpers 304ms (cache revalidated)
1896 silly packumentCache full:https://registry.npmjs.org/call-bind-apply-helpers set size:12744 disposed:false
1897 http fetch GET 200 https://registry.npmjs.org/has-symbols 673ms (cache revalidated)
1898 silly packumentCache full:https://registry.npmjs.org/has-symbols set size:21550 disposed:false
1899 silly packumentCache full:https://registry.npmjs.org/has-symbols dispose
1900 http fetch GET 200 https://registry.npmjs.org/gopd 737ms (cache revalidated)
1901 silly packumentCache full:https://registry.npmjs.org/gopd set size:11458 disposed:false
1902 silly placeDep ROOT motion-dom@12.38.0 OK for: framer-motion@12.38.0 want: ^12.38.0
1903 silly placeDep ROOT motion-utils@12.36.0 OK for: framer-motion@12.38.0 want: ^12.36.0
1904 silly placeDep ROOT call-bind-apply-helpers@1.0.2 OK for: get-intrinsic@1.3.0 want: ^1.0.2
1905 silly placeDep ROOT es-define-property@1.0.1 OK for: get-intrinsic@1.3.0 want: ^1.0.1
1906 silly placeDep ROOT es-object-atoms@1.1.1 OK for: get-intrinsic@1.3.0 want: ^1.1.1
1907 silly placeDep ROOT function-bind@1.1.2 OK for: get-intrinsic@1.3.0 want: ^1.1.2
1908 silly placeDep ROOT get-proto@1.0.1 OK for: get-intrinsic@1.3.0 want: ^1.0.1
1909 silly placeDep ROOT gopd@1.2.0 OK for: get-intrinsic@1.3.0 want: ^1.2.0
1910 silly placeDep ROOT has-symbols@1.1.0 OK for: get-intrinsic@1.3.0 want: ^1.1.0
1911 silly placeDep ROOT math-intrinsics@1.1.0 OK for: get-intrinsic@1.3.0 want: ^1.1.0
1912 silly fetch manifest dunder-proto@^1.0.1
1913 silly packumentCache full:https://registry.npmjs.org/dunder-proto cache-miss
1914 http fetch GET 200 https://registry.npmjs.org/dunder-proto 278ms (cache revalidated)
1915 silly packumentCache full:https://registry.npmjs.org/dunder-proto set size:8256 disposed:false
1916 silly placeDep ROOT dunder-proto@1.0.1 OK for: get-proto@1.0.1 want: ^1.0.1
1917 silly placeDep ROOT hermes-estree@0.25.1 OK for: hermes-parser@0.25.1 want: 0.25.1
1918 silly placeDep ROOT parent-module@1.0.1 OK for: import-fresh@3.3.1 want: ^1.0.0
1919 silly placeDep ROOT resolve-from@4.0.0 OK for: import-fresh@3.3.1 want: ^4.0.0
1920 silly fetch manifest callsites@^3.0.0
1921 silly packumentCache full:https://registry.npmjs.org/callsites cache-miss
1922 http fetch GET 200 https://registry.npmjs.org/callsites 277ms (cache revalidated)
1923 silly packumentCache full:https://registry.npmjs.org/callsites set size:21349 disposed:false
1924 silly placeDep ROOT is-extglob@2.1.1 OK for: is-glob@4.0.3 want: ^2.1.1
1925 silly placeDep ROOT argparse@2.0.1 OK for: js-yaml@4.1.1 want: ^2.0.1
1926 silly placeDep ROOT json-buffer@3.0.1 OK for: keyv@4.5.4 want: 3.0.1
1927 silly placeDep ROOT prelude-ls@1.2.1 OK for: levn@0.4.1 want: ^1.2.1
1928 silly placeDep ROOT type-check@0.4.0 OK for: levn@0.4.1 want: ~0.4.0
1929 silly placeDep ROOT detect-libc@2.1.2 OK for: lightningcss@1.32.0 want: ^2.0.3
1930 silly placeDep ROOT lightningcss-android-arm64@1.32.0 OK for: lightningcss@1.32.0 want: 1.32.0
1931 silly placeDep ROOT lightningcss-darwin-arm64@1.32.0 OK for: lightningcss@1.32.0 want: 1.32.0
1932 silly placeDep ROOT lightningcss-darwin-x64@1.32.0 OK for: lightningcss@1.32.0 want: 1.32.0
1933 silly placeDep ROOT lightningcss-freebsd-x64@1.32.0 OK for: lightningcss@1.32.0 want: 1.32.0
1934 silly placeDep ROOT lightningcss-linux-arm-gnueabihf@1.32.0 OK for: lightningcss@1.32.0 want: 1.32.0
1935 silly placeDep ROOT lightningcss-linux-arm64-gnu@1.32.0 OK for: lightningcss@1.32.0 want: 1.32.0
1936 silly placeDep ROOT lightningcss-linux-arm64-musl@1.32.0 OK for: lightningcss@1.32.0 want: 1.32.0
1937 silly placeDep ROOT lightningcss-linux-x64-gnu@1.32.0 OK for: lightningcss@1.32.0 want: 1.32.0
1938 silly placeDep ROOT lightningcss-linux-x64-musl@1.32.0 OK for: lightningcss@1.32.0 want: 1.32.0
1939 silly placeDep ROOT lightningcss-win32-arm64-msvc@1.32.0 OK for: lightningcss@1.32.0 want: 1.32.0
1940 silly placeDep ROOT lightningcss-win32-x64-msvc@1.32.0 OK for: lightningcss@1.32.0 want: 1.32.0
1941 silly placeDep ROOT p-locate@5.0.0 OK for: locate-path@6.0.0 want: ^5.0.0
1942 silly fetch manifest p-limit@^3.0.2
1943 silly packumentCache full:https://registry.npmjs.org/p-limit cache-miss
1944 http fetch GET 200 https://registry.npmjs.org/p-limit 566ms (cache miss)
1945 silly packumentCache full:https://registry.npmjs.org/p-limit set size:undefined disposed:false
1946 silly placeDep ROOT yallist@3.1.1 OK for: lru-cache@5.1.1 want: ^3.0.2
1947 silly placeDep ROOT mime-db@1.52.0 OK for: mime-types@2.1.35 want: 1.52.0
1948 silly placeDep ROOT brace-expansion@1.1.14 OK for: minimatch@3.1.5 want: ^1.1.7
1949 silly fetch manifest concat-map@0.0.1
1950 silly packumentCache full:https://registry.npmjs.org/concat-map cache-miss
1951 silly fetch manifest balanced-match@^1.0.0
1952 silly packumentCache full:https://registry.npmjs.org/balanced-match cache-miss
1953 http fetch GET 200 https://registry.npmjs.org/concat-map 284ms (cache miss)
1954 silly packumentCache full:https://registry.npmjs.org/concat-map set size:undefined disposed:false
1955 http fetch GET 200 https://registry.npmjs.org/balanced-match 848ms (cache miss)
1956 silly packumentCache full:https://registry.npmjs.org/balanced-match set size:undefined disposed:false
1957 silly placeDep ROOT balanced-match@1.0.2 OK for: brace-expansion@1.1.14 want: ^1.0.0
1958 silly placeDep ROOT concat-map@0.0.1 OK for: brace-expansion@1.1.14 want: 0.0.1
1959 silly placeDep ROOT deep-is@0.1.4 OK for: optionator@0.9.4 want: ^0.1.3
1960 silly placeDep ROOT fast-levenshtein@2.0.6 OK for: optionator@0.9.4 want: ^2.0.6
1961 silly placeDep ROOT word-wrap@1.2.5 OK for: optionator@0.9.4 want: ^1.2.5
1962 silly placeDep ROOT p-limit@3.1.0 OK for: p-locate@5.0.0 want: ^3.0.2
1963 silly fetch manifest yocto-queue@^0.1.0
1964 silly packumentCache full:https://registry.npmjs.org/yocto-queue cache-miss
1965 http fetch GET 200 https://registry.npmjs.org/yocto-queue 1517ms (cache miss)
1966 silly packumentCache full:https://registry.npmjs.org/yocto-queue set size:undefined disposed:false
1967 silly placeDep ROOT yocto-queue@0.1.0 OK for: p-limit@3.1.0 want: ^0.1.0
1968 silly placeDep ROOT callsites@3.1.0 OK for: parent-module@1.0.1 want: ^3.0.0
1969 silly placeDep ROOT nanoid@3.3.11 OK for: postcss@8.5.12 want: ^3.3.11
1970 silly placeDep ROOT cssesc@3.0.0 OK for: postcss-selector-parser@6.0.10 want: ^3.0.0
1971 silly placeDep ROOT util-deprecate@1.0.2 OK for: postcss-selector-parser@6.0.10 want: ^1.0.2
1972 silly placeDep ROOT loose-envify@1.4.0 OK for: react@18.3.1 want: ^1.1.0
1973 silly placeDep ROOT @date-fns/tz@1.4.1 OK for: react-day-picker@9.14.0 want: ^1.4.1
1974 silly placeDep ROOT @tabby_ai/hijri-converter@1.0.5 OK for: react-day-picker@9.14.0 want: 1.0.5
1975 silly placeDep node_modules/react-day-picker date-fns@4.1.0 OK for: react-day-picker@9.14.0 want: ^4.1.0
1976 silly placeDep ROOT date-fns-jalali@4.1.0-0 OK for: react-day-picker@9.14.0 want: 4.1.0-0
1977 silly placeDep ROOT scheduler@0.23.2 OK for: react-dom@18.3.1 want: ^0.23.2
1978 silly fetch manifest react@^16.8.0 || ^17.0.0 || ^18.0.0 || ^19.0.0 || ^19.0.0-rc
1979 silly packumentCache full:https://registry.npmjs.org/react cache-miss
1980 http cache https://registry.npmjs.org/react 54ms (cache hit)
1981 silly packumentCache full:https://registry.npmjs.org/react set size:6625721 disposed:false
1982 silly placeDep ROOT react-remove-scroll-bar@2.3.8 OK for: react-remove-scroll@2.7.2 want: ^2.3.7
1983 silly placeDep ROOT react-style-singleton@2.2.3 OK for: react-remove-scroll@2.7.2 want: ^2.2.3
1984 silly placeDep ROOT use-callback-ref@1.3.3 OK for: react-remove-scroll@2.7.2 want: ^1.3.3
1985 silly placeDep ROOT use-sidecar@1.1.3 OK for: react-remove-scroll@2.7.2 want: ^1.1.3
1986 silly fetch manifest react-style-singleton@^2.2.2
1987 silly packumentCache full:https://registry.npmjs.org/react-style-singleton cache-miss
1988 silly fetch manifest get-nonce@^1.0.0
1989 silly packumentCache full:https://registry.npmjs.org/get-nonce cache-miss
1990 silly fetch manifest detect-node-es@^1.1.0
1991 silly packumentCache full:https://registry.npmjs.org/detect-node-es cache-miss
1992 http cache https://registry.npmjs.org/react-style-singleton 9ms (cache hit)
1993 silly packumentCache full:https://registry.npmjs.org/react-style-singleton set size:33682 disposed:false
1994 http fetch GET 200 https://registry.npmjs.org/detect-node-es 241ms (cache miss)
1995 silly packumentCache full:https://registry.npmjs.org/detect-node-es set size:undefined disposed:false
1996 http fetch GET 200 https://registry.npmjs.org/get-nonce 278ms (cache miss)
1997 silly packumentCache full:https://registry.npmjs.org/get-nonce set size:undefined disposed:false
1998 silly fetch manifest react@>=16.8
1999 silly packumentCache full:https://registry.npmjs.org/react cache-miss
2000 http cache https://registry.npmjs.org/react 47ms (cache hit)
2001 silly packumentCache full:https://registry.npmjs.org/react set size:6625721 disposed:false
2002 silly placeDep ROOT @remix-run/router@1.23.2 OK for: react-router-dom@6.30.3 want: 1.23.2
2003 silly placeDep ROOT react-router@6.30.3 OK for: react-router-dom@6.30.3 want: 6.30.3
2004 silly placeDep ROOT get-nonce@1.0.1 OK for: react-style-singleton@2.2.3 want: ^1.0.0
2005 silly fetch manifest react@^16.0.0 || ^17.0.0 || ^18.0.0 || ^19.0.0
2006 silly packumentCache full:https://registry.npmjs.org/react cache-miss
2007 http cache https://registry.npmjs.org/react 23ms (cache hit)
2008 silly packumentCache full:https://registry.npmjs.org/react set size:6625721 disposed:false
2009 silly fetch manifest react-dom@^16.0.0 || ^17.0.0 || ^18.0.0 || ^19.0.0
2010 silly packumentCache full:https://registry.npmjs.org/react-dom cache-miss
2011 http cache https://registry.npmjs.org/react-dom 25ms (cache hit)
2012 silly packumentCache full:https://registry.npmjs.org/react-dom set size:8826021 disposed:false
2013 silly placeDep ROOT eventemitter3@4.0.7 OK for: recharts@2.15.4 want: ^4.0.1
2014 silly placeDep ROOT lodash@4.18.1 OK for: recharts@2.15.4 want: ^4.17.21
2015 silly placeDep ROOT react-is@18.3.1 OK for: recharts@2.15.4 want: ^18.3.1
2016 silly placeDep ROOT react-smooth@4.0.4 OK for: recharts@2.15.4 want: ^4.0.4
2017 silly placeDep ROOT recharts-scale@0.4.5 OK for: recharts@2.15.4 want: ^0.4.4
2018 silly placeDep ROOT tiny-invariant@1.3.3 OK for: recharts@2.15.4 want: ^1.3.1
2019 silly placeDep ROOT victory-vendor@36.9.2 OK for: recharts@2.15.4 want: ^36.6.8
2020 silly fetch manifest fast-equals@^5.0.1
2021 silly packumentCache full:https://registry.npmjs.org/fast-equals cache-miss
2022 silly fetch manifest prop-types@^15.8.1
2023 silly packumentCache full:https://registry.npmjs.org/prop-types cache-miss
2024 silly fetch manifest react-transition-group@^4.4.5
2025 silly packumentCache full:https://registry.npmjs.org/react-transition-group cache-miss
2026 silly fetch manifest decimal.js-light@^2.4.1
2027 silly packumentCache full:https://registry.npmjs.org/decimal.js-light cache-miss
2028 silly fetch manifest d3-ease@^3.0.1
2029 silly packumentCache full:https://registry.npmjs.org/d3-ease cache-miss
2030 silly fetch manifest d3-time@^3.0.0
2031 silly packumentCache full:https://registry.npmjs.org/d3-time cache-miss
2032 silly fetch manifest d3-array@^3.1.6
2033 silly packumentCache full:https://registry.npmjs.org/d3-array cache-miss
2034 silly fetch manifest d3-scale@^4.0.2
2035 silly packumentCache full:https://registry.npmjs.org/d3-scale cache-miss
2036 silly fetch manifest d3-shape@^3.1.0
2037 silly packumentCache full:https://registry.npmjs.org/d3-shape cache-miss
2038 silly fetch manifest d3-timer@^3.0.1
2039 silly packumentCache full:https://registry.npmjs.org/d3-timer cache-miss
2040 silly fetch manifest @types/d3-ease@^3.0.0
2041 silly packumentCache full:https://registry.npmjs.org/@types%2fd3-ease cache-miss
2042 silly fetch manifest @types/d3-time@^3.0.0
2043 silly packumentCache full:https://registry.npmjs.org/@types%2fd3-time cache-miss
2044 silly fetch manifest d3-interpolate@^3.0.1
2045 silly packumentCache full:https://registry.npmjs.org/d3-interpolate cache-miss
2046 silly fetch manifest @types/d3-array@^3.0.3
2047 silly packumentCache full:https://registry.npmjs.org/@types%2fd3-array cache-miss
2048 silly fetch manifest @types/d3-scale@^4.0.2
2049 silly packumentCache full:https://registry.npmjs.org/@types%2fd3-scale cache-miss
2050 http fetch GET 200 https://registry.npmjs.org/d3-timer 334ms (cache miss)
2051 silly packumentCache full:https://registry.npmjs.org/d3-timer set size:undefined disposed:false
2052 silly fetch manifest @types/d3-shape@^3.1.0
2053 silly packumentCache full:https://registry.npmjs.org/@types%2fd3-shape cache-miss
2054 http fetch GET 200 https://registry.npmjs.org/decimal.js-light 341ms (cache miss)
2055 silly packumentCache full:https://registry.npmjs.org/decimal.js-light set size:undefined disposed:false
2056 silly fetch manifest @types/d3-timer@^3.0.0
2057 silly packumentCache full:https://registry.npmjs.org/@types%2fd3-timer cache-miss
2058 http fetch GET 200 https://registry.npmjs.org/react-transition-group 346ms (cache miss)
2059 silly packumentCache full:https://registry.npmjs.org/react-transition-group set size:undefined disposed:false
2060 silly fetch manifest @types/d3-interpolate@^3.0.1
2061 silly packumentCache full:https://registry.npmjs.org/@types%2fd3-interpolate cache-miss
2062 http fetch GET 200 https://registry.npmjs.org/prop-types 348ms (cache miss)
2063 silly packumentCache full:https://registry.npmjs.org/prop-types set size:undefined disposed:false
2064 http fetch GET 200 https://registry.npmjs.org/d3-shape 352ms (cache miss)
2065 silly packumentCache full:https://registry.npmjs.org/d3-shape set size:undefined disposed:false
2066 http fetch GET 200 https://registry.npmjs.org/@types%2fd3-time 354ms (cache miss)
2067 silly packumentCache full:https://registry.npmjs.org/@types%2fd3-time set size:undefined disposed:false
2068 http fetch GET 200 https://registry.npmjs.org/d3-ease 356ms (cache miss)
2069 silly packumentCache full:https://registry.npmjs.org/d3-ease set size:undefined disposed:false
2070 http fetch GET 200 https://registry.npmjs.org/fast-equals 362ms (cache miss)
2071 silly packumentCache full:https://registry.npmjs.org/fast-equals set size:undefined disposed:false
2072 http fetch GET 200 https://registry.npmjs.org/@types%2fd3-shape 350ms (cache miss)
2073 silly packumentCache full:https://registry.npmjs.org/@types%2fd3-shape set size:undefined disposed:false
2074 http fetch GET 200 https://registry.npmjs.org/@types%2fd3-timer 348ms (cache miss)
2075 silly packumentCache full:https://registry.npmjs.org/@types%2fd3-timer set size:undefined disposed:false
2076 http fetch GET 200 https://registry.npmjs.org/d3-interpolate 699ms (cache miss)
2077 silly packumentCache full:https://registry.npmjs.org/d3-interpolate set size:undefined disposed:false
2078 http fetch GET 200 https://registry.npmjs.org/d3-time 703ms (cache miss)
2079 silly packumentCache full:https://registry.npmjs.org/d3-time set size:undefined disposed:false
2080 http fetch GET 200 https://registry.npmjs.org/@types%2fd3-interpolate 358ms (cache miss)
2081 silly packumentCache full:https://registry.npmjs.org/@types%2fd3-interpolate set size:undefined disposed:false
2082 http fetch GET 200 https://registry.npmjs.org/@types%2fd3-ease 706ms (cache miss)
2083 silly packumentCache full:https://registry.npmjs.org/@types%2fd3-ease set size:undefined disposed:false
2084 http fetch GET 200 https://registry.npmjs.org/@types%2fd3-scale 706ms (cache miss)
2085 silly packumentCache full:https://registry.npmjs.org/@types%2fd3-scale set size:undefined disposed:false
2086 http fetch GET 200 https://registry.npmjs.org/d3-array 727ms (cache miss)
2087 silly packumentCache full:https://registry.npmjs.org/d3-array set size:undefined disposed:false
2088 http fetch GET 200 https://registry.npmjs.org/d3-scale 891ms (cache miss)
2089 silly packumentCache full:https://registry.npmjs.org/d3-scale set size:undefined disposed:false
2090 http fetch GET 200 https://registry.npmjs.org/@types%2fd3-array 5400ms (cache miss)
2091 silly packumentCache full:https://registry.npmjs.org/@types%2fd3-array set size:undefined disposed:false
2092 silly fetch manifest react@^16.8.0 || ^17.0.0 || ^18.0.0 || ^19.0.0
2093 silly packumentCache full:https://registry.npmjs.org/react cache-miss
2094 http cache https://registry.npmjs.org/react 17ms (cache hit)
2095 silly packumentCache full:https://registry.npmjs.org/react set size:6625721 disposed:false
2096 silly fetch manifest react-dom@^16.8.0 || ^17.0.0 || ^18.0.0 || ^19.0.0
2097 silly packumentCache full:https://registry.npmjs.org/react-dom cache-miss
2098 http cache https://registry.npmjs.org/react-dom 27ms (cache hit)
2099 silly packumentCache full:https://registry.npmjs.org/react-dom set size:8826021 disposed:false
2100 silly placeDep ROOT fast-equals@5.4.0 OK for: react-smooth@4.0.4 want: ^5.0.1
2101 silly placeDep ROOT prop-types@15.8.1 OK for: react-smooth@4.0.4 want: ^15.8.1
2102 silly placeDep ROOT react-transition-group@4.4.5 OK for: react-smooth@4.0.4 want: ^4.4.5
2103 silly fetch manifest object-assign@^4.1.1
2104 silly packumentCache full:https://registry.npmjs.org/object-assign cache-miss
2105 silly fetch manifest react-is@^16.13.1
2106 silly packumentCache full:https://registry.npmjs.org/react-is cache-miss
2107 silly fetch manifest @babel/runtime@^7.5.5
2108 silly packumentCache full:https://registry.npmjs.org/@babel%2fruntime cache-miss
2109 silly fetch manifest dom-helpers@^5.0.1
2110 silly packumentCache full:https://registry.npmjs.org/dom-helpers cache-miss
2111 http cache https://registry.npmjs.org/react-is 24ms (cache hit)
2112 silly packumentCache full:https://registry.npmjs.org/react-is set size:5361572 disposed:false
2113 http fetch GET 200 https://registry.npmjs.org/object-assign 328ms (cache revalidated)
2114 silly packumentCache full:https://registry.npmjs.org/object-assign set size:28988 disposed:false
2115 http fetch GET 200 https://registry.npmjs.org/dom-helpers 337ms (cache miss)
2116 silly packumentCache full:https://registry.npmjs.org/dom-helpers set size:undefined disposed:false
2117 http fetch GET 200 https://registry.npmjs.org/@babel%2fruntime 594ms (cache miss)
2118 silly packumentCache full:https://registry.npmjs.org/@babel%2fruntime set size:undefined disposed:false
2119 silly placeDep ROOT object-assign@4.1.1 OK for: prop-types@15.8.1 want: ^4.1.1
2120 silly placeDep node_modules/prop-types react-is@16.13.1 OK for: prop-types@15.8.1 want: ^16.13.1
2121 silly placeDep ROOT @babel/runtime@7.29.2 OK for: react-transition-group@4.4.5 want: ^7.5.5
2122 silly placeDep ROOT dom-helpers@5.2.1 OK for: react-transition-group@4.4.5 want: ^5.0.1
2123 silly placeDep ROOT decimal.js-light@2.5.1 OK for: recharts-scale@0.4.5 want: ^2.4.1
2124 silly placeDep ROOT shebang-regex@3.0.0 OK for: shebang-command@2.0.0 want: ^3.0.0
2125 silly placeDep ROOT has-flag@4.0.0 OK for: supports-color@7.2.0 want: ^4.0.0
2126 silly fetch manifest eslint@^8.57.0 || ^9.0.0 || ^10.0.0
2127 silly packumentCache full:https://registry.npmjs.org/eslint cache-miss
2128 http cache https://registry.npmjs.org/eslint 45ms (cache hit)
2129 silly packumentCache full:https://registry.npmjs.org/eslint set size:1983515 disposed:false
2130 silly fetch manifest typescript@>=4.8.4 <6.1.0
2131 silly packumentCache full:https://registry.npmjs.org/typescript cache-miss
2132 http cache https://registry.npmjs.org/typescript 42ms (cache hit)
2133 silly packumentCache full:https://registry.npmjs.org/typescript set size:15409943 disposed:false
2134 silly placeDep ROOT @typescript-eslint/eslint-plugin@8.59.0 OK for: typescript-eslint@8.59.0 want: 8.59.0
2135 silly placeDep ROOT @typescript-eslint/parser@8.59.0 OK for: @typescript-eslint/eslint-plugin@8.59.0 want: ^8.59.0
2136 silly placeDep ROOT @typescript-eslint/typescript-estree@8.59.0 OK for: typescript-eslint@8.59.0 want: 8.59.0
2137 silly placeDep ROOT @typescript-eslint/utils@8.59.0 OK for: typescript-eslint@8.59.0 want: 8.59.0
2138 silly fetch manifest ignore@^7.0.5
2139 silly packumentCache full:https://registry.npmjs.org/ignore cache-hit
2140 silly fetch manifest ts-api-utils@^2.5.0
2141 silly packumentCache full:https://registry.npmjs.org/ts-api-utils cache-miss
2142 silly fetch manifest @typescript-eslint/type-utils@8.59.0
2143 silly packumentCache full:https://registry.npmjs.org/@typescript-eslint%2ftype-utils cache-miss
2144 silly fetch manifest @typescript-eslint/visitor-keys@8.59.0
2145 silly packumentCache full:https://registry.npmjs.org/@typescript-eslint%2fvisitor-keys cache-miss
2146 silly fetch manifest @typescript-eslint/scope-manager@8.59.0
2147 silly packumentCache full:https://registry.npmjs.org/@typescript-eslint%2fscope-manager cache-miss
2148 silly fetch manifest @typescript-eslint/types@8.59.0
2149 silly packumentCache full:https://registry.npmjs.org/@typescript-eslint%2ftypes cache-miss
2150 silly fetch manifest @typescript-eslint/visitor-keys@8.59.0
2151 silly packumentCache full:https://registry.npmjs.org/@typescript-eslint%2fvisitor-keys cache-miss
2152 silly fetch manifest @typescript-eslint/scope-manager@8.59.0
2153 silly packumentCache full:https://registry.npmjs.org/@typescript-eslint%2fscope-manager cache-miss
2154 silly fetch manifest semver@^7.7.3
2155 silly packumentCache full:https://registry.npmjs.org/semver cache-miss
2156 silly fetch manifest minimatch@^10.2.2
2157 silly packumentCache full:https://registry.npmjs.org/minimatch cache-hit
2158 silly fetch manifest tinyglobby@^0.2.15
2159 silly packumentCache full:https://registry.npmjs.org/tinyglobby cache-miss
2160 silly fetch manifest ts-api-utils@^2.5.0
2161 silly packumentCache full:https://registry.npmjs.org/ts-api-utils cache-miss
2162 silly fetch manifest @typescript-eslint/types@8.59.0
2163 silly packumentCache full:https://registry.npmjs.org/@typescript-eslint%2ftypes cache-miss
2164 silly fetch manifest @typescript-eslint/visitor-keys@8.59.0
2165 silly packumentCache full:https://registry.npmjs.org/@typescript-eslint%2fvisitor-keys cache-miss
2166 silly fetch manifest @typescript-eslint/tsconfig-utils@8.59.0
2167 silly packumentCache full:https://registry.npmjs.org/@typescript-eslint%2ftsconfig-utils cache-miss
2168 silly fetch manifest @typescript-eslint/project-service@8.59.0
2169 silly packumentCache full:https://registry.npmjs.org/@typescript-eslint%2fproject-service cache-miss
2170 silly fetch manifest @typescript-eslint/types@8.59.0
2171 silly packumentCache full:https://registry.npmjs.org/@typescript-eslint%2ftypes cache-miss
2172 http cache https://registry.npmjs.org/semver 15ms (cache hit)
2173 silly packumentCache full:https://registry.npmjs.org/semver set size:229571 disposed:false
2174 silly fetch manifest @typescript-eslint/scope-manager@8.59.0
2175 silly packumentCache full:https://registry.npmjs.org/@typescript-eslint%2fscope-manager cache-miss
2176 http fetch GET 200 https://registry.npmjs.org/ts-api-utils 378ms (cache miss)
2177 silly packumentCache full:https://registry.npmjs.org/ts-api-utils set size:undefined disposed:false
2178 http fetch GET 200 https://registry.npmjs.org/tinyglobby 955ms (cache miss)
2179 silly packumentCache full:https://registry.npmjs.org/tinyglobby set size:undefined disposed:false
2180 http fetch GET 200 https://registry.npmjs.org/ts-api-utils 1091ms (cache miss)
2181 silly packumentCache full:https://registry.npmjs.org/ts-api-utils set size:undefined disposed:false
2182 http fetch GET 200 https://registry.npmjs.org/@typescript-eslint%2fproject-service 1389ms (cache miss)
2183 silly packumentCache full:https://registry.npmjs.org/@typescript-eslint%2fproject-service set size:undefined disposed:false
2184 http fetch GET 200 https://registry.npmjs.org/@typescript-eslint%2ftype-utils 2442ms (cache miss)
2185 silly packumentCache full:https://registry.npmjs.org/@typescript-eslint%2ftype-utils set size:undefined disposed:false
2186 http fetch GET 200 https://registry.npmjs.org/@typescript-eslint%2ftypes 2666ms (cache miss)
2187 silly packumentCache full:https://registry.npmjs.org/@typescript-eslint%2ftypes set size:undefined disposed:false
2188 http fetch GET 200 https://registry.npmjs.org/@typescript-eslint%2fvisitor-keys 3304ms (cache miss)
2189 silly packumentCache full:https://registry.npmjs.org/@typescript-eslint%2fvisitor-keys set size:undefined disposed:false
2190 http fetch GET 200 https://registry.npmjs.org/@typescript-eslint%2fscope-manager 3427ms (cache miss)
2191 silly packumentCache full:https://registry.npmjs.org/@typescript-eslint%2fscope-manager set size:undefined disposed:false
2192 http fetch GET 200 https://registry.npmjs.org/@typescript-eslint%2fscope-manager 3561ms (cache miss)
2193 silly packumentCache full:https://registry.npmjs.org/@typescript-eslint%2fscope-manager set size:undefined disposed:false
2194 http fetch GET 200 https://registry.npmjs.org/@typescript-eslint%2fscope-manager 3602ms (cache miss)
2195 silly packumentCache full:https://registry.npmjs.org/@typescript-eslint%2fscope-manager set size:undefined disposed:false
2196 http fetch GET 200 https://registry.npmjs.org/@typescript-eslint%2ftypes 3716ms (cache miss)
2197 silly packumentCache full:https://registry.npmjs.org/@typescript-eslint%2ftypes set size:undefined disposed:false
2198 http fetch GET 200 https://registry.npmjs.org/@typescript-eslint%2fvisitor-keys 5280ms (cache miss)
2199 silly packumentCache full:https://registry.npmjs.org/@typescript-eslint%2fvisitor-keys set size:undefined disposed:false
2200 http fetch GET 200 https://registry.npmjs.org/@typescript-eslint%2fvisitor-keys 5998ms (cache miss)
2201 silly packumentCache full:https://registry.npmjs.org/@typescript-eslint%2fvisitor-keys set size:undefined disposed:false
2202 http fetch GET 200 https://registry.npmjs.org/@typescript-eslint%2ftsconfig-utils 10271ms (cache miss)
2203 silly packumentCache full:https://registry.npmjs.org/@typescript-eslint%2ftsconfig-utils set size:undefined disposed:false
2204 http fetch GET 200 https://registry.npmjs.org/@typescript-eslint%2ftypes 11652ms (cache miss)
2205 silly packumentCache full:https://registry.npmjs.org/@typescript-eslint%2ftypes set size:undefined disposed:false
2206 silly placeDep ROOT @typescript-eslint/scope-manager@8.59.0 OK for: @typescript-eslint/eslint-plugin@8.59.0 want: 8.59.0
2207 silly placeDep ROOT @typescript-eslint/type-utils@8.59.0 OK for: @typescript-eslint/eslint-plugin@8.59.0 want: 8.59.0
2208 silly placeDep ROOT @typescript-eslint/visitor-keys@8.59.0 OK for: @typescript-eslint/eslint-plugin@8.59.0 want: 8.59.0
2209 silly placeDep node_modules/@typescript-eslint/eslint-plugin ignore@7.0.5 OK for: @typescript-eslint/eslint-plugin@8.59.0 want: ^7.0.5
2210 silly placeDep ROOT ts-api-utils@2.5.0 OK for: @typescript-eslint/eslint-plugin@8.59.0 want: ^2.5.0
2211 silly fetch manifest eslint-visitor-keys@^5.0.0
2212 silly packumentCache full:https://registry.npmjs.org/eslint-visitor-keys cache-hit
2213 silly placeDep ROOT @typescript-eslint/types@8.59.0 OK for: @typescript-eslint/parser@8.59.0 want: 8.59.0
2214 silly placeDep ROOT @typescript-eslint/project-service@8.59.0 OK for: @typescript-eslint/typescript-estree@8.59.0 want: 8.59.0
2215 silly placeDep ROOT @typescript-eslint/tsconfig-utils@8.59.0 OK for: @typescript-eslint/typescript-estree@8.59.0 want: 8.59.0
2216 silly placeDep node_modules/@typescript-eslint/typescript-estree minimatch@10.2.5 OK for: @typescript-eslint/typescript-estree@8.59.0 want: ^10.2.2
2217 silly placeDep node_modules/@typescript-eslint/typescript-estree semver@7.7.4 OK for: @typescript-eslint/typescript-estree@8.59.0 want: ^7.7.3
2218 silly placeDep ROOT tinyglobby@0.2.16 OK for: @typescript-eslint/typescript-estree@8.59.0 want: ^0.2.15
2219 silly fetch manifest @typescript-eslint/tsconfig-utils@^8.59.0
2220 silly packumentCache full:https://registry.npmjs.org/@typescript-eslint%2ftsconfig-utils cache-miss
2221 silly fetch manifest brace-expansion@^5.0.5
2222 silly packumentCache full:https://registry.npmjs.org/brace-expansion cache-hit
2223 silly fetch manifest fdir@^6.5.0
2224 silly packumentCache full:https://registry.npmjs.org/fdir cache-miss
2225 silly fetch manifest picomatch@^4.0.4
2226 silly packumentCache full:https://registry.npmjs.org/picomatch cache-miss
2227 http cache https://registry.npmjs.org/@typescript-eslint%2ftsconfig-utils 12ms (cache hit)
2228 silly packumentCache full:https://registry.npmjs.org/@typescript-eslint%2ftsconfig-utils set size:1159775 disposed:false
2229 http fetch GET 200 https://registry.npmjs.org/fdir 409ms (cache miss)
2230 silly packumentCache full:https://registry.npmjs.org/fdir set size:undefined disposed:false
2231 http fetch GET 200 https://registry.npmjs.org/picomatch 1137ms (cache miss)
2232 silly packumentCache full:https://registry.npmjs.org/picomatch set size:undefined disposed:false
2233 silly placeDep node_modules/@typescript-eslint/visitor-keys eslint-visitor-keys@5.0.1 OK for: @typescript-eslint/visitor-keys@8.59.0 want: ^5.0.0
2234 silly placeDep ROOT fdir@6.5.0 OK for: tinyglobby@0.2.16 want: ^6.5.0
2235 silly placeDep ROOT picomatch@4.0.4 OK for: tinyglobby@0.2.16 want: ^4.0.4
2236 silly placeDep ROOT escalade@3.2.0 OK for: update-browserslist-db@1.2.3 want: ^3.2.0
2237 silly placeDep ROOT punycode@2.3.1 OK for: uri-js@4.4.1 want: ^2.1.0
2238 silly placeDep ROOT detect-node-es@1.1.0 OK for: use-sidecar@1.1.3 want: ^1.1.0
2239 silly placeDep ROOT @types/d3-array@3.2.2 OK for: victory-vendor@36.9.2 want: ^3.0.3
2240 silly placeDep ROOT @types/d3-ease@3.0.2 OK for: victory-vendor@36.9.2 want: ^3.0.0
2241 silly placeDep ROOT @types/d3-interpolate@3.0.4 OK for: victory-vendor@36.9.2 want: ^3.0.1
2242 silly placeDep ROOT @types/d3-scale@4.0.9 OK for: victory-vendor@36.9.2 want: ^4.0.2
2243 silly placeDep ROOT @types/d3-shape@3.1.8 OK for: victory-vendor@36.9.2 want: ^3.1.0
2244 silly placeDep ROOT @types/d3-time@3.0.4 OK for: victory-vendor@36.9.2 want: ^3.0.0
2245 silly placeDep ROOT @types/d3-timer@3.0.2 OK for: victory-vendor@36.9.2 want: ^3.0.0
2246 silly placeDep ROOT d3-array@3.2.4 OK for: victory-vendor@36.9.2 want: ^3.1.6
2247 silly placeDep ROOT d3-ease@3.0.1 OK for: victory-vendor@36.9.2 want: ^3.0.1
2248 silly placeDep ROOT d3-interpolate@3.0.1 OK for: victory-vendor@36.9.2 want: ^3.0.1
2249 silly placeDep ROOT d3-scale@4.0.2 OK for: victory-vendor@36.9.2 want: ^4.0.2
2250 silly placeDep ROOT d3-shape@3.2.0 OK for: victory-vendor@36.9.2 want: ^3.1.0
2251 silly placeDep ROOT d3-time@3.1.0 OK for: victory-vendor@36.9.2 want: ^3.0.0
2252 silly placeDep ROOT d3-timer@3.0.1 OK for: victory-vendor@36.9.2 want: ^3.0.1
2253 silly fetch manifest @types/d3-color@*
2254 silly packumentCache full:https://registry.npmjs.org/@types%2fd3-color cache-miss
2255 silly fetch manifest @types/d3-time@*
2256 silly packumentCache full:https://registry.npmjs.org/@types%2fd3-time cache-miss
2257 silly fetch manifest @types/d3-path@*
2258 silly packumentCache full:https://registry.npmjs.org/@types%2fd3-path cache-miss
2259 silly fetch manifest internmap@1 - 2
2260 silly packumentCache full:https://registry.npmjs.org/internmap cache-miss
2261 silly fetch manifest d3-color@1 - 3
2262 silly packumentCache full:https://registry.npmjs.org/d3-color cache-miss
2263 silly fetch manifest d3-format@1 - 3
2264 silly packumentCache full:https://registry.npmjs.org/d3-format cache-miss
2265 silly fetch manifest d3-time@2.1.1 - 3
2266 silly packumentCache full:https://registry.npmjs.org/d3-time cache-miss
2267 silly fetch manifest d3-time-format@2 - 4
2268 silly packumentCache full:https://registry.npmjs.org/d3-time-format cache-miss
2269 silly fetch manifest d3-path@^3.1.0
2270 silly packumentCache full:https://registry.npmjs.org/d3-path cache-miss
2271 http cache https://registry.npmjs.org/@types%2fd3-time 15ms (cache hit)
2272 silly packumentCache full:https://registry.npmjs.org/@types%2fd3-time set size:52652 disposed:false
2273 http cache https://registry.npmjs.org/d3-time 16ms (cache hit)
2274 silly packumentCache full:https://registry.npmjs.org/d3-time set size:150406 disposed:false
2275 http fetch GET 200 https://registry.npmjs.org/d3-format 328ms (cache miss)
2276 silly packumentCache full:https://registry.npmjs.org/d3-format set size:undefined disposed:false
2277 http fetch GET 200 https://registry.npmjs.org/d3-color 331ms (cache miss)
2278 silly packumentCache full:https://registry.npmjs.org/d3-color set size:undefined disposed:false
2279 http fetch GET 200 https://registry.npmjs.org/d3-path 334ms (cache miss)
2280 silly packumentCache full:https://registry.npmjs.org/d3-path set size:undefined disposed:false
2281 http fetch GET 200 https://registry.npmjs.org/d3-time-format 338ms (cache miss)
2282 silly packumentCache full:https://registry.npmjs.org/d3-time-format set size:undefined disposed:false
2283 http fetch GET 200 https://registry.npmjs.org/internmap 345ms (cache miss)
2284 silly packumentCache full:https://registry.npmjs.org/internmap set size:undefined disposed:false
2285 http fetch GET 200 https://registry.npmjs.org/@types%2fd3-color 636ms (cache miss)
2286 silly packumentCache full:https://registry.npmjs.org/@types%2fd3-color set size:undefined disposed:false
2287 http fetch GET 200 https://registry.npmjs.org/@types%2fd3-path 809ms (cache miss)
2288 silly packumentCache full:https://registry.npmjs.org/@types%2fd3-path set size:undefined disposed:false
2289 silly placeDep ROOT @types/d3-color@3.1.3 OK for: @types/d3-interpolate@3.0.4 want: *
2290 silly placeDep ROOT @types/d3-path@3.1.1 OK for: @types/d3-shape@3.1.8 want: *
2291 silly placeDep ROOT internmap@2.0.3 OK for: d3-array@3.2.4 want: 1 - 2
2292 silly placeDep ROOT d3-color@3.1.0 OK for: d3-interpolate@3.0.1 want: 1 - 3
2293 silly placeDep ROOT d3-format@3.1.2 OK for: d3-scale@4.0.2 want: 1 - 3
2294 silly placeDep ROOT d3-time-format@4.1.0 OK for: d3-scale@4.0.2 want: 2 - 4
2295 silly placeDep ROOT d3-path@3.1.0 OK for: d3-shape@3.2.0 want: ^3.1.0
2296 silly placeDep ROOT esbuild@0.21.5 OK for: vite@5.4.21 want: ^0.21.3
2297 silly placeDep ROOT fsevents@2.3.3 OK for: vite@5.4.21 want: ~2.3.3
2298 silly placeDep ROOT rollup@4.60.2 OK for: vite@5.4.21 want: ^4.20.0
2299 silly fetch manifest @esbuild/aix-ppc64@0.21.5
2300 silly packumentCache full:https://registry.npmjs.org/@esbuild%2faix-ppc64 cache-miss
2301 silly fetch manifest @esbuild/linux-arm@0.21.5
2302 silly packumentCache full:https://registry.npmjs.org/@esbuild%2flinux-arm cache-miss
2303 silly fetch manifest @esbuild/linux-x64@0.21.5
2304 silly packumentCache full:https://registry.npmjs.org/@esbuild%2flinux-x64 cache-miss
2305 silly fetch manifest @esbuild/sunos-x64@0.21.5
2306 silly packumentCache full:https://registry.npmjs.org/@esbuild%2fsunos-x64 cache-miss
2307 silly fetch manifest @esbuild/win32-x64@0.21.5
2308 silly packumentCache full:https://registry.npmjs.org/@esbuild%2fwin32-x64 cache-miss
2309 silly fetch manifest @esbuild/darwin-x64@0.21.5
2310 silly packumentCache full:https://registry.npmjs.org/@esbuild%2fdarwin-x64 cache-miss
2311 silly fetch manifest @esbuild/linux-ia32@0.21.5
2312 silly packumentCache full:https://registry.npmjs.org/@esbuild%2flinux-ia32 cache-miss
2313 silly fetch manifest @esbuild/netbsd-x64@0.21.5
2314 silly packumentCache full:https://registry.npmjs.org/@esbuild%2fnetbsd-x64 cache-miss
2315 silly fetch manifest @esbuild/win32-ia32@0.21.5
2316 silly packumentCache full:https://registry.npmjs.org/@esbuild%2fwin32-ia32 cache-miss
2317 silly fetch manifest @esbuild/android-arm@0.21.5
2318 silly packumentCache full:https://registry.npmjs.org/@esbuild%2fandroid-arm cache-miss
2319 silly fetch manifest @esbuild/android-x64@0.21.5
2320 silly packumentCache full:https://registry.npmjs.org/@esbuild%2fandroid-x64 cache-miss
2321 silly fetch manifest @esbuild/freebsd-x64@0.21.5
2322 silly packumentCache full:https://registry.npmjs.org/@esbuild%2ffreebsd-x64 cache-miss
2323 silly fetch manifest @esbuild/linux-arm64@0.21.5
2324 silly packumentCache full:https://registry.npmjs.org/@esbuild%2flinux-arm64 cache-miss
2325 silly fetch manifest @esbuild/linux-ppc64@0.21.5
2326 silly packumentCache full:https://registry.npmjs.org/@esbuild%2flinux-ppc64 cache-miss
2327 silly fetch manifest @esbuild/linux-s390x@0.21.5
2328 silly packumentCache full:https://registry.npmjs.org/@esbuild%2flinux-s390x cache-miss
2329 http fetch GET 200 https://registry.npmjs.org/@esbuild%2fwin32-ia32 385ms (cache revalidated)
2330 silly packumentCache full:https://registry.npmjs.org/@esbuild%2fwin32-ia32 set size:196374 disposed:false
2331 silly fetch manifest @esbuild/openbsd-x64@0.21.5
2332 silly packumentCache full:https://registry.npmjs.org/@esbuild%2fopenbsd-x64 cache-miss
2333 http fetch GET 200 https://registry.npmjs.org/@esbuild%2fnetbsd-x64 390ms (cache revalidated)
2334 silly packumentCache full:https://registry.npmjs.org/@esbuild%2fnetbsd-x64 set size:193883 disposed:false
2335 silly fetch manifest @esbuild/win32-arm64@0.21.5
2336 silly packumentCache full:https://registry.npmjs.org/@esbuild%2fwin32-arm64 cache-miss
2337 http fetch GET 200 https://registry.npmjs.org/@esbuild%2flinux-ia32 395ms (cache revalidated)
2338 silly packumentCache full:https://registry.npmjs.org/@esbuild%2flinux-ia32 set size:196150 disposed:false
2339 silly fetch manifest @esbuild/darwin-arm64@0.21.5
2340 silly packumentCache full:https://registry.npmjs.org/@esbuild%2fdarwin-arm64 cache-miss
2341 http fetch GET 200 https://registry.npmjs.org/@esbuild%2fandroid-x64 397ms (cache revalidated)
2342 silly packumentCache full:https://registry.npmjs.org/@esbuild%2fandroid-x64 set size:195551 disposed:false
2343 silly fetch manifest @esbuild/android-arm64@0.21.5
2344 silly packumentCache full:https://registry.npmjs.org/@esbuild%2fandroid-arm64 cache-miss
2345 http fetch GET 200 https://registry.npmjs.org/@esbuild%2flinux-arm 403ms (cache revalidated)
2346 silly packumentCache full:https://registry.npmjs.org/@esbuild%2flinux-arm set size:195140 disposed:false
2347 silly fetch manifest @esbuild/freebsd-arm64@0.21.5
2348 silly packumentCache full:https://registry.npmjs.org/@esbuild%2ffreebsd-arm64 cache-miss
2349 http fetch GET 200 https://registry.npmjs.org/@esbuild%2fwin32-x64 404ms (cache revalidated)
2350 silly packumentCache full:https://registry.npmjs.org/@esbuild%2fwin32-x64 set size:194073 disposed:false
2351 silly fetch manifest @esbuild/linux-loong64@0.21.5
2352 silly packumentCache full:https://registry.npmjs.org/@esbuild%2flinux-loong64 cache-miss
2353 http fetch GET 200 https://registry.npmjs.org/@esbuild%2flinux-x64 406ms (cache revalidated)
2354 silly packumentCache full:https://registry.npmjs.org/@esbuild%2flinux-x64 set size:195479 disposed:false
2355 silly fetch manifest @esbuild/linux-riscv64@0.21.5
2356 silly packumentCache full:https://registry.npmjs.org/@esbuild%2flinux-riscv64 cache-miss
2357 http fetch GET 200 https://registry.npmjs.org/@esbuild%2flinux-arm64 406ms (cache revalidated)
2358 silly packumentCache full:https://registry.npmjs.org/@esbuild%2flinux-arm64 set size:197274 disposed:false
2359 silly fetch manifest @esbuild/linux-mips64el@0.21.5
2360 silly packumentCache full:https://registry.npmjs.org/@esbuild%2flinux-mips64el cache-miss
2361 http fetch GET 200 https://registry.npmjs.org/@esbuild%2flinux-ppc64 408ms (cache revalidated)
2362 silly packumentCache full:https://registry.npmjs.org/@esbuild%2flinux-ppc64 set size:199310 disposed:false
2363 silly fetch manifest @rollup/rollup-darwin-arm64@4.60.2
2364 silly packumentCache full:https://registry.npmjs.org/@rollup%2frollup-darwin-arm64 cache-miss
2365 http fetch GET 200 https://registry.npmjs.org/@esbuild%2ffreebsd-x64 411ms (cache revalidated)
2366 silly packumentCache full:https://registry.npmjs.org/@esbuild%2ffreebsd-x64 set size:197070 disposed:false
2367 silly fetch manifest @rollup/rollup-android-arm64@4.60.2
2368 silly packumentCache full:https://registry.npmjs.org/@rollup%2frollup-android-arm64 cache-miss
2369 http fetch GET 200 https://registry.npmjs.org/@esbuild%2fdarwin-x64 414ms (cache revalidated)
2370 silly packumentCache full:https://registry.npmjs.org/@esbuild%2fdarwin-x64 set size:196195 disposed:false
2371 silly fetch manifest @rollup/rollup-win32-arm64-msvc@4.60.2
2372 silly packumentCache full:https://registry.npmjs.org/@rollup%2frollup-win32-arm64-msvc cache-miss
2373 http fetch GET 200 https://registry.npmjs.org/@esbuild%2faix-ppc64 418ms (cache revalidated)
2374 silly packumentCache full:https://registry.npmjs.org/@esbuild%2faix-ppc64 set size:64314 disposed:false
2375 silly fetch manifest @rollup/rollup-freebsd-arm64@4.60.2
2376 silly packumentCache full:https://registry.npmjs.org/@rollup%2frollup-freebsd-arm64 cache-miss
2377 http fetch GET 200 https://registry.npmjs.org/@esbuild%2flinux-s390x 417ms (cache revalidated)
2378 silly packumentCache full:https://registry.npmjs.org/@esbuild%2flinux-s390x set size:198784 disposed:false
2379 silly fetch manifest @rollup/rollup-linux-arm64-gnu@4.60.2
2380 silly packumentCache full:https://registry.npmjs.org/@rollup%2frollup-linux-arm64-gnu cache-miss
2381 http fetch GET 200 https://registry.npmjs.org/@esbuild%2fandroid-arm64 323ms (cache revalidated)
2382 silly packumentCache full:https://registry.npmjs.org/@esbuild%2fandroid-arm64 set size:200684 disposed:false
2383 silly fetch manifest @rollup/rollup-linux-arm64-musl@4.60.2
2384 silly packumentCache full:https://registry.npmjs.org/@rollup%2frollup-linux-arm64-musl cache-miss
2385 http fetch GET 200 https://registry.npmjs.org/@esbuild%2fwin32-arm64 332ms (cache revalidated)
2386 silly packumentCache full:https://registry.npmjs.org/@esbuild%2fwin32-arm64 set size:197504 disposed:false
2387 silly fetch manifest @rollup/rollup-android-arm-eabi@4.60.2
2388 silly packumentCache full:https://registry.npmjs.org/@rollup%2frollup-android-arm-eabi cache-miss
2389 http fetch GET 200 https://registry.npmjs.org/@esbuild%2flinux-loong64 323ms (cache revalidated)
2390 silly packumentCache full:https://registry.npmjs.org/@esbuild%2flinux-loong64 set size:252211 disposed:false
2391 silly fetch manifest @rollup/rollup-linux-arm-gnueabihf@4.60.2
2392 silly packumentCache full:https://registry.npmjs.org/@rollup%2frollup-linux-arm-gnueabihf cache-miss
2393 http fetch GET 200 https://registry.npmjs.org/@esbuild%2flinux-riscv64 324ms (cache revalidated)
2394 silly packumentCache full:https://registry.npmjs.org/@esbuild%2flinux-riscv64 set size:198981 disposed:false
2395 silly fetch manifest @rollup/rollup-linux-arm-musleabihf@4.60.2
2396 silly packumentCache full:https://registry.npmjs.org/@rollup%2frollup-linux-arm-musleabihf cache-miss
2397 http fetch GET 200 https://registry.npmjs.org/@esbuild%2ffreebsd-arm64 331ms (cache revalidated)
2398 silly packumentCache full:https://registry.npmjs.org/@esbuild%2ffreebsd-arm64 set size:198853 disposed:false
2399 silly fetch manifest @rollup/rollup-win32-ia32-msvc@4.60.2
2400 silly packumentCache full:https://registry.npmjs.org/@rollup%2frollup-win32-ia32-msvc cache-miss
2401 http fetch GET 200 https://registry.npmjs.org/@esbuild%2fdarwin-arm64 341ms (cache revalidated)
2402 silly packumentCache full:https://registry.npmjs.org/@esbuild%2fdarwin-arm64 set size:197958 disposed:false
2403 silly fetch manifest @rollup/rollup-linux-loong64-gnu@4.60.2
2404 silly packumentCache full:https://registry.npmjs.org/@rollup%2frollup-linux-loong64-gnu cache-miss
2405 http fetch GET 200 https://registry.npmjs.org/@esbuild%2fopenbsd-x64 355ms (cache revalidated)
2406 silly packumentCache full:https://registry.npmjs.org/@esbuild%2fopenbsd-x64 set size:197080 disposed:false
2407 silly fetch manifest @rollup/rollup-linux-loong64-musl@4.60.2
2408 silly packumentCache full:https://registry.npmjs.org/@rollup%2frollup-linux-loong64-musl cache-miss
2409 http fetch GET 200 https://registry.npmjs.org/@rollup%2frollup-win32-arm64-msvc 354ms (cache miss)
2410 silly packumentCache full:https://registry.npmjs.org/@rollup%2frollup-win32-arm64-msvc set size:undefined disposed:false
2411 silly fetch manifest @rollup/rollup-linux-riscv64-gnu@4.60.2
2412 silly packumentCache full:https://registry.npmjs.org/@rollup%2frollup-linux-riscv64-gnu cache-miss
2413 http fetch GET 200 https://registry.npmjs.org/@rollup%2frollup-freebsd-arm64 355ms (cache miss)
2414 silly packumentCache full:https://registry.npmjs.org/@rollup%2frollup-freebsd-arm64 set size:undefined disposed:false
2415 silly fetch manifest @rollup/rollup-linux-riscv64-musl@4.60.2
2416 silly packumentCache full:https://registry.npmjs.org/@rollup%2frollup-linux-riscv64-musl cache-miss
2417 http fetch GET 200 https://registry.npmjs.org/@esbuild%2flinux-mips64el 378ms (cache revalidated)
2418 silly packumentCache full:https://registry.npmjs.org/@esbuild%2flinux-mips64el set size:201062 disposed:false
2419 silly fetch manifest @rollup/rollup-linux-ppc64-gnu@4.60.2
2420 silly packumentCache full:https://registry.npmjs.org/@rollup%2frollup-linux-ppc64-gnu cache-miss
2421 http fetch GET 200 https://registry.npmjs.org/@rollup%2frollup-android-arm64 377ms (cache miss)
2422 silly packumentCache full:https://registry.npmjs.org/@rollup%2frollup-android-arm64 set size:undefined disposed:false
2423 silly fetch manifest @rollup/rollup-linux-ppc64-musl@4.60.2
2424 silly packumentCache full:https://registry.npmjs.org/@rollup%2frollup-linux-ppc64-musl cache-miss
2425 http fetch GET 200 https://registry.npmjs.org/@rollup%2frollup-linux-arm64-gnu 381ms (cache miss)
2426 silly packumentCache full:https://registry.npmjs.org/@rollup%2frollup-linux-arm64-gnu set size:undefined disposed:false
2427 silly fetch manifest @rollup/rollup-linux-s390x-gnu@4.60.2
2428 silly packumentCache full:https://registry.npmjs.org/@rollup%2frollup-linux-s390x-gnu cache-miss
2429 http fetch GET 200 https://registry.npmjs.org/@rollup%2frollup-darwin-arm64 393ms (cache miss)
2430 silly packumentCache full:https://registry.npmjs.org/@rollup%2frollup-darwin-arm64 set size:undefined disposed:false
2431 silly fetch manifest @rollup/rollup-darwin-x64@4.60.2
2432 silly packumentCache full:https://registry.npmjs.org/@rollup%2frollup-darwin-x64 cache-miss
2433 http fetch GET 200 https://registry.npmjs.org/@esbuild%2fsunos-x64 831ms (cache revalidated)
2434 silly packumentCache full:https://registry.npmjs.org/@esbuild%2fsunos-x64 set size:195721 disposed:false
2435 silly fetch manifest @rollup/rollup-win32-x64-gnu@4.60.2
2436 silly packumentCache full:https://registry.npmjs.org/@rollup%2frollup-win32-x64-gnu cache-miss
2437 http fetch GET 200 https://registry.npmjs.org/@esbuild%2fandroid-arm 834ms (cache revalidated)
2438 silly packumentCache full:https://registry.npmjs.org/@esbuild%2fandroid-arm set size:221749 disposed:false
2439 silly fetch manifest @rollup/rollup-win32-x64-msvc@4.60.2
2440 silly packumentCache full:https://registry.npmjs.org/@rollup%2frollup-win32-x64-msvc cache-miss
2441 http fetch GET 200 https://registry.npmjs.org/@rollup%2frollup-linux-loong64-musl 291ms (cache miss)
2442 silly packumentCache full:https://registry.npmjs.org/@rollup%2frollup-linux-loong64-musl set size:undefined disposed:false
2443 silly fetch manifest @rollup/rollup-freebsd-x64@4.60.2
2444 silly packumentCache full:https://registry.npmjs.org/@rollup%2frollup-freebsd-x64 cache-miss
2445 http fetch GET 200 https://registry.npmjs.org/@rollup%2frollup-linux-loong64-gnu 306ms (cache miss)
2446 silly packumentCache full:https://registry.npmjs.org/@rollup%2frollup-linux-loong64-gnu set size:undefined disposed:false
2447 silly fetch manifest @rollup/rollup-linux-x64-gnu@4.60.2
2448 silly packumentCache full:https://registry.npmjs.org/@rollup%2frollup-linux-x64-gnu cache-miss
2449 http fetch GET 200 https://registry.npmjs.org/@rollup%2frollup-linux-ppc64-gnu 274ms (cache miss)
2450 silly packumentCache full:https://registry.npmjs.org/@rollup%2frollup-linux-ppc64-gnu set size:undefined disposed:false
2451 silly fetch manifest @rollup/rollup-linux-x64-musl@4.60.2
2452 silly packumentCache full:https://registry.npmjs.org/@rollup%2frollup-linux-x64-musl cache-miss
2453 http fetch GET 200 https://registry.npmjs.org/@rollup%2frollup-linux-arm64-musl 341ms (cache miss)
2454 silly packumentCache full:https://registry.npmjs.org/@rollup%2frollup-linux-arm64-musl set size:undefined disposed:false
2455 silly fetch manifest @rollup/rollup-openbsd-x64@4.60.2
2456 silly packumentCache full:https://registry.npmjs.org/@rollup%2frollup-openbsd-x64 cache-miss
2457 http fetch GET 200 https://registry.npmjs.org/@rollup%2frollup-linux-riscv64-musl 301ms (cache miss)
2458 silly packumentCache full:https://registry.npmjs.org/@rollup%2frollup-linux-riscv64-musl set size:undefined disposed:false
2459 silly fetch manifest @rollup/rollup-openharmony-arm64@4.60.2
2460 silly packumentCache full:https://registry.npmjs.org/@rollup%2frollup-openharmony-arm64 cache-miss
2461 http fetch GET 200 https://registry.npmjs.org/@rollup%2frollup-android-arm-eabi 366ms (cache miss)
2462 silly packumentCache full:https://registry.npmjs.org/@rollup%2frollup-android-arm-eabi set size:undefined disposed:false
2463 http fetch GET 200 https://registry.npmjs.org/@rollup%2frollup-linux-riscv64-gnu 333ms (cache miss)
2464 silly packumentCache full:https://registry.npmjs.org/@rollup%2frollup-linux-riscv64-gnu set size:undefined disposed:false
2465 http fetch GET 200 https://registry.npmjs.org/@rollup%2frollup-linux-arm-gnueabihf 400ms (cache miss)
2466 silly packumentCache full:https://registry.npmjs.org/@rollup%2frollup-linux-arm-gnueabihf set size:undefined disposed:false
2467 http fetch GET 200 https://registry.npmjs.org/@rollup%2frollup-linux-s390x-gnu 348ms (cache miss)
2468 silly packumentCache full:https://registry.npmjs.org/@rollup%2frollup-linux-s390x-gnu set size:undefined disposed:false
2469 http fetch GET 200 https://registry.npmjs.org/@rollup%2frollup-win32-x64-gnu 319ms (cache miss)
2470 silly packumentCache full:https://registry.npmjs.org/@rollup%2frollup-win32-x64-gnu set size:undefined disposed:false
2471 http fetch GET 200 https://registry.npmjs.org/@rollup%2frollup-win32-ia32-msvc 569ms (cache miss)
2472 silly packumentCache full:https://registry.npmjs.org/@rollup%2frollup-win32-ia32-msvc set size:undefined disposed:false
2473 http fetch GET 200 https://registry.npmjs.org/@rollup%2frollup-openbsd-x64 292ms (cache miss)
2474 silly packumentCache full:https://registry.npmjs.org/@rollup%2frollup-openbsd-x64 set size:undefined disposed:false
2475 http fetch GET 200 https://registry.npmjs.org/@rollup%2frollup-linux-ppc64-musl 585ms (cache miss)
2476 silly packumentCache full:https://registry.npmjs.org/@rollup%2frollup-linux-ppc64-musl set size:undefined disposed:false
2477 http fetch GET 200 https://registry.npmjs.org/@rollup%2frollup-darwin-x64 581ms (cache miss)
2478 silly packumentCache full:https://registry.npmjs.org/@rollup%2frollup-darwin-x64 set size:undefined disposed:false
2479 http fetch GET 200 https://registry.npmjs.org/@rollup%2frollup-openharmony-arm64 330ms (cache miss)
2480 silly packumentCache full:https://registry.npmjs.org/@rollup%2frollup-openharmony-arm64 set size:undefined disposed:false
2481 http fetch GET 200 https://registry.npmjs.org/@rollup%2frollup-linux-x64-musl 622ms (cache miss)
2482 silly packumentCache full:https://registry.npmjs.org/@rollup%2frollup-linux-x64-musl set size:undefined disposed:false
2483 http fetch GET 200 https://registry.npmjs.org/@rollup%2frollup-freebsd-x64 855ms (cache miss)
2484 silly packumentCache full:https://registry.npmjs.org/@rollup%2frollup-freebsd-x64 set size:undefined disposed:false
2485 http fetch GET 200 https://registry.npmjs.org/@rollup%2frollup-linux-x64-gnu 999ms (cache miss)
2486 silly packumentCache full:https://registry.npmjs.org/@rollup%2frollup-linux-x64-gnu set size:undefined disposed:false
2487 http fetch GET 200 https://registry.npmjs.org/@rollup%2frollup-linux-arm-musleabihf 1355ms (cache miss)
2488 silly packumentCache full:https://registry.npmjs.org/@rollup%2frollup-linux-arm-musleabihf set size:undefined disposed:false
2489 http fetch GET 200 https://registry.npmjs.org/@rollup%2frollup-win32-x64-msvc 1342ms (cache miss)
2490 silly packumentCache full:https://registry.npmjs.org/@rollup%2frollup-win32-x64-msvc set size:undefined disposed:false
2491 silly placeDep ROOT @esbuild/aix-ppc64@0.21.5 OK for: esbuild@0.21.5 want: 0.21.5
2492 silly placeDep ROOT @esbuild/android-arm@0.21.5 OK for: esbuild@0.21.5 want: 0.21.5
2493 silly placeDep ROOT @esbuild/android-arm64@0.21.5 OK for: esbuild@0.21.5 want: 0.21.5
2494 silly placeDep ROOT @esbuild/android-x64@0.21.5 OK for: esbuild@0.21.5 want: 0.21.5
2495 silly placeDep ROOT @esbuild/darwin-arm64@0.21.5 OK for: esbuild@0.21.5 want: 0.21.5
2496 silly placeDep ROOT @esbuild/darwin-x64@0.21.5 OK for: esbuild@0.21.5 want: 0.21.5
2497 silly placeDep ROOT @esbuild/freebsd-arm64@0.21.5 OK for: esbuild@0.21.5 want: 0.21.5
2498 silly placeDep ROOT @esbuild/freebsd-x64@0.21.5 OK for: esbuild@0.21.5 want: 0.21.5
2499 silly placeDep ROOT @esbuild/linux-arm@0.21.5 OK for: esbuild@0.21.5 want: 0.21.5
2500 silly placeDep ROOT @esbuild/linux-arm64@0.21.5 OK for: esbuild@0.21.5 want: 0.21.5
2501 silly placeDep ROOT @esbuild/linux-ia32@0.21.5 OK for: esbuild@0.21.5 want: 0.21.5
2502 silly placeDep ROOT @esbuild/linux-loong64@0.21.5 OK for: esbuild@0.21.5 want: 0.21.5
2503 silly placeDep ROOT @esbuild/linux-mips64el@0.21.5 OK for: esbuild@0.21.5 want: 0.21.5
2504 silly placeDep ROOT @esbuild/linux-ppc64@0.21.5 OK for: esbuild@0.21.5 want: 0.21.5
2505 silly placeDep ROOT @esbuild/linux-riscv64@0.21.5 OK for: esbuild@0.21.5 want: 0.21.5
2506 silly placeDep ROOT @esbuild/linux-s390x@0.21.5 OK for: esbuild@0.21.5 want: 0.21.5
2507 silly placeDep ROOT @esbuild/linux-x64@0.21.5 OK for: esbuild@0.21.5 want: 0.21.5
2508 silly placeDep ROOT @esbuild/netbsd-x64@0.21.5 OK for: esbuild@0.21.5 want: 0.21.5
2509 silly placeDep ROOT @esbuild/openbsd-x64@0.21.5 OK for: esbuild@0.21.5 want: 0.21.5
2510 silly placeDep ROOT @esbuild/sunos-x64@0.21.5 OK for: esbuild@0.21.5 want: 0.21.5
2511 silly placeDep ROOT @esbuild/win32-arm64@0.21.5 OK for: esbuild@0.21.5 want: 0.21.5
2512 silly placeDep ROOT @esbuild/win32-ia32@0.21.5 OK for: esbuild@0.21.5 want: 0.21.5
2513 silly placeDep ROOT @esbuild/win32-x64@0.21.5 OK for: esbuild@0.21.5 want: 0.21.5
2514 silly placeDep ROOT @rollup/rollup-android-arm-eabi@4.60.2 OK for: rollup@4.60.2 want: 4.60.2
2515 silly placeDep ROOT @rollup/rollup-android-arm64@4.60.2 OK for: rollup@4.60.2 want: 4.60.2
2516 silly placeDep ROOT @rollup/rollup-darwin-arm64@4.60.2 OK for: rollup@4.60.2 want: 4.60.2
2517 silly placeDep ROOT @rollup/rollup-darwin-x64@4.60.2 OK for: rollup@4.60.2 want: 4.60.2
2518 silly placeDep ROOT @rollup/rollup-freebsd-arm64@4.60.2 OK for: rollup@4.60.2 want: 4.60.2
2519 silly placeDep ROOT @rollup/rollup-freebsd-x64@4.60.2 OK for: rollup@4.60.2 want: 4.60.2
2520 silly placeDep ROOT @rollup/rollup-linux-arm-gnueabihf@4.60.2 OK for: rollup@4.60.2 want: 4.60.2
2521 silly placeDep ROOT @rollup/rollup-linux-arm-musleabihf@4.60.2 OK for: rollup@4.60.2 want: 4.60.2
2522 silly placeDep ROOT @rollup/rollup-linux-arm64-gnu@4.60.2 OK for: rollup@4.60.2 want: 4.60.2
2523 silly placeDep ROOT @rollup/rollup-linux-arm64-musl@4.60.2 OK for: rollup@4.60.2 want: 4.60.2
2524 silly placeDep ROOT @rollup/rollup-linux-loong64-gnu@4.60.2 OK for: rollup@4.60.2 want: 4.60.2
2525 silly placeDep ROOT @rollup/rollup-linux-loong64-musl@4.60.2 OK for: rollup@4.60.2 want: 4.60.2
2526 silly placeDep ROOT @rollup/rollup-linux-ppc64-gnu@4.60.2 OK for: rollup@4.60.2 want: 4.60.2
2527 silly placeDep ROOT @rollup/rollup-linux-ppc64-musl@4.60.2 OK for: rollup@4.60.2 want: 4.60.2
2528 silly placeDep ROOT @rollup/rollup-linux-riscv64-gnu@4.60.2 OK for: rollup@4.60.2 want: 4.60.2
2529 silly placeDep ROOT @rollup/rollup-linux-riscv64-musl@4.60.2 OK for: rollup@4.60.2 want: 4.60.2
2530 silly placeDep ROOT @rollup/rollup-linux-s390x-gnu@4.60.2 OK for: rollup@4.60.2 want: 4.60.2
2531 silly placeDep ROOT @rollup/rollup-linux-x64-gnu@4.60.2 OK for: rollup@4.60.2 want: 4.60.2
2532 silly placeDep ROOT @rollup/rollup-linux-x64-musl@4.60.2 OK for: rollup@4.60.2 want: 4.60.2
2533 silly placeDep ROOT @rollup/rollup-openbsd-x64@4.60.2 OK for: rollup@4.60.2 want: 4.60.2
2534 silly placeDep ROOT @rollup/rollup-openharmony-arm64@4.60.2 OK for: rollup@4.60.2 want: 4.60.2
2535 silly placeDep ROOT @rollup/rollup-win32-arm64-msvc@4.60.2 OK for: rollup@4.60.2 want: 4.60.2
2536 silly placeDep ROOT @rollup/rollup-win32-ia32-msvc@4.60.2 OK for: rollup@4.60.2 want: 4.60.2
2537 silly placeDep ROOT @rollup/rollup-win32-x64-gnu@4.60.2 OK for: rollup@4.60.2 want: 4.60.2
2538 silly placeDep ROOT @rollup/rollup-win32-x64-msvc@4.60.2 OK for: rollup@4.60.2 want: 4.60.2
2539 silly placeDep ROOT isexe@2.0.0 OK for: which@2.0.2 want: ^2.0.0
2540 silly placeDep node_modules/@typescript-eslint/typescript-estree brace-expansion@5.0.5 OK for: minimatch@10.2.5 want: ^5.0.5
2541 silly fetch manifest balanced-match@^4.0.2
2542 silly packumentCache full:https://registry.npmjs.org/balanced-match cache-miss
2543 http cache https://registry.npmjs.org/balanced-match 37ms (cache hit)
2544 silly packumentCache full:https://registry.npmjs.org/balanced-match set size:39082 disposed:false
2545 silly placeDep node_modules/@typescript-eslint/typescript-estree balanced-match@4.0.4 OK for: brace-expansion@5.0.5 want: ^4.0.2
2546 silly reify moves {}
2547 silly audit bulk request {
2547 silly audit   '@eslint/js': [ '9.39.4' ],
2547 silly audit   '@hookform/resolvers': [ '3.10.0' ],
2547 silly audit   'react-hook-form': [ '7.74.0' ],
2547 silly audit   react: [ '18.3.1' ],
2547 silly audit   '@radix-ui/react-accordion': [ '1.2.12' ],
2547 silly audit   'react-dom': [ '18.3.1' ],
2547 silly audit   '@radix-ui/react-alert-dialog': [ '1.1.15' ],
2547 silly audit   '@radix-ui/react-aspect-ratio': [ '1.1.8' ],
2547 silly audit   '@radix-ui/react-avatar': [ '1.1.11' ],
2547 silly audit   '@radix-ui/react-checkbox': [ '1.3.3' ],
2547 silly audit   '@radix-ui/react-collapsible': [ '1.1.12' ],
2547 silly audit   '@radix-ui/react-context-menu': [ '2.2.16' ],
2547 silly audit   '@radix-ui/react-dialog': [ '1.1.15' ],
2547 silly audit   '@radix-ui/react-dropdown-menu': [ '2.1.16' ],
2547 silly audit   '@radix-ui/react-hover-card': [ '1.1.15' ],
2547 silly audit   '@radix-ui/react-icons': [ '1.3.2' ],
2547 silly audit   '@radix-ui/react-label': [ '2.1.8' ],
2547 silly audit   '@radix-ui/react-menubar': [ '1.1.16' ],
2547 silly audit   '@radix-ui/react-navigation-menu': [ '1.2.14' ],
2547 silly audit   '@radix-ui/react-popover': [ '1.1.15' ],
2547 silly audit   '@radix-ui/react-progress': [ '1.1.8' ],
2547 silly audit   '@radix-ui/react-radio-group': [ '1.3.8' ],
2547 silly audit   '@radix-ui/react-scroll-area': [ '1.2.10' ],
2547 silly audit   '@radix-ui/react-select': [ '2.2.6' ],
2547 silly audit   '@radix-ui/react-separator': [ '1.1.8' ],
2547 silly audit   '@radix-ui/react-slider': [ '1.3.6' ],
2547 silly audit   '@radix-ui/react-slot': [ '1.2.4', '1.2.3' ],
2547 silly audit   '@radix-ui/react-switch': [ '1.2.6' ],
2547 silly audit   '@radix-ui/react-tabs': [ '1.1.13' ],
2547 silly audit   '@radix-ui/react-toast': [ '1.2.15' ],
2547 silly audit   '@radix-ui/react-toggle': [ '1.1.10' ],
2547 silly audit   '@radix-ui/react-toggle-group': [ '1.1.11' ],
2547 silly audit   '@radix-ui/react-tooltip': [ '1.2.8' ],
2547 silly audit   '@tailwindcss/postcss': [ '4.2.4' ],
2547 silly audit   '@tailwindcss/typography': [ '0.5.19' ],
2547 silly audit   tailwindcss: [ '4.2.4' ],
2547 silly audit   '@tailwindcss/vite': [ '4.2.4' ],
2547 silly audit   vite: [ '5.4.21' ],
2547 silly audit   '@types/axios': [ '0.9.36' ],
2547 silly audit   '@types/node': [ '22.19.17' ],
2547 silly audit   '@types/react': [ '18.3.28' ],
2547 silly audit   '@types/react-dom': [ '18.3.7' ],
2547 silly audit   '@vitejs/plugin-react-swc': [ '3.11.0' ],
2547 silly audit   axios: [ '1.15.2' ],
2547 silly audit   'class-variance-authority': [ '0.7.1' ],
2547 silly audit   clsx: [ '2.1.1' ],
2547 silly audit   cmdk: [ '1.1.1' ],
2547 silly audit   'date-fns': [ '3.6.0', '4.1.0' ],
2547 silly audit   dotenv: [ '16.6.1' ],
2547 silly audit   'embla-carousel-react': [ '8.6.0' ],
2547 silly audit   eslint: [ '9.39.4' ],
2547 silly audit   'eslint-plugin-react-hooks': [ '7.1.1' ],
2547 silly audit   'eslint-plugin-react-refresh': [ '0.4.26' ],
2547 silly audit   'framer-motion': [ '12.38.0' ],
2547 silly audit   globals: [ '15.15.0', '14.0.0' ],
2547 silly audit   'input-otp': [ '1.4.2' ],
2547 silly audit   'lucide-react': [ '0.462.0' ],
2547 silly audit   'next-themes': [ '0.4.6' ],
2547 silly audit   'react-day-picker': [ '9.14.0' ],
2547 silly audit   'react-resizable-panels': [ '2.1.9' ],
2547 silly audit   'react-router-dom': [ '6.30.3' ],
2547 silly audit   recharts: [ '2.15.4' ],
2547 silly audit   sonner: [ '1.7.4' ],
2547 silly audit   'tailwind-merge': [ '2.6.1' ],
2547 silly audit   'tw-animate-css': [ '1.4.0' ],
2547 silly audit   typescript: [ '5.9.3' ],
2547 silly audit   'typescript-eslint': [ '8.59.0' ],
2547 silly audit   vaul: [ '1.1.2' ],
2547 silly audit   zod: [ '3.25.76' ],
2547 silly audit   zustand: [ '4.5.7' ],
2547 silly audit   '@radix-ui/primitive': [ '1.1.3' ],
2547 silly audit   '@radix-ui/react-collection': [ '1.1.7' ],
2547 silly audit   '@radix-ui/react-compose-refs': [ '1.1.2' ],
2547 silly audit   '@radix-ui/react-context': [ '1.1.2', '1.1.3' ],
2547 silly audit   '@radix-ui/react-direction': [ '1.1.1' ],
2547 silly audit   '@radix-ui/react-id': [ '1.1.1' ],
2547 silly audit   '@radix-ui/react-primitive': [ '2.1.3', '2.1.4' ],
2547 silly audit   '@radix-ui/react-use-controllable-state': [ '1.2.2' ],
2547 silly audit   '@radix-ui/react-use-callback-ref': [ '1.1.1' ],
2547 silly audit   '@radix-ui/react-use-is-hydrated': [ '0.1.0' ],
2547 silly audit   '@radix-ui/react-use-layout-effect': [ '1.1.1' ],
2547 silly audit   '@radix-ui/react-presence': [ '1.1.5' ],
2547 silly audit   '@radix-ui/react-use-previous': [ '1.1.1' ],
2547 silly audit   '@radix-ui/react-use-size': [ '1.1.1' ],
2547 silly audit   '@radix-ui/react-menu': [ '2.1.16' ],
2547 silly audit   '@radix-ui/react-dismissable-layer': [ '1.1.11' ],
2547 silly audit   '@radix-ui/react-focus-guards': [ '1.1.3' ],
2547 silly audit   '@radix-ui/react-focus-scope': [ '1.1.7' ],
2547 silly audit   '@radix-ui/react-portal': [ '1.1.9' ],
2547 silly audit   'aria-hidden': [ '1.2.6' ],
2547 silly audit   'react-remove-scroll': [ '2.7.2' ],
2547 silly audit   '@radix-ui/react-use-escape-keydown': [ '1.1.1' ],
2547 silly audit   '@radix-ui/react-popper': [ '1.2.8' ],
2547 silly audit   '@radix-ui/react-roving-focus': [ '1.1.11' ],
2547 silly audit   '@radix-ui/react-visually-hidden': [ '1.2.3' ],
2547 silly audit   '@floating-ui/react-dom': [ '2.1.8' ],
2547 silly audit   '@radix-ui/react-arrow': [ '1.1.7' ],
2547 silly audit   '@radix-ui/react-use-rect': [ '1.1.1' ],
2547 silly audit   '@radix-ui/rect': [ '1.1.1' ],
2547 silly audit   '@floating-ui/dom': [ '1.7.6' ],
2547 silly audit   '@floating-ui/core': [ '1.7.5' ],
2547 silly audit   '@floating-ui/utils': [ '0.2.11' ],
2547 silly audit   '@radix-ui/number': [ '1.1.1' ],
2547 silly audit   '@radix-ui/react-use-effect-event': [ '0.0.2' ],
2547 silly audit   'use-sync-external-store': [ '1.6.0' ],
2547 silly audit   '@alloc/quick-lru': [ '5.2.0' ],
2547 silly audit   '@tailwindcss/node': [ '4.2.4' ],
2547 silly audit   '@tailwindcss/oxide': [ '4.2.4' ],
2547 silly audit   postcss: [ '8.5.12' ],
2547 silly audit   '@jridgewell/remapping': [ '2.3.5' ],
2547 silly audit   'enhanced-resolve': [ '5.21.0' ],
2547 silly audit   jiti: [ '2.6.1' ],
2547 silly audit   lightningcss: [ '1.32.0' ],
2547 silly audit   'magic-string': [ '0.30.21' ],
2547 silly audit   'source-map-js': [ '1.2.1' ],
2547 silly audit   '@jridgewell/gen-mapping': [ '0.3.13' ],
2547 silly audit   '@jridgewell/trace-mapping': [ '0.3.31' ],
2547 silly audit   '@jridgewell/sourcemap-codec': [ '1.5.5' ],
2547 silly audit   '@jridgewell/resolve-uri': [ '3.1.2' ],
2547 silly audit   '@tailwindcss/oxide-android-arm64': [ '4.2.4' ],
2547 silly audit   '@tailwindcss/oxide-darwin-arm64': [ '4.2.4' ],
2547 silly audit   '@tailwindcss/oxide-darwin-x64': [ '4.2.4' ],
2547 silly audit   '@tailwindcss/oxide-freebsd-x64': [ '4.2.4' ],
2547 silly audit   '@tailwindcss/oxide-linux-arm-gnueabihf': [ '4.2.4' ],
2547 silly audit   '@tailwindcss/oxide-linux-arm64-gnu': [ '4.2.4' ],
2547 silly audit   '@tailwindcss/oxide-linux-arm64-musl': [ '4.2.4' ],
2547 silly audit   '@tailwindcss/oxide-linux-x64-gnu': [ '4.2.4' ],
2547 silly audit   '@tailwindcss/oxide-linux-x64-musl': [ '4.2.4' ],
2547 silly audit   '@tailwindcss/oxide-wasm32-wasi': [ '4.2.4' ],
2547 silly audit   '@tailwindcss/oxide-win32-arm64-msvc': [ '4.2.4' ],
2547 silly audit   '@tailwindcss/oxide-win32-x64-msvc': [ '4.2.4' ],
2547 silly audit   'postcss-selector-parser': [ '6.0.10' ],
2547 silly audit   'undici-types': [ '6.21.0' ],
2547 silly audit   '@types/prop-types': [ '15.7.15' ],
2547 silly audit   csstype: [ '3.2.3' ],
2547 silly audit   '@rolldown/pluginutils': [ '1.0.0-beta.27' ],
2547 silly audit   '@swc/core': [ '1.15.30' ],
2547 silly audit   '@swc/core-darwin-arm64': [ '1.15.30' ],
2547 silly audit   '@swc/core-darwin-x64': [ '1.15.30' ],
2547 silly audit   '@swc/core-linux-arm-gnueabihf': [ '1.15.30' ],
2547 silly audit   '@swc/core-linux-arm64-gnu': [ '1.15.30' ],
2547 silly audit   '@swc/core-linux-arm64-musl': [ '1.15.30' ],
2547 silly audit   '@swc/core-linux-ppc64-gnu': [ '1.15.30' ],
2547 silly audit   '@swc/core-linux-s390x-gnu': [ '1.15.30' ],
2547 silly audit   '@swc/core-linux-x64-gnu': [ '1.15.30' ],
2547 silly audit   '@swc/core-linux-x64-musl': [ '1.15.30' ],
2547 silly audit   '@swc/core-win32-arm64-msvc': [ '1.15.30' ],
2547 silly audit   '@swc/core-win32-ia32-msvc': [ '1.15.30' ],
2547 silly audit   '@swc/core-win32-x64-msvc': [ '1.15.30' ],
2547 silly audit   '@swc/counter': [ '0.1.3' ],
2547 silly audit   '@swc/types': [ '0.1.26' ],
2547 silly audit   tslib: [ '2.8.1' ],
2547 silly audit   'follow-redirects': [ '1.16.0' ],
2547 silly audit   'form-data': [ '4.0.5' ],
2547 silly audit   'proxy-from-env': [ '2.1.0' ],
2547 silly audit   'embla-carousel': [ '8.6.0' ],
2547 silly audit   'embla-carousel-reactive-utils': [ '8.6.0' ],
2547 silly audit   'graceful-fs': [ '4.2.11' ],
2547 silly audit   tapable: [ '2.3.3' ],
2547 silly audit   '@eslint-community/eslint-utils': [ '4.9.1' ],
2547 silly audit   '@eslint-community/regexpp': [ '4.12.2' ],
2547 silly audit   '@eslint/config-array': [ '0.21.2' ],
2547 silly audit   '@eslint/config-helpers': [ '0.4.2' ],
2547 silly audit   '@eslint/core': [ '0.17.0' ],
2547 silly audit   '@eslint/eslintrc': [ '3.3.5' ],
2547 silly audit   '@eslint/plugin-kit': [ '0.4.1' ],
2547 silly audit   '@humanfs/node': [ '0.16.8' ],
2547 silly audit   '@humanwhocodes/module-importer': [ '1.0.1' ],
2547 silly audit   '@humanwhocodes/retry': [ '0.4.3' ],
2547 silly audit   '@types/estree': [ '1.0.8' ],
2547 silly audit   ajv: [ '6.15.0' ],
2547 silly audit   chalk: [ '4.1.2' ],
2547 silly audit   'cross-spawn': [ '7.0.6' ],
2547 silly audit   debug: [ '4.4.3' ],
2547 silly audit   'escape-string-regexp': [ '4.0.0' ],
2547 silly audit   'eslint-scope': [ '8.4.0' ],
2547 silly audit   'eslint-visitor-keys': [ '4.2.1', '3.4.3', '5.0.1' ],
2547 silly audit   espree: [ '10.4.0' ],
2547 silly audit   esquery: [ '1.7.0' ],
2547 silly audit   esutils: [ '2.0.3' ],
2547 silly audit   'fast-deep-equal': [ '3.1.3' ],
2547 silly audit   'file-entry-cache': [ '8.0.0' ],
2547 silly audit   'find-up': [ '5.0.0' ],
2547 silly audit   'glob-parent': [ '6.0.2' ],
2547 silly audit   ignore: [ '5.3.2', '7.0.5' ],
2547 silly audit   imurmurhash: [ '0.1.4' ],
2547 silly audit   'is-glob': [ '4.0.3' ],
2547 silly audit   'json-stable-stringify-without-jsonify': [ '1.0.1' ],
2547 silly audit   'lodash.merge': [ '4.6.2' ],
2547 silly audit   minimatch: [ '3.1.5', '10.2.5' ],
2547 silly audit   'natural-compare': [ '1.4.0' ],
2547 silly audit   optionator: [ '0.9.4' ],
2547 silly audit   '@eslint/object-schema': [ '2.1.7' ],
2547 silly audit   '@types/json-schema': [ '7.0.15' ],
2547 silly audit   'import-fresh': [ '3.3.1' ],
2547 silly audit   'js-yaml': [ '4.1.1' ],
2547 silly audit   'strip-json-comments': [ '3.1.1' ],
2547 silly audit   levn: [ '0.4.1' ],
2547 silly audit   '@humanfs/core': [ '0.19.2' ],
2547 silly audit   '@humanfs/types': [ '0.15.0' ],
2547 silly audit   'fast-json-stable-stringify': [ '2.1.0' ],
2547 silly audit   'json-schema-traverse': [ '0.4.1' ],
2547 silly audit   'uri-js': [ '4.4.1' ],
2547 silly audit   'ansi-styles': [ '4.3.0' ],
2547 silly audit   'supports-color': [ '7.2.0' ],
2547 silly audit   'color-convert': [ '2.0.1' ],
2547 silly audit   'color-name': [ '1.1.4' ],
2547 silly audit   'path-key': [ '3.1.1' ],
2547 silly audit   'shebang-command': [ '2.0.0' ],
2547 silly audit   which: [ '2.0.2' ],
2547 silly audit   ms: [ '2.1.3' ],
2547 silly audit   '@babel/core': [ '7.29.0' ],
2547 silly audit   '@babel/parser': [ '7.29.2' ],
2547 silly audit   'hermes-parser': [ '0.25.1' ],
2547 silly audit   'zod-validation-error': [ '4.0.2' ],
2547 silly audit   '@babel/code-frame': [ '7.29.0' ],
2547 silly audit   '@babel/generator': [ '7.29.1' ],
2547 silly audit   '@babel/helper-compilation-targets': [ '7.28.6' ],
2547 silly audit   '@babel/helper-module-transforms': [ '7.28.6' ],
2547 silly audit   '@babel/helpers': [ '7.29.2' ],
2547 silly audit   '@babel/template': [ '7.28.6' ],
2547 silly audit   '@babel/traverse': [ '7.29.0' ],
2547 silly audit   '@babel/types': [ '7.29.0' ],
2547 silly audit   'convert-source-map': [ '2.0.0' ],
2547 silly audit   gensync: [ '1.0.0-beta.2' ],
2547 silly audit   json5: [ '2.2.3' ],
2547 silly audit   semver: [ '6.3.1', '7.7.4' ],
2547 silly audit   '@babel/helper-validator-identifier': [ '7.28.5' ],
2547 silly audit   'js-tokens': [ '4.0.0' ],
2547 silly audit   picocolors: [ '1.1.1' ],
2547 silly audit   jsesc: [ '3.1.0' ],
2547 silly audit   '@babel/compat-data': [ '7.29.0' ],
2547 silly audit   '@babel/helper-validator-option': [ '7.27.1' ],
2547 silly audit   browserslist: [ '4.28.2' ],
2547 silly audit   'lru-cache': [ '5.1.1' ],
2547 silly audit   '@babel/helper-module-imports': [ '7.28.6' ],
2547 silly audit   '@babel/helper-globals': [ '7.28.0' ],
2547 silly audit   '@babel/helper-string-parser': [ '7.27.1' ],
2547 silly audit   'baseline-browser-mapping': [ '2.10.23' ],
2547 silly audit   'caniuse-lite': [ '1.0.30001791' ],
2547 silly audit   'electron-to-chromium': [ '1.5.344' ],
2547 silly audit   'node-releases': [ '2.0.38' ],
2547 silly audit   'update-browserslist-db': [ '1.2.3' ],
2547 silly audit   esrecurse: [ '4.3.0' ],
2547 silly audit   estraverse: [ '5.3.0' ],
2547 silly audit   acorn: [ '8.16.0' ],
2547 silly audit   'acorn-jsx': [ '5.3.2' ],
2547 silly audit   'flat-cache': [ '4.0.1' ],
2547 silly audit   'locate-path': [ '6.0.0' ],
2547 silly audit   'path-exists': [ '4.0.0' ],
2547 silly audit   flatted: [ '3.4.2' ],
2547 silly audit   keyv: [ '4.5.4' ],
2547 silly audit   asynckit: [ '0.4.0' ],
2547 silly audit   'combined-stream': [ '1.0.8' ],
2547 silly audit   'es-set-tostringtag': [ '2.1.0' ],
2547 silly audit   hasown: [ '2.0.3' ],
2547 silly audit   'mime-types': [ '2.1.35' ],
2547 silly audit   'delayed-stream': [ '1.0.0' ],
2547 silly audit   'es-errors': [ '1.3.0' ],
2547 silly audit   'get-intrinsic': [ '1.3.0' ],
2547 silly audit   'has-tostringtag': [ '1.0.2' ],
2547 silly audit   'motion-dom': [ '12.38.0' ],
2547 silly audit   'motion-utils': [ '12.36.0' ],
2547 silly audit   'call-bind-apply-helpers': [ '1.0.2' ],
2547 silly audit   'es-define-property': [ '1.0.1' ],
2547 silly audit   'es-object-atoms': [ '1.1.1' ],
2547 silly audit   'function-bind': [ '1.1.2' ],
2547 silly audit   'get-proto': [ '1.0.1' ],
2547 silly audit   gopd: [ '1.2.0' ],
2547 silly audit   'has-symbols': [ '1.1.0' ],
2547 silly audit   'math-intrinsics': [ '1.1.0' ],
2547 silly audit   'dunder-proto': [ '1.0.1' ],
2547 silly audit   'hermes-estree': [ '0.25.1' ],
2547 silly audit   'parent-module': [ '1.0.1' ],
2547 silly audit   'resolve-from': [ '4.0.0' ],
2547 silly audit   'is-extglob': [ '2.1.1' ],
2547 silly audit   argparse: [ '2.0.1' ],
2547 silly audit   'json-buffer': [ '3.0.1' ],
2547 silly audit   'prelude-ls': [ '1.2.1' ],
2547 silly audit   'type-check': [ '0.4.0' ],
2547 silly audit   'detect-libc': [ '2.1.2' ],
2547 silly audit   'lightningcss-android-arm64': [ '1.32.0' ],
2547 silly audit   'lightningcss-darwin-arm64': [ '1.32.0' ],
2547 silly audit   'lightningcss-darwin-x64': [ '1.32.0' ],
2547 silly audit   'lightningcss-freebsd-x64': [ '1.32.0' ],
2547 silly audit   'lightningcss-linux-arm-gnueabihf': [ '1.32.0' ],
2547 silly audit   'lightningcss-linux-arm64-gnu': [ '1.32.0' ],
2547 silly audit   'lightningcss-linux-arm64-musl': [ '1.32.0' ],
2547 silly audit   'lightningcss-linux-x64-gnu': [ '1.32.0' ],
2547 silly audit   'lightningcss-linux-x64-musl': [ '1.32.0' ],
2547 silly audit   'lightningcss-win32-arm64-msvc': [ '1.32.0' ],
2547 silly audit   'lightningcss-win32-x64-msvc': [ '1.32.0' ],
2547 silly audit   'p-locate': [ '5.0.0' ],
2547 silly audit   yallist: [ '3.1.1' ],
2547 silly audit   'mime-db': [ '1.52.0' ],
2547 silly audit   'brace-expansion': [ '1.1.14', '5.0.5' ],
2547 silly audit   'balanced-match': [ '1.0.2', '4.0.4' ],
2547 silly audit   'concat-map': [ '0.0.1' ],
2547 silly audit   'deep-is': [ '0.1.4' ],
2547 silly audit   'fast-levenshtein': [ '2.0.6' ],
2547 silly audit   'word-wrap': [ '1.2.5' ],
2547 silly audit   'p-limit': [ '3.1.0' ],
2547 silly audit   'yocto-queue': [ '0.1.0' ],
2547 silly audit   callsites: [ '3.1.0' ],
2547 silly audit   nanoid: [ '3.3.11' ],
2547 silly audit   cssesc: [ '3.0.0' ],
2547 silly audit   'util-deprecate': [ '1.0.2' ],
2547 silly audit   'loose-envify': [ '1.4.0' ],
2547 silly audit   '@date-fns/tz': [ '1.4.1' ],
2547 silly audit   '@tabby_ai/hijri-converter': [ '1.0.5' ],
2547 silly audit   'date-fns-jalali': [ '4.1.0-0' ],
2547 silly audit   scheduler: [ '0.23.2' ],
2547 silly audit   'react-remove-scroll-bar': [ '2.3.8' ],
2547 silly audit   'react-style-singleton': [ '2.2.3' ],
2547 silly audit   'use-callback-ref': [ '1.3.3' ],
2547 silly audit   'use-sidecar': [ '1.1.3' ],
2547 silly audit   '@remix-run/router': [ '1.23.2' ],
2547 silly audit   'react-router': [ '6.30.3' ],
2547 silly audit   'get-nonce': [ '1.0.1' ],
2547 silly audit   eventemitter3: [ '4.0.7' ],
2547 silly audit   lodash: [ '4.18.1' ],
2547 silly audit   'react-is': [ '18.3.1', '16.13.1' ],
2547 silly audit   'react-smooth': [ '4.0.4' ],
2547 silly audit   'recharts-scale': [ '0.4.5' ],
2547 silly audit   'tiny-invariant': [ '1.3.3' ],
2547 silly audit   'victory-vendor': [ '36.9.2' ],
2547 silly audit   'fast-equals': [ '5.4.0' ],
2547 silly audit   'prop-types': [ '15.8.1' ],
2547 silly audit   'react-transition-group': [ '4.4.5' ],
2547 silly audit   'object-assign': [ '4.1.1' ],
2547 silly audit   '@babel/runtime': [ '7.29.2' ],
2547 silly audit   'dom-helpers': [ '5.2.1' ],
2547 silly audit   'decimal.js-light': [ '2.5.1' ],
2547 silly audit   'shebang-regex': [ '3.0.0' ],
2547 silly audit   'has-flag': [ '4.0.0' ],
2547 silly audit   '@typescript-eslint/eslint-plugin': [ '8.59.0' ],
2547 silly audit   '@typescript-eslint/parser': [ '8.59.0' ],
2547 silly audit   '@typescript-eslint/typescript-estree': [ '8.59.0' ],
2547 silly audit   '@typescript-eslint/utils': [ '8.59.0' ],
2547 silly audit   '@typescript-eslint/scope-manager': [ '8.59.0' ],
2547 silly audit   '@typescript-eslint/type-utils': [ '8.59.0' ],
2547 silly audit   '@typescript-eslint/visitor-keys': [ '8.59.0' ],
2547 silly audit   'ts-api-utils': [ '2.5.0' ],
2547 silly audit   '@typescript-eslint/types': [ '8.59.0' ],
2547 silly audit   '@typescript-eslint/project-service': [ '8.59.0' ],
2547 silly audit   '@typescript-eslint/tsconfig-utils': [ '8.59.0' ],
2547 silly audit   tinyglobby: [ '0.2.16' ],
2547 silly audit   fdir: [ '6.5.0' ],
2547 silly audit   picomatch: [ '4.0.4' ],
2547 silly audit   escalade: [ '3.2.0' ],
2547 silly audit   punycode: [ '2.3.1' ],
2547 silly audit   'detect-node-es': [ '1.1.0' ],
2547 silly audit   '@types/d3-array': [ '3.2.2' ],
2547 silly audit   '@types/d3-ease': [ '3.0.2' ],
2547 silly audit   '@types/d3-interpolate': [ '3.0.4' ],
2547 silly audit   '@types/d3-scale': [ '4.0.9' ],
2547 silly audit   '@types/d3-shape': [ '3.1.8' ],
2547 silly audit   '@types/d3-time': [ '3.0.4' ],
2547 silly audit   '@types/d3-timer': [ '3.0.2' ],
2547 silly audit   'd3-array': [ '3.2.4' ],
2547 silly audit   'd3-ease': [ '3.0.1' ],
2547 silly audit   'd3-interpolate': [ '3.0.1' ],
2547 silly audit   'd3-scale': [ '4.0.2' ],
2547 silly audit   'd3-shape': [ '3.2.0' ],
2547 silly audit   'd3-time': [ '3.1.0' ],
2547 silly audit   'd3-timer': [ '3.0.1' ],
2547 silly audit   '@types/d3-color': [ '3.1.3' ],
2547 silly audit   '@types/d3-path': [ '3.1.1' ],
2547 silly audit   internmap: [ '2.0.3' ],
2547 silly audit   'd3-color': [ '3.1.0' ],
2547 silly audit   'd3-format': [ '3.1.2' ],
2547 silly audit   'd3-time-format': [ '4.1.0' ],
2547 silly audit   'd3-path': [ '3.1.0' ],
2547 silly audit   esbuild: [ '0.21.5' ],
2547 silly audit   fsevents: [ '2.3.3' ],
2547 silly audit   rollup: [ '4.60.2' ],
2547 silly audit   '@esbuild/aix-ppc64': [ '0.21.5' ],
2547 silly audit   '@esbuild/android-arm': [ '0.21.5' ],
2547 silly audit   '@esbuild/android-arm64': [ '0.21.5' ],
2547 silly audit   '@esbuild/android-x64': [ '0.21.5' ],
2547 silly audit   '@esbuild/darwin-arm64': [ '0.21.5' ],
2547 silly audit   '@esbuild/darwin-x64': [ '0.21.5' ],
2547 silly audit   '@esbuild/freebsd-arm64': [ '0.21.5' ],
2547 silly audit   '@esbuild/freebsd-x64': [ '0.21.5' ],
2547 silly audit   '@esbuild/linux-arm': [ '0.21.5' ],
2547 silly audit   '@esbuild/linux-arm64': [ '0.21.5' ],
2547 silly audit   '@esbuild/linux-ia32': [ '0.21.5' ],
2547 silly audit   '@esbuild/linux-loong64': [ '0.21.5' ],
2547 silly audit   '@esbuild/linux-mips64el': [ '0.21.5' ],
2547 silly audit   '@esbuild/linux-ppc64': [ '0.21.5' ],
2547 silly audit   '@esbuild/linux-riscv64': [ '0.21.5' ],
2547 silly audit   '@esbuild/linux-s390x': [ '0.21.5' ],
2547 silly audit   '@esbuild/linux-x64': [ '0.21.5' ],
2547 silly audit   '@esbuild/netbsd-x64': [ '0.21.5' ],
2547 silly audit   '@esbuild/openbsd-x64': [ '0.21.5' ],
2547 silly audit   '@esbuild/sunos-x64': [ '0.21.5' ],
2547 silly audit   '@esbuild/win32-arm64': [ '0.21.5' ],
2547 silly audit   '@esbuild/win32-ia32': [ '0.21.5' ],
2547 silly audit   '@esbuild/win32-x64': [ '0.21.5' ],
2547 silly audit   '@rollup/rollup-android-arm-eabi': [ '4.60.2' ],
2547 silly audit   '@rollup/rollup-android-arm64': [ '4.60.2' ],
2547 silly audit   '@rollup/rollup-darwin-arm64': [ '4.60.2' ],
2547 silly audit   '@rollup/rollup-darwin-x64': [ '4.60.2' ],
2547 silly audit   '@rollup/rollup-freebsd-arm64': [ '4.60.2' ],
2547 silly audit   '@rollup/rollup-freebsd-x64': [ '4.60.2' ],
2547 silly audit   '@rollup/rollup-linux-arm-gnueabihf': [ '4.60.2' ],
2547 silly audit   '@rollup/rollup-linux-arm-musleabihf': [ '4.60.2' ],
2547 silly audit   '@rollup/rollup-linux-arm64-gnu': [ '4.60.2' ],
2547 silly audit   '@rollup/rollup-linux-arm64-musl': [ '4.60.2' ],
2547 silly audit   '@rollup/rollup-linux-loong64-gnu': [ '4.60.2' ],
2547 silly audit   '@rollup/rollup-linux-loong64-musl': [ '4.60.2' ],
2547 silly audit   '@rollup/rollup-linux-ppc64-gnu': [ '4.60.2' ],
2547 silly audit   '@rollup/rollup-linux-ppc64-musl': [ '4.60.2' ],
2547 silly audit   '@rollup/rollup-linux-riscv64-gnu': [ '4.60.2' ],
2547 silly audit   '@rollup/rollup-linux-riscv64-musl': [ '4.60.2' ],
2547 silly audit   '@rollup/rollup-linux-s390x-gnu': [ '4.60.2' ],
2547 silly audit   '@rollup/rollup-linux-x64-gnu': [ '4.60.2' ],
2547 silly audit   '@rollup/rollup-linux-x64-musl': [ '4.60.2' ],
2547 silly audit   '@rollup/rollup-openbsd-x64': [ '4.60.2' ],
2547 silly audit   '@rollup/rollup-openharmony-arm64': [ '4.60.2' ],
2547 silly audit   '@rollup/rollup-win32-arm64-msvc': [ '4.60.2' ],
2547 silly audit   '@rollup/rollup-win32-ia32-msvc': [ '4.60.2' ],
2547 silly audit   '@rollup/rollup-win32-x64-gnu': [ '4.60.2' ],
2547 silly audit   '@rollup/rollup-win32-x64-msvc': [ '4.60.2' ],
2547 silly audit   isexe: [ '2.0.0' ]
2547 silly audit }
2548 http cache isexe@https://registry.npmjs.org/isexe/-/isexe-2.0.0.tgz 1ms (cache hit)
2549 http cache rollup@https://registry.npmjs.org/rollup/-/rollup-4.60.2.tgz 0ms (cache hit)
2550 http cache @esbuild/win32-x64@https://registry.npmjs.org/@esbuild/win32-x64/-/win32-x64-0.21.5.tgz 0ms (cache hit)
2551 http cache @rollup/rollup-win32-x64-gnu@https://registry.npmjs.org/@rollup/rollup-win32-x64-gnu/-/rollup-win32-x64-gnu-4.60.2.tgz 0ms (cache hit)
2552 http cache @rollup/rollup-win32-x64-msvc@https://registry.npmjs.org/@rollup/rollup-win32-x64-msvc/-/rollup-win32-x64-msvc-4.60.2.tgz 1ms (cache hit)
2553 http cache d3-path@https://registry.npmjs.org/d3-path/-/d3-path-3.1.0.tgz 0ms (cache hit)
2554 http cache esbuild@https://registry.npmjs.org/esbuild/-/esbuild-0.21.5.tgz 0ms (cache hit)
2555 http cache d3-time-format@https://registry.npmjs.org/d3-time-format/-/d3-time-format-4.1.0.tgz 0ms (cache hit)
2556 http cache d3-format@https://registry.npmjs.org/d3-format/-/d3-format-3.1.2.tgz 0ms (cache hit)
2557 http cache d3-color@https://registry.npmjs.org/d3-color/-/d3-color-3.1.0.tgz 0ms (cache hit)
2558 http cache d3-timer@https://registry.npmjs.org/d3-timer/-/d3-timer-3.0.1.tgz 0ms (cache hit)
2559 http cache internmap@https://registry.npmjs.org/internmap/-/internmap-2.0.3.tgz 0ms (cache hit)
2560 http cache d3-time@https://registry.npmjs.org/d3-time/-/d3-time-3.1.0.tgz 0ms (cache hit)
2561 http cache @types/d3-color@https://registry.npmjs.org/@types/d3-color/-/d3-color-3.1.3.tgz 0ms (cache hit)
2562 http cache d3-shape@https://registry.npmjs.org/d3-shape/-/d3-shape-3.2.0.tgz 0ms (cache hit)
2563 http cache @types/d3-path@https://registry.npmjs.org/@types/d3-path/-/d3-path-3.1.1.tgz 0ms (cache hit)
2564 http cache d3-interpolate@https://registry.npmjs.org/d3-interpolate/-/d3-interpolate-3.0.1.tgz 0ms (cache hit)
2565 http cache @types/d3-timer@https://registry.npmjs.org/@types/d3-timer/-/d3-timer-3.0.2.tgz 0ms (cache hit)
2566 http cache d3-array@https://registry.npmjs.org/d3-array/-/d3-array-3.2.4.tgz 0ms (cache hit)
2567 http cache d3-ease@https://registry.npmjs.org/d3-ease/-/d3-ease-3.0.1.tgz 0ms (cache hit)
2568 http cache d3-scale@https://registry.npmjs.org/d3-scale/-/d3-scale-4.0.2.tgz 0ms (cache hit)
2569 http cache @types/d3-scale@https://registry.npmjs.org/@types/d3-scale/-/d3-scale-4.0.9.tgz 0ms (cache hit)
2570 http cache @types/d3-shape@https://registry.npmjs.org/@types/d3-shape/-/d3-shape-3.1.8.tgz 0ms (cache hit)
2571 http cache @types/d3-time@https://registry.npmjs.org/@types/d3-time/-/d3-time-3.0.4.tgz 0ms (cache hit)
2572 http cache detect-node-es@https://registry.npmjs.org/detect-node-es/-/detect-node-es-1.1.0.tgz 0ms (cache hit)
2573 http cache @types/d3-interpolate@https://registry.npmjs.org/@types/d3-interpolate/-/d3-interpolate-3.0.4.tgz 0ms (cache hit)
2574 http cache escalade@https://registry.npmjs.org/escalade/-/escalade-3.2.0.tgz 0ms (cache hit)
2575 http cache @types/d3-ease@https://registry.npmjs.org/@types/d3-ease/-/d3-ease-3.0.2.tgz 0ms (cache hit)
2576 http cache @types/d3-array@https://registry.npmjs.org/@types/d3-array/-/d3-array-3.2.2.tgz 0ms (cache hit)
2577 http cache punycode@https://registry.npmjs.org/punycode/-/punycode-2.3.1.tgz 0ms (cache hit)
2578 http cache @typescript-eslint/tsconfig-utils@https://registry.npmjs.org/@typescript-eslint/tsconfig-utils/-/tsconfig-utils-8.59.0.tgz 0ms (cache hit)
2579 http cache picomatch@https://registry.npmjs.org/picomatch/-/picomatch-4.0.4.tgz 0ms (cache hit)
2580 http cache fdir@https://registry.npmjs.org/fdir/-/fdir-6.5.0.tgz 0ms (cache hit)
2581 http cache ts-api-utils@https://registry.npmjs.org/ts-api-utils/-/ts-api-utils-2.5.0.tgz 0ms (cache hit)
2582 http cache @typescript-eslint/types@https://registry.npmjs.org/@typescript-eslint/types/-/types-8.59.0.tgz 0ms (cache hit)
2583 http cache tinyglobby@https://registry.npmjs.org/tinyglobby/-/tinyglobby-0.2.16.tgz 0ms (cache hit)
2584 http cache @typescript-eslint/visitor-keys@https://registry.npmjs.org/@typescript-eslint/visitor-keys/-/visitor-keys-8.59.0.tgz 0ms (cache hit)
2585 http cache @typescript-eslint/project-service@https://registry.npmjs.org/@typescript-eslint/project-service/-/project-service-8.59.0.tgz 0ms (cache hit)
2586 http cache @typescript-eslint/scope-manager@https://registry.npmjs.org/@typescript-eslint/scope-manager/-/scope-manager-8.59.0.tgz 0ms (cache hit)
2587 http cache @typescript-eslint/type-utils@https://registry.npmjs.org/@typescript-eslint/type-utils/-/type-utils-8.59.0.tgz 0ms (cache hit)
2588 http cache @typescript-eslint/typescript-estree@https://registry.npmjs.org/@typescript-eslint/typescript-estree/-/typescript-estree-8.59.0.tgz 0ms (cache hit)
2589 http cache @typescript-eslint/utils@https://registry.npmjs.org/@typescript-eslint/utils/-/utils-8.59.0.tgz 0ms (cache hit)
2590 http cache shebang-regex@https://registry.npmjs.org/shebang-regex/-/shebang-regex-3.0.0.tgz 0ms (cache hit)
2591 http cache @typescript-eslint/parser@https://registry.npmjs.org/@typescript-eslint/parser/-/parser-8.59.0.tgz 0ms (cache hit)
2592 http cache has-flag@https://registry.npmjs.org/has-flag/-/has-flag-4.0.0.tgz 0ms (cache hit)
2593 http cache @babel/runtime@https://registry.npmjs.org/@babel/runtime/-/runtime-7.29.2.tgz 0ms (cache hit)
2594 http cache decimal.js-light@https://registry.npmjs.org/decimal.js-light/-/decimal.js-light-2.5.1.tgz 0ms (cache hit)
2595 http cache dom-helpers@https://registry.npmjs.org/dom-helpers/-/dom-helpers-5.2.1.tgz 0ms (cache hit)
2596 http cache react-transition-group@https://registry.npmjs.org/react-transition-group/-/react-transition-group-4.4.5.tgz 0ms (cache hit)
2597 http cache prop-types@https://registry.npmjs.org/prop-types/-/prop-types-15.8.1.tgz 0ms (cache hit)
2598 http cache object-assign@https://registry.npmjs.org/object-assign/-/object-assign-4.1.1.tgz 0ms (cache hit)
2599 http cache fast-equals@https://registry.npmjs.org/fast-equals/-/fast-equals-5.4.0.tgz 0ms (cache hit)
2600 http cache tiny-invariant@https://registry.npmjs.org/tiny-invariant/-/tiny-invariant-1.3.3.tgz 0ms (cache hit)
2601 http cache recharts-scale@https://registry.npmjs.org/recharts-scale/-/recharts-scale-0.4.5.tgz 0ms (cache hit)
2602 http cache victory-vendor@https://registry.npmjs.org/victory-vendor/-/victory-vendor-36.9.2.tgz 0ms (cache hit)
2603 http cache @typescript-eslint/eslint-plugin@https://registry.npmjs.org/@typescript-eslint/eslint-plugin/-/eslint-plugin-8.59.0.tgz 0ms (cache hit)
2604 http cache react-smooth@https://registry.npmjs.org/react-smooth/-/react-smooth-4.0.4.tgz 0ms (cache hit)
2605 http cache lodash@https://registry.npmjs.org/lodash/-/lodash-4.18.1.tgz 0ms (cache hit)
2606 http cache @remix-run/router@https://registry.npmjs.org/@remix-run/router/-/router-1.23.2.tgz 0ms (cache hit)
2607 http cache get-nonce@https://registry.npmjs.org/get-nonce/-/get-nonce-1.0.1.tgz 0ms (cache hit)
2608 http cache react-is@https://registry.npmjs.org/react-is/-/react-is-18.3.1.tgz 0ms (cache hit)
2609 http cache eventemitter3@https://registry.npmjs.org/eventemitter3/-/eventemitter3-4.0.7.tgz 0ms (cache hit)
2610 http cache react-router@https://registry.npmjs.org/react-router/-/react-router-6.30.3.tgz 0ms (cache hit)
2611 http cache use-sidecar@https://registry.npmjs.org/use-sidecar/-/use-sidecar-1.1.3.tgz 0ms (cache hit)
2612 http cache @tabby_ai/hijri-converter@https://registry.npmjs.org/@tabby_ai/hijri-converter/-/hijri-converter-1.0.5.tgz 0ms (cache hit)
2613 http cache use-callback-ref@https://registry.npmjs.org/use-callback-ref/-/use-callback-ref-1.3.3.tgz 0ms (cache hit)
2614 http cache react-remove-scroll-bar@https://registry.npmjs.org/react-remove-scroll-bar/-/react-remove-scroll-bar-2.3.8.tgz 0ms (cache hit)
2615 http cache react-style-singleton@https://registry.npmjs.org/react-style-singleton/-/react-style-singleton-2.2.3.tgz 0ms (cache hit)
2616 http cache @date-fns/tz@https://registry.npmjs.org/@date-fns/tz/-/tz-1.4.1.tgz 0ms (cache hit)
2617 http cache loose-envify@https://registry.npmjs.org/loose-envify/-/loose-envify-1.4.0.tgz 0ms (cache hit)
2618 http cache scheduler@https://registry.npmjs.org/scheduler/-/scheduler-0.23.2.tgz 0ms (cache hit)
2619 http cache cssesc@https://registry.npmjs.org/cssesc/-/cssesc-3.0.0.tgz 0ms (cache hit)
2620 http cache util-deprecate@https://registry.npmjs.org/util-deprecate/-/util-deprecate-1.0.2.tgz 0ms (cache hit)
2621 http cache date-fns-jalali@https://registry.npmjs.org/date-fns-jalali/-/date-fns-jalali-4.1.0-0.tgz 0ms (cache hit)
2622 http cache nanoid@https://registry.npmjs.org/nanoid/-/nanoid-3.3.11.tgz 0ms (cache hit)
2623 http cache callsites@https://registry.npmjs.org/callsites/-/callsites-3.1.0.tgz 0ms (cache hit)
2624 http cache word-wrap@https://registry.npmjs.org/word-wrap/-/word-wrap-1.2.5.tgz 0ms (cache hit)
2625 http cache yocto-queue@https://registry.npmjs.org/yocto-queue/-/yocto-queue-0.1.0.tgz 0ms (cache hit)
2626 http cache deep-is@https://registry.npmjs.org/deep-is/-/deep-is-0.1.4.tgz 0ms (cache hit)
2627 http cache fast-levenshtein@https://registry.npmjs.org/fast-levenshtein/-/fast-levenshtein-2.0.6.tgz 0ms (cache hit)
2628 http cache balanced-match@https://registry.npmjs.org/balanced-match/-/balanced-match-1.0.2.tgz 0ms (cache hit)
2629 http cache concat-map@https://registry.npmjs.org/concat-map/-/concat-map-0.0.1.tgz 0ms (cache hit)
2630 http cache mime-db@https://registry.npmjs.org/mime-db/-/mime-db-1.52.0.tgz 0ms (cache hit)
2631 http cache yallist@https://registry.npmjs.org/yallist/-/yallist-3.1.1.tgz 0ms (cache hit)
2632 http cache p-locate@https://registry.npmjs.org/p-locate/-/p-locate-5.0.0.tgz 0ms (cache hit)
2633 http cache type-check@https://registry.npmjs.org/type-check/-/type-check-0.4.0.tgz 0ms (cache hit)
2634 http cache lightningcss-win32-x64-msvc@https://registry.npmjs.org/lightningcss-win32-x64-msvc/-/lightningcss-win32-x64-msvc-1.32.0.tgz 0ms (cache hit)
2635 http cache json-buffer@https://registry.npmjs.org/json-buffer/-/json-buffer-3.0.1.tgz 0ms (cache hit)
2636 http cache prelude-ls@https://registry.npmjs.org/prelude-ls/-/prelude-ls-1.2.1.tgz 0ms (cache hit)
2637 http cache is-extglob@https://registry.npmjs.org/is-extglob/-/is-extglob-2.1.1.tgz 0ms (cache hit)
2638 http cache detect-libc@https://registry.npmjs.org/detect-libc/-/detect-libc-2.1.2.tgz 0ms (cache hit)
2639 http cache p-limit@https://registry.npmjs.org/p-limit/-/p-limit-3.1.0.tgz 0ms (cache hit)
2640 http cache argparse@https://registry.npmjs.org/argparse/-/argparse-2.0.1.tgz 0ms (cache hit)
2641 http cache hermes-estree@https://registry.npmjs.org/hermes-estree/-/hermes-estree-0.25.1.tgz 0ms (cache hit)
2642 http cache brace-expansion@https://registry.npmjs.org/brace-expansion/-/brace-expansion-1.1.14.tgz 0ms (cache hit)
2643 http cache parent-module@https://registry.npmjs.org/parent-module/-/parent-module-1.0.1.tgz 0ms (cache hit)
2644 http cache resolve-from@https://registry.npmjs.org/resolve-from/-/resolve-from-4.0.0.tgz 0ms (cache hit)
2645 http cache math-intrinsics@https://registry.npmjs.org/math-intrinsics/-/math-intrinsics-1.1.0.tgz 0ms (cache hit)
2646 http cache dunder-proto@https://registry.npmjs.org/dunder-proto/-/dunder-proto-1.0.1.tgz 0ms (cache hit)
2647 http cache gopd@https://registry.npmjs.org/gopd/-/gopd-1.2.0.tgz 0ms (cache hit)
2648 http cache has-symbols@https://registry.npmjs.org/has-symbols/-/has-symbols-1.1.0.tgz 0ms (cache hit)
2649 http cache function-bind@https://registry.npmjs.org/function-bind/-/function-bind-1.1.2.tgz 0ms (cache hit)
2650 http cache get-proto@https://registry.npmjs.org/get-proto/-/get-proto-1.0.1.tgz 0ms (cache hit)
2651 http cache es-object-atoms@https://registry.npmjs.org/es-object-atoms/-/es-object-atoms-1.1.1.tgz 0ms (cache hit)
2652 http cache es-define-property@https://registry.npmjs.org/es-define-property/-/es-define-property-1.0.1.tgz 0ms (cache hit)
2653 http cache motion-utils@https://registry.npmjs.org/motion-utils/-/motion-utils-12.36.0.tgz 0ms (cache hit)
2654 http cache motion-dom@https://registry.npmjs.org/motion-dom/-/motion-dom-12.38.0.tgz 0ms (cache hit)
2655 http cache get-intrinsic@https://registry.npmjs.org/get-intrinsic/-/get-intrinsic-1.3.0.tgz 0ms (cache hit)
2656 http cache call-bind-apply-helpers@https://registry.npmjs.org/call-bind-apply-helpers/-/call-bind-apply-helpers-1.0.2.tgz 0ms (cache hit)
2657 http cache mime-types@https://registry.npmjs.org/mime-types/-/mime-types-2.1.35.tgz 0ms (cache hit)
2658 http cache hasown@https://registry.npmjs.org/hasown/-/hasown-2.0.3.tgz 0ms (cache hit)
2659 http cache delayed-stream@https://registry.npmjs.org/delayed-stream/-/delayed-stream-1.0.0.tgz 0ms (cache hit)
2660 http cache es-set-tostringtag@https://registry.npmjs.org/es-set-tostringtag/-/es-set-tostringtag-2.1.0.tgz 0ms (cache hit)
2661 http cache asynckit@https://registry.npmjs.org/asynckit/-/asynckit-0.4.0.tgz 0ms (cache hit)
2662 http cache has-tostringtag@https://registry.npmjs.org/has-tostringtag/-/has-tostringtag-1.0.2.tgz 0ms (cache hit)
2663 http cache es-errors@https://registry.npmjs.org/es-errors/-/es-errors-1.3.0.tgz 0ms (cache hit)
2664 http cache combined-stream@https://registry.npmjs.org/combined-stream/-/combined-stream-1.0.8.tgz 0ms (cache hit)
2665 http cache keyv@https://registry.npmjs.org/keyv/-/keyv-4.5.4.tgz 0ms (cache hit)
2666 http cache path-exists@https://registry.npmjs.org/path-exists/-/path-exists-4.0.0.tgz 0ms (cache hit)
2667 http cache acorn-jsx@https://registry.npmjs.org/acorn-jsx/-/acorn-jsx-5.3.2.tgz 0ms (cache hit)
2668 http cache flat-cache@https://registry.npmjs.org/flat-cache/-/flat-cache-4.0.1.tgz 0ms (cache hit)
2669 http cache flatted@https://registry.npmjs.org/flatted/-/flatted-3.4.2.tgz 0ms (cache hit)
2670 http cache locate-path@https://registry.npmjs.org/locate-path/-/locate-path-6.0.0.tgz 0ms (cache hit)
2671 http cache acorn@https://registry.npmjs.org/acorn/-/acorn-8.16.0.tgz 0ms (cache hit)
2672 http cache esrecurse@https://registry.npmjs.org/esrecurse/-/esrecurse-4.3.0.tgz 0ms (cache hit)
2673 http cache estraverse@https://registry.npmjs.org/estraverse/-/estraverse-5.3.0.tgz 0ms (cache hit)
2674 http cache update-browserslist-db@https://registry.npmjs.org/update-browserslist-db/-/update-browserslist-db-1.2.3.tgz 0ms (cache hit)
2675 http cache node-releases@https://registry.npmjs.org/node-releases/-/node-releases-2.0.38.tgz 0ms (cache hit)
2676 http cache electron-to-chromium@https://registry.npmjs.org/electron-to-chromium/-/electron-to-chromium-1.5.344.tgz 0ms (cache hit)
2677 http cache @babel/helper-globals@https://registry.npmjs.org/@babel/helper-globals/-/helper-globals-7.28.0.tgz 0ms (cache hit)
2678 http cache @babel/helper-string-parser@https://registry.npmjs.org/@babel/helper-string-parser/-/helper-string-parser-7.27.1.tgz 0ms (cache hit)
2679 http cache baseline-browser-mapping@https://registry.npmjs.org/baseline-browser-mapping/-/baseline-browser-mapping-2.10.23.tgz 0ms (cache hit)
2680 http cache browserslist@https://registry.npmjs.org/browserslist/-/browserslist-4.28.2.tgz 0ms (cache hit)
2681 http cache @babel/helper-module-imports@https://registry.npmjs.org/@babel/helper-module-imports/-/helper-module-imports-7.28.6.tgz 0ms (cache hit)
2682 http cache caniuse-lite@https://registry.npmjs.org/caniuse-lite/-/caniuse-lite-1.0.30001791.tgz 0ms (cache hit)
2683 http cache lru-cache@https://registry.npmjs.org/lru-cache/-/lru-cache-5.1.1.tgz 0ms (cache hit)
2684 http cache @babel/helper-validator-option@https://registry.npmjs.org/@babel/helper-validator-option/-/helper-validator-option-7.27.1.tgz 0ms (cache hit)
2685 http cache @babel/compat-data@https://registry.npmjs.org/@babel/compat-data/-/compat-data-7.29.0.tgz 0ms (cache hit)
2686 http cache @babel/helper-validator-identifier@https://registry.npmjs.org/@babel/helper-validator-identifier/-/helper-validator-identifier-7.28.5.tgz 0ms (cache hit)
2687 http cache js-tokens@https://registry.npmjs.org/js-tokens/-/js-tokens-4.0.0.tgz 0ms (cache hit)
2688 http cache jsesc@https://registry.npmjs.org/jsesc/-/jsesc-3.1.0.tgz 0ms (cache hit)
2689 http cache picocolors@https://registry.npmjs.org/picocolors/-/picocolors-1.1.1.tgz 0ms (cache hit)
2690 http cache json5@https://registry.npmjs.org/json5/-/json5-2.2.3.tgz 0ms (cache hit)
2691 http cache @babel/types@https://registry.npmjs.org/@babel/types/-/types-7.29.0.tgz 0ms (cache hit)
2692 http cache gensync@https://registry.npmjs.org/gensync/-/gensync-1.0.0-beta.2.tgz 0ms (cache hit)
2693 http cache convert-source-map@https://registry.npmjs.org/convert-source-map/-/convert-source-map-2.0.0.tgz 0ms (cache hit)
2694 http cache semver@https://registry.npmjs.org/semver/-/semver-6.3.1.tgz 0ms (cache hit)
2695 http cache @babel/helpers@https://registry.npmjs.org/@babel/helpers/-/helpers-7.29.2.tgz 0ms (cache hit)
2696 http cache @babel/template@https://registry.npmjs.org/@babel/template/-/template-7.28.6.tgz 0ms (cache hit)
2697 http cache @babel/helper-compilation-targets@https://registry.npmjs.org/@babel/helper-compilation-targets/-/helper-compilation-targets-7.28.6.tgz 0ms (cache hit)
2698 http cache @babel/traverse@https://registry.npmjs.org/@babel/traverse/-/traverse-7.29.0.tgz 0ms (cache hit)
2699 http cache @babel/helper-module-transforms@https://registry.npmjs.org/@babel/helper-module-transforms/-/helper-module-transforms-7.28.6.tgz 0ms (cache hit)
2700 http cache @babel/code-frame@https://registry.npmjs.org/@babel/code-frame/-/code-frame-7.29.0.tgz 0ms (cache hit)
2701 http cache @babel/generator@https://registry.npmjs.org/@babel/generator/-/generator-7.29.1.tgz 0ms (cache hit)
2702 http cache zod-validation-error@https://registry.npmjs.org/zod-validation-error/-/zod-validation-error-4.0.2.tgz 0ms (cache hit)
2703 http cache hermes-parser@https://registry.npmjs.org/hermes-parser/-/hermes-parser-0.25.1.tgz 0ms (cache hit)
2704 http cache @babel/core@https://registry.npmjs.org/@babel/core/-/core-7.29.0.tgz 0ms (cache hit)
2705 http cache ms@https://registry.npmjs.org/ms/-/ms-2.1.3.tgz 0ms (cache hit)
2706 http cache which@https://registry.npmjs.org/which/-/which-2.0.2.tgz 0ms (cache hit)
2707 http cache @babel/parser@https://registry.npmjs.org/@babel/parser/-/parser-7.29.2.tgz 0ms (cache hit)
2708 http cache path-key@https://registry.npmjs.org/path-key/-/path-key-3.1.1.tgz 0ms (cache hit)
2709 http cache supports-color@https://registry.npmjs.org/supports-color/-/supports-color-7.2.0.tgz 0ms (cache hit)
2710 http cache shebang-command@https://registry.npmjs.org/shebang-command/-/shebang-command-2.0.0.tgz 0ms (cache hit)
2711 http cache color-name@https://registry.npmjs.org/color-name/-/color-name-1.1.4.tgz 0ms (cache hit)
2712 http cache json-schema-traverse@https://registry.npmjs.org/json-schema-traverse/-/json-schema-traverse-0.4.1.tgz 0ms (cache hit)
2713 http cache color-convert@https://registry.npmjs.org/color-convert/-/color-convert-2.0.1.tgz 0ms (cache hit)
2714 http cache uri-js@https://registry.npmjs.org/uri-js/-/uri-js-4.4.1.tgz 0ms (cache hit)
2715 http cache @humanfs/types@https://registry.npmjs.org/@humanfs/types/-/types-0.15.0.tgz 0ms (cache hit)
2716 http cache fast-json-stable-stringify@https://registry.npmjs.org/fast-json-stable-stringify/-/fast-json-stable-stringify-2.1.0.tgz 0ms (cache hit)
2717 http cache @humanfs/core@https://registry.npmjs.org/@humanfs/core/-/core-0.19.2.tgz 0ms (cache hit)
2718 http cache ansi-styles@https://registry.npmjs.org/ansi-styles/-/ansi-styles-4.3.0.tgz 0ms (cache hit)
2719 http cache levn@https://registry.npmjs.org/levn/-/levn-0.4.1.tgz 0ms (cache hit)
2720 http cache strip-json-comments@https://registry.npmjs.org/strip-json-comments/-/strip-json-comments-3.1.1.tgz 0ms (cache hit)
2721 http cache import-fresh@https://registry.npmjs.org/import-fresh/-/import-fresh-3.3.1.tgz 0ms (cache hit)
2722 http cache js-yaml@https://registry.npmjs.org/js-yaml/-/js-yaml-4.1.1.tgz 0ms (cache hit)
2723 http cache @eslint/object-schema@https://registry.npmjs.org/@eslint/object-schema/-/object-schema-2.1.7.tgz 0ms (cache hit)
2724 http cache optionator@https://registry.npmjs.org/optionator/-/optionator-0.9.4.tgz 0ms (cache hit)
2725 http cache @types/json-schema@https://registry.npmjs.org/@types/json-schema/-/json-schema-7.0.15.tgz 0ms (cache hit)
2726 http cache natural-compare@https://registry.npmjs.org/natural-compare/-/natural-compare-1.4.0.tgz 0ms (cache hit)
2727 http cache minimatch@https://registry.npmjs.org/minimatch/-/minimatch-3.1.5.tgz 0ms (cache hit)
2728 http cache lodash.merge@https://registry.npmjs.org/lodash.merge/-/lodash.merge-4.6.2.tgz 0ms (cache hit)
2729 http cache imurmurhash@https://registry.npmjs.org/imurmurhash/-/imurmurhash-0.1.4.tgz 0ms (cache hit)
2730 http cache ignore@https://registry.npmjs.org/ignore/-/ignore-5.3.2.tgz 0ms (cache hit)
2731 http cache json-stable-stringify-without-jsonify@https://registry.npmjs.org/json-stable-stringify-without-jsonify/-/json-stable-stringify-without-jsonify-1.0.1.tgz 0ms (cache hit)
2732 http cache find-up@https://registry.npmjs.org/find-up/-/find-up-5.0.0.tgz 0ms (cache hit)
2733 http cache glob-parent@https://registry.npmjs.org/glob-parent/-/glob-parent-6.0.2.tgz 0ms (cache hit)
2734 http cache file-entry-cache@https://registry.npmjs.org/file-entry-cache/-/file-entry-cache-8.0.0.tgz 0ms (cache hit)
2735 http cache fast-deep-equal@https://registry.npmjs.org/fast-deep-equal/-/fast-deep-equal-3.1.3.tgz 0ms (cache hit)
2736 http cache esutils@https://registry.npmjs.org/esutils/-/esutils-2.0.3.tgz 0ms (cache hit)
2737 http cache espree@https://registry.npmjs.org/espree/-/espree-10.4.0.tgz 0ms (cache hit)
2738 http cache esquery@https://registry.npmjs.org/esquery/-/esquery-1.7.0.tgz 0ms (cache hit)
2739 http cache is-glob@https://registry.npmjs.org/is-glob/-/is-glob-4.0.3.tgz 0ms (cache hit)
2740 http cache eslint-visitor-keys@https://registry.npmjs.org/eslint-visitor-keys/-/eslint-visitor-keys-4.2.1.tgz 0ms (cache hit)
2741 http cache debug@https://registry.npmjs.org/debug/-/debug-4.4.3.tgz 0ms (cache hit)
2742 http cache eslint-scope@https://registry.npmjs.org/eslint-scope/-/eslint-scope-8.4.0.tgz 0ms (cache hit)
2743 http cache @types/estree@https://registry.npmjs.org/@types/estree/-/estree-1.0.8.tgz 0ms (cache hit)
2744 http cache escape-string-regexp@https://registry.npmjs.org/escape-string-regexp/-/escape-string-regexp-4.0.0.tgz 0ms (cache hit)
2745 http cache ajv@https://registry.npmjs.org/ajv/-/ajv-6.15.0.tgz 0ms (cache hit)
2746 http cache cross-spawn@https://registry.npmjs.org/cross-spawn/-/cross-spawn-7.0.6.tgz 0ms (cache hit)
2747 http cache chalk@https://registry.npmjs.org/chalk/-/chalk-4.1.2.tgz 0ms (cache hit)
2748 http cache @humanfs/node@https://registry.npmjs.org/@humanfs/node/-/node-0.16.8.tgz 0ms (cache hit)
2749 http cache @eslint/plugin-kit@https://registry.npmjs.org/@eslint/plugin-kit/-/plugin-kit-0.4.1.tgz 0ms (cache hit)
2750 http cache @humanwhocodes/module-importer@https://registry.npmjs.org/@humanwhocodes/module-importer/-/module-importer-1.0.1.tgz 0ms (cache hit)
2751 http cache @humanwhocodes/retry@https://registry.npmjs.org/@humanwhocodes/retry/-/retry-0.4.3.tgz 0ms (cache hit)
2752 http cache @eslint-community/regexpp@https://registry.npmjs.org/@eslint-community/regexpp/-/regexpp-4.12.2.tgz 0ms (cache hit)
2753 http cache @eslint-community/eslint-utils@https://registry.npmjs.org/@eslint-community/eslint-utils/-/eslint-utils-4.9.1.tgz 0ms (cache hit)
2754 http cache @eslint/core@https://registry.npmjs.org/@eslint/core/-/core-0.17.0.tgz 0ms (cache hit)
2755 http cache @eslint/config-array@https://registry.npmjs.org/@eslint/config-array/-/config-array-0.21.2.tgz 0ms (cache hit)
2756 http cache tapable@https://registry.npmjs.org/tapable/-/tapable-2.3.3.tgz 0ms (cache hit)
2757 http cache graceful-fs@https://registry.npmjs.org/graceful-fs/-/graceful-fs-4.2.11.tgz 0ms (cache hit)
2758 http cache @eslint/eslintrc@https://registry.npmjs.org/@eslint/eslintrc/-/eslintrc-3.3.5.tgz 0ms (cache hit)
2759 http cache @eslint/config-helpers@https://registry.npmjs.org/@eslint/config-helpers/-/config-helpers-0.4.2.tgz 0ms (cache hit)
2760 http cache embla-carousel-reactive-utils@https://registry.npmjs.org/embla-carousel-reactive-utils/-/embla-carousel-reactive-utils-8.6.0.tgz 0ms (cache hit)
2761 http cache embla-carousel@https://registry.npmjs.org/embla-carousel/-/embla-carousel-8.6.0.tgz 0ms (cache hit)
2762 http cache proxy-from-env@https://registry.npmjs.org/proxy-from-env/-/proxy-from-env-2.1.0.tgz 0ms (cache hit)
2763 http cache form-data@https://registry.npmjs.org/form-data/-/form-data-4.0.5.tgz 0ms (cache hit)
2764 http cache tslib@https://registry.npmjs.org/tslib/-/tslib-2.8.1.tgz 0ms (cache hit)
2765 http cache @swc/types@https://registry.npmjs.org/@swc/types/-/types-0.1.26.tgz 0ms (cache hit)
2766 http cache follow-redirects@https://registry.npmjs.org/follow-redirects/-/follow-redirects-1.16.0.tgz 0ms (cache hit)
2767 http cache @rolldown/pluginutils@https://registry.npmjs.org/@rolldown/pluginutils/-/pluginutils-1.0.0-beta.27.tgz 0ms (cache hit)
2768 http cache @swc/counter@https://registry.npmjs.org/@swc/counter/-/counter-0.1.3.tgz 0ms (cache hit)
2769 http cache @swc/core@https://registry.npmjs.org/@swc/core/-/core-1.15.30.tgz 0ms (cache hit)
2770 http cache @swc/core-win32-x64-msvc@https://registry.npmjs.org/@swc/core-win32-x64-msvc/-/core-win32-x64-msvc-1.15.30.tgz 0ms (cache hit)
2771 http cache csstype@https://registry.npmjs.org/csstype/-/csstype-3.2.3.tgz 0ms (cache hit)
2772 http cache @types/prop-types@https://registry.npmjs.org/@types/prop-types/-/prop-types-15.7.15.tgz 0ms (cache hit)
2773 http cache @tailwindcss/oxide-win32-x64-msvc@https://registry.npmjs.org/@tailwindcss/oxide-win32-x64-msvc/-/oxide-win32-x64-msvc-4.2.4.tgz 0ms (cache hit)
2774 http cache @jridgewell/resolve-uri@https://registry.npmjs.org/@jridgewell/resolve-uri/-/resolve-uri-3.1.2.tgz 0ms (cache hit)
2775 http cache source-map-js@https://registry.npmjs.org/source-map-js/-/source-map-js-1.2.1.tgz 0ms (cache hit)
2776 http cache undici-types@https://registry.npmjs.org/undici-types/-/undici-types-6.21.0.tgz 0ms (cache hit)
2777 http cache @jridgewell/sourcemap-codec@https://registry.npmjs.org/@jridgewell/sourcemap-codec/-/sourcemap-codec-1.5.5.tgz 0ms (cache hit)
2778 http cache postcss-selector-parser@https://registry.npmjs.org/postcss-selector-parser/-/postcss-selector-parser-6.0.10.tgz 0ms (cache hit)
2779 http cache @jridgewell/trace-mapping@https://registry.npmjs.org/@jridgewell/trace-mapping/-/trace-mapping-0.3.31.tgz 0ms (cache hit)
2780 http cache @jridgewell/gen-mapping@https://registry.npmjs.org/@jridgewell/gen-mapping/-/gen-mapping-0.3.13.tgz 0ms (cache hit)
2781 http cache magic-string@https://registry.npmjs.org/magic-string/-/magic-string-0.30.21.tgz 0ms (cache hit)
2782 http cache @jridgewell/remapping@https://registry.npmjs.org/@jridgewell/remapping/-/remapping-2.3.5.tgz 0ms (cache hit)
2783 http cache lightningcss@https://registry.npmjs.org/lightningcss/-/lightningcss-1.32.0.tgz 0ms (cache hit)
2784 http cache enhanced-resolve@https://registry.npmjs.org/enhanced-resolve/-/enhanced-resolve-5.21.0.tgz 0ms (cache hit)
2785 http cache jiti@https://registry.npmjs.org/jiti/-/jiti-2.6.1.tgz 0ms (cache hit)
2786 http cache @tailwindcss/oxide@https://registry.npmjs.org/@tailwindcss/oxide/-/oxide-4.2.4.tgz 0ms (cache hit)
2787 http cache postcss@https://registry.npmjs.org/postcss/-/postcss-8.5.12.tgz 0ms (cache hit)
2788 http cache @tailwindcss/node@https://registry.npmjs.org/@tailwindcss/node/-/node-4.2.4.tgz 0ms (cache hit)
2789 http cache @alloc/quick-lru@https://registry.npmjs.org/@alloc/quick-lru/-/quick-lru-5.2.0.tgz 0ms (cache hit)
2790 http cache use-sync-external-store@https://registry.npmjs.org/use-sync-external-store/-/use-sync-external-store-1.6.0.tgz 0ms (cache hit)
2791 http cache @radix-ui/react-use-effect-event@https://registry.npmjs.org/@radix-ui/react-use-effect-event/-/react-use-effect-event-0.0.2.tgz 0ms (cache hit)
2792 http cache @floating-ui/dom@https://registry.npmjs.org/@floating-ui/dom/-/dom-1.7.6.tgz 0ms (cache hit)
2793 http cache @radix-ui/number@https://registry.npmjs.org/@radix-ui/number/-/number-1.1.1.tgz 0ms (cache hit)
2794 http cache @radix-ui/rect@https://registry.npmjs.org/@radix-ui/rect/-/rect-1.1.1.tgz 0ms (cache hit)
2795 http cache @floating-ui/core@https://registry.npmjs.org/@floating-ui/core/-/core-1.7.5.tgz 0ms (cache hit)
2796 http cache @radix-ui/react-arrow@https://registry.npmjs.org/@radix-ui/react-arrow/-/react-arrow-1.1.7.tgz 0ms (cache hit)
2797 http cache @floating-ui/utils@https://registry.npmjs.org/@floating-ui/utils/-/utils-0.2.11.tgz 0ms (cache hit)
2798 http cache @floating-ui/react-dom@https://registry.npmjs.org/@floating-ui/react-dom/-/react-dom-2.1.8.tgz 0ms (cache hit)
2799 http cache react-remove-scroll@https://registry.npmjs.org/react-remove-scroll/-/react-remove-scroll-2.7.2.tgz 0ms (cache hit)
2800 http cache @radix-ui/react-use-rect@https://registry.npmjs.org/@radix-ui/react-use-rect/-/react-use-rect-1.1.1.tgz 0ms (cache hit)
2801 http cache aria-hidden@https://registry.npmjs.org/aria-hidden/-/aria-hidden-1.2.6.tgz 0ms (cache hit)
2802 http cache @radix-ui/react-visually-hidden@https://registry.npmjs.org/@radix-ui/react-visually-hidden/-/react-visually-hidden-1.2.3.tgz 0ms (cache hit)
2803 http cache @radix-ui/react-popper@https://registry.npmjs.org/@radix-ui/react-popper/-/react-popper-1.2.8.tgz 0ms (cache hit)
2804 http cache @radix-ui/react-use-escape-keydown@https://registry.npmjs.org/@radix-ui/react-use-escape-keydown/-/react-use-escape-keydown-1.1.1.tgz 0ms (cache hit)
2805 http cache @radix-ui/react-focus-scope@https://registry.npmjs.org/@radix-ui/react-focus-scope/-/react-focus-scope-1.1.7.tgz 0ms (cache hit)
2806 http cache @radix-ui/react-portal@https://registry.npmjs.org/@radix-ui/react-portal/-/react-portal-1.1.9.tgz 0ms (cache hit)
2807 http cache @radix-ui/react-roving-focus@https://registry.npmjs.org/@radix-ui/react-roving-focus/-/react-roving-focus-1.1.11.tgz 0ms (cache hit)
2808 http cache @radix-ui/react-dismissable-layer@https://registry.npmjs.org/@radix-ui/react-dismissable-layer/-/react-dismissable-layer-1.1.11.tgz 0ms (cache hit)
2809 http cache @radix-ui/react-focus-guards@https://registry.npmjs.org/@radix-ui/react-focus-guards/-/react-focus-guards-1.1.3.tgz 0ms (cache hit)
2810 http cache @radix-ui/react-use-previous@https://registry.npmjs.org/@radix-ui/react-use-previous/-/react-use-previous-1.1.1.tgz 0ms (cache hit)
2811 http cache @radix-ui/react-presence@https://registry.npmjs.org/@radix-ui/react-presence/-/react-presence-1.1.5.tgz 0ms (cache hit)
2812 http cache @radix-ui/react-menu@https://registry.npmjs.org/@radix-ui/react-menu/-/react-menu-2.1.16.tgz 0ms (cache hit)
2813 http cache @radix-ui/react-use-layout-effect@https://registry.npmjs.org/@radix-ui/react-use-layout-effect/-/react-use-layout-effect-1.1.1.tgz 0ms (cache hit)
2814 http cache @radix-ui/react-use-size@https://registry.npmjs.org/@radix-ui/react-use-size/-/react-use-size-1.1.1.tgz 0ms (cache hit)
2815 http cache @radix-ui/react-use-callback-ref@https://registry.npmjs.org/@radix-ui/react-use-callback-ref/-/react-use-callback-ref-1.1.1.tgz 0ms (cache hit)
2816 http cache @radix-ui/react-id@https://registry.npmjs.org/@radix-ui/react-id/-/react-id-1.1.1.tgz 0ms (cache hit)
2817 http cache @radix-ui/react-use-is-hydrated@https://registry.npmjs.org/@radix-ui/react-use-is-hydrated/-/react-use-is-hydrated-0.1.0.tgz 0ms (cache hit)
2818 http cache @radix-ui/react-primitive@https://registry.npmjs.org/@radix-ui/react-primitive/-/react-primitive-2.1.3.tgz 0ms (cache hit)
2819 http cache @radix-ui/react-use-controllable-state@https://registry.npmjs.org/@radix-ui/react-use-controllable-state/-/react-use-controllable-state-1.2.2.tgz 0ms (cache hit)
2820 http cache @radix-ui/react-compose-refs@https://registry.npmjs.org/@radix-ui/react-compose-refs/-/react-compose-refs-1.1.2.tgz 0ms (cache hit)
2821 http cache zustand@https://registry.npmjs.org/zustand/-/zustand-4.5.7.tgz 0ms (cache hit)
2822 http cache @radix-ui/react-direction@https://registry.npmjs.org/@radix-ui/react-direction/-/react-direction-1.1.1.tgz 0ms (cache hit)
2823 http cache @radix-ui/react-context@https://registry.npmjs.org/@radix-ui/react-context/-/react-context-1.1.2.tgz 0ms (cache hit)
2824 http cache @radix-ui/react-collection@https://registry.npmjs.org/@radix-ui/react-collection/-/react-collection-1.1.7.tgz 0ms (cache hit)
2825 http cache @radix-ui/primitive@https://registry.npmjs.org/@radix-ui/primitive/-/primitive-1.1.3.tgz 0ms (cache hit)
2826 http cache vaul@https://registry.npmjs.org/vaul/-/vaul-1.1.2.tgz 0ms (cache hit)
2827 http cache zod@https://registry.npmjs.org/zod/-/zod-3.25.76.tgz 0ms (cache hit)
2828 http cache tw-animate-css@https://registry.npmjs.org/tw-animate-css/-/tw-animate-css-1.4.0.tgz 0ms (cache hit)
2829 http cache typescript-eslint@https://registry.npmjs.org/typescript-eslint/-/typescript-eslint-8.59.0.tgz 0ms (cache hit)
2830 http cache tailwind-merge@https://registry.npmjs.org/tailwind-merge/-/tailwind-merge-2.6.1.tgz 0ms (cache hit)
2831 http cache sonner@https://registry.npmjs.org/sonner/-/sonner-1.7.4.tgz 0ms (cache hit)
2832 http cache react-router-dom@https://registry.npmjs.org/react-router-dom/-/react-router-dom-6.30.3.tgz 0ms (cache hit)
2833 http cache typescript@https://registry.npmjs.org/typescript/-/typescript-5.9.3.tgz 0ms (cache hit)
2834 http cache react-resizable-panels@https://registry.npmjs.org/react-resizable-panels/-/react-resizable-panels-2.1.9.tgz 0ms (cache hit)
2835 http cache next-themes@https://registry.npmjs.org/next-themes/-/next-themes-0.4.6.tgz 0ms (cache hit)
2836 http cache react-day-picker@https://registry.npmjs.org/react-day-picker/-/react-day-picker-9.14.0.tgz 0ms (cache hit)
2837 http cache recharts@https://registry.npmjs.org/recharts/-/recharts-2.15.4.tgz 0ms (cache hit)
2838 http cache input-otp@https://registry.npmjs.org/input-otp/-/input-otp-1.4.2.tgz 0ms (cache hit)
2839 http cache lucide-react@https://registry.npmjs.org/lucide-react/-/lucide-react-0.462.0.tgz 0ms (cache hit)
2840 http cache globals@https://registry.npmjs.org/globals/-/globals-15.15.0.tgz 0ms (cache hit)
2841 http cache framer-motion@https://registry.npmjs.org/framer-motion/-/framer-motion-12.38.0.tgz 0ms (cache hit)
2842 http cache eslint-plugin-react-refresh@https://registry.npmjs.org/eslint-plugin-react-refresh/-/eslint-plugin-react-refresh-0.4.26.tgz 0ms (cache hit)
2843 http cache eslint-plugin-react-hooks@https://registry.npmjs.org/eslint-plugin-react-hooks/-/eslint-plugin-react-hooks-7.1.1.tgz 0ms (cache hit)
2844 http cache eslint@https://registry.npmjs.org/eslint/-/eslint-9.39.4.tgz 0ms (cache hit)
2845 http cache embla-carousel-react@https://registry.npmjs.org/embla-carousel-react/-/embla-carousel-react-8.6.0.tgz 0ms (cache hit)
2846 http cache dotenv@https://registry.npmjs.org/dotenv/-/dotenv-16.6.1.tgz 0ms (cache hit)
2847 http cache date-fns@https://registry.npmjs.org/date-fns/-/date-fns-3.6.0.tgz 0ms (cache hit)
2848 http cache class-variance-authority@https://registry.npmjs.org/class-variance-authority/-/class-variance-authority-0.7.1.tgz 0ms (cache hit)
2849 http cache axios@https://registry.npmjs.org/axios/-/axios-1.15.2.tgz 0ms (cache hit)
2850 http cache cmdk@https://registry.npmjs.org/cmdk/-/cmdk-1.1.1.tgz 0ms (cache hit)
2851 http cache @vitejs/plugin-react-swc@https://registry.npmjs.org/@vitejs/plugin-react-swc/-/plugin-react-swc-3.11.0.tgz 0ms (cache hit)
2852 http cache clsx@https://registry.npmjs.org/clsx/-/clsx-2.1.1.tgz 0ms (cache hit)
2853 http cache @types/react@https://registry.npmjs.org/@types/react/-/react-18.3.28.tgz 0ms (cache hit)
2854 http cache vite@https://registry.npmjs.org/vite/-/vite-5.4.21.tgz 0ms (cache hit)
2855 http cache @types/axios@https://registry.npmjs.org/@types/axios/-/axios-0.9.36.tgz 0ms (cache hit)
2856 http cache @types/react-dom@https://registry.npmjs.org/@types/react-dom/-/react-dom-18.3.7.tgz 0ms (cache hit)
2857 http cache @types/node@https://registry.npmjs.org/@types/node/-/node-22.19.17.tgz 0ms (cache hit)
2858 http cache tailwindcss@https://registry.npmjs.org/tailwindcss/-/tailwindcss-4.2.4.tgz 0ms (cache hit)
2859 http cache @radix-ui/react-tooltip@https://registry.npmjs.org/@radix-ui/react-tooltip/-/react-tooltip-1.2.8.tgz 0ms (cache hit)
2860 http cache @tailwindcss/vite@https://registry.npmjs.org/@tailwindcss/vite/-/vite-4.2.4.tgz 0ms (cache hit)
2861 http cache @tailwindcss/postcss@https://registry.npmjs.org/@tailwindcss/postcss/-/postcss-4.2.4.tgz 0ms (cache hit)
2862 http cache @tailwindcss/typography@https://registry.npmjs.org/@tailwindcss/typography/-/typography-0.5.19.tgz 0ms (cache hit)
2863 http cache @radix-ui/react-toggle@https://registry.npmjs.org/@radix-ui/react-toggle/-/react-toggle-1.1.10.tgz 0ms (cache hit)
2864 http cache @radix-ui/react-toggle-group@https://registry.npmjs.org/@radix-ui/react-toggle-group/-/react-toggle-group-1.1.11.tgz 0ms (cache hit)
2865 http cache @radix-ui/react-toast@https://registry.npmjs.org/@radix-ui/react-toast/-/react-toast-1.2.15.tgz 0ms (cache hit)
2866 http cache @radix-ui/react-switch@https://registry.npmjs.org/@radix-ui/react-switch/-/react-switch-1.2.6.tgz 0ms (cache hit)
2867 http cache @radix-ui/react-tabs@https://registry.npmjs.org/@radix-ui/react-tabs/-/react-tabs-1.1.13.tgz 0ms (cache hit)
2868 http cache @radix-ui/react-slot@https://registry.npmjs.org/@radix-ui/react-slot/-/react-slot-1.2.4.tgz 0ms (cache hit)
2869 http cache @radix-ui/react-slider@https://registry.npmjs.org/@radix-ui/react-slider/-/react-slider-1.3.6.tgz 0ms (cache hit)
2870 http cache @radix-ui/react-select@https://registry.npmjs.org/@radix-ui/react-select/-/react-select-2.2.6.tgz 0ms (cache hit)
2871 http cache @radix-ui/react-separator@https://registry.npmjs.org/@radix-ui/react-separator/-/react-separator-1.1.8.tgz 0ms (cache hit)
2872 http cache @radix-ui/react-progress@https://registry.npmjs.org/@radix-ui/react-progress/-/react-progress-1.1.8.tgz 0ms (cache hit)
2873 http cache @radix-ui/react-radio-group@https://registry.npmjs.org/@radix-ui/react-radio-group/-/react-radio-group-1.3.8.tgz 0ms (cache hit)
2874 http cache @radix-ui/react-scroll-area@https://registry.npmjs.org/@radix-ui/react-scroll-area/-/react-scroll-area-1.2.10.tgz 0ms (cache hit)
2875 http cache @radix-ui/react-popover@https://registry.npmjs.org/@radix-ui/react-popover/-/react-popover-1.1.15.tgz 0ms (cache hit)
2876 http cache @radix-ui/react-navigation-menu@https://registry.npmjs.org/@radix-ui/react-navigation-menu/-/react-navigation-menu-1.2.14.tgz 0ms (cache hit)
2877 http cache @radix-ui/react-menubar@https://registry.npmjs.org/@radix-ui/react-menubar/-/react-menubar-1.1.16.tgz 0ms (cache hit)
2878 http cache @radix-ui/react-label@https://registry.npmjs.org/@radix-ui/react-label/-/react-label-2.1.8.tgz 0ms (cache hit)
2879 http cache @radix-ui/react-hover-card@https://registry.npmjs.org/@radix-ui/react-hover-card/-/react-hover-card-1.1.15.tgz 0ms (cache hit)
2880 http cache @radix-ui/react-icons@https://registry.npmjs.org/@radix-ui/react-icons/-/react-icons-1.3.2.tgz 0ms (cache hit)
2881 http cache @radix-ui/react-dropdown-menu@https://registry.npmjs.org/@radix-ui/react-dropdown-menu/-/react-dropdown-menu-2.1.16.tgz 0ms (cache hit)
2882 http cache @radix-ui/react-context-menu@https://registry.npmjs.org/@radix-ui/react-context-menu/-/react-context-menu-2.2.16.tgz 0ms (cache hit)
2883 http cache @radix-ui/react-dialog@https://registry.npmjs.org/@radix-ui/react-dialog/-/react-dialog-1.1.15.tgz 0ms (cache hit)
2884 http cache react-dom@https://registry.npmjs.org/react-dom/-/react-dom-18.3.1.tgz 0ms (cache hit)
2885 http cache react@https://registry.npmjs.org/react/-/react-18.3.1.tgz 0ms (cache hit)
2886 http cache @radix-ui/react-checkbox@https://registry.npmjs.org/@radix-ui/react-checkbox/-/react-checkbox-1.3.3.tgz 1ms (cache hit)
2887 http cache @radix-ui/react-collapsible@https://registry.npmjs.org/@radix-ui/react-collapsible/-/react-collapsible-1.1.12.tgz 0ms (cache hit)
2888 http cache react-hook-form@https://registry.npmjs.org/react-hook-form/-/react-hook-form-7.74.0.tgz 0ms (cache hit)
2889 http cache @radix-ui/react-aspect-ratio@https://registry.npmjs.org/@radix-ui/react-aspect-ratio/-/react-aspect-ratio-1.1.8.tgz 0ms (cache hit)
2890 http cache @radix-ui/react-avatar@https://registry.npmjs.org/@radix-ui/react-avatar/-/react-avatar-1.1.11.tgz 0ms (cache hit)
2891 http cache @radix-ui/react-alert-dialog@https://registry.npmjs.org/@radix-ui/react-alert-dialog/-/react-alert-dialog-1.1.15.tgz 0ms (cache hit)
2892 http cache @hookform/resolvers@https://registry.npmjs.org/@hookform/resolvers/-/resolvers-3.10.0.tgz 0ms (cache hit)
2893 http cache @radix-ui/react-accordion@https://registry.npmjs.org/@radix-ui/react-accordion/-/react-accordion-1.2.12.tgz 0ms (cache hit)
2894 http cache @eslint/js@https://registry.npmjs.org/@eslint/js/-/js-9.39.4.tgz 0ms (cache hit)
2895 http cache eslint-visitor-keys@https://registry.npmjs.org/eslint-visitor-keys/-/eslint-visitor-keys-5.0.1.tgz 0ms (cache hit)
2896 http cache semver@https://registry.npmjs.org/semver/-/semver-7.7.4.tgz 0ms (cache hit)
2897 http cache react-is@https://registry.npmjs.org/react-is/-/react-is-16.13.1.tgz 0ms (cache hit)
2898 http cache brace-expansion@https://registry.npmjs.org/brace-expansion/-/brace-expansion-5.0.5.tgz 0ms (cache hit)
2899 http cache ignore@https://registry.npmjs.org/ignore/-/ignore-7.0.5.tgz 0ms (cache hit)
2900 http cache minimatch@https://registry.npmjs.org/minimatch/-/minimatch-10.2.5.tgz 0ms (cache hit)
2901 http cache globals@https://registry.npmjs.org/globals/-/globals-14.0.0.tgz 0ms (cache hit)
2902 http cache balanced-match@https://registry.npmjs.org/balanced-match/-/balanced-match-4.0.4.tgz 0ms (cache hit)
2903 http cache @radix-ui/react-slot@https://registry.npmjs.org/@radix-ui/react-slot/-/react-slot-1.2.3.tgz 0ms (cache hit)
2904 http cache eslint-visitor-keys@https://registry.npmjs.org/eslint-visitor-keys/-/eslint-visitor-keys-3.4.3.tgz 0ms (cache hit)
2905 http cache @radix-ui/react-slot@https://registry.npmjs.org/@radix-ui/react-slot/-/react-slot-1.2.3.tgz 0ms (cache hit)
2906 http cache date-fns@https://registry.npmjs.org/date-fns/-/date-fns-4.1.0.tgz 0ms (cache hit)
2907 http cache @radix-ui/react-slot@https://registry.npmjs.org/@radix-ui/react-slot/-/react-slot-1.2.3.tgz 0ms (cache hit)
2908 http cache @radix-ui/react-primitive@https://registry.npmjs.org/@radix-ui/react-primitive/-/react-primitive-2.1.4.tgz 0ms (cache hit)
2909 http cache @radix-ui/react-slot@https://registry.npmjs.org/@radix-ui/react-slot/-/react-slot-1.2.3.tgz 0ms (cache hit)
2910 http cache @radix-ui/react-slot@https://registry.npmjs.org/@radix-ui/react-slot/-/react-slot-1.2.3.tgz 0ms (cache hit)
2911 http cache @radix-ui/react-slot@https://registry.npmjs.org/@radix-ui/react-slot/-/react-slot-1.2.3.tgz 0ms (cache hit)
2912 http cache @radix-ui/react-context@https://registry.npmjs.org/@radix-ui/react-context/-/react-context-1.1.3.tgz 0ms (cache hit)
2913 http cache @radix-ui/react-primitive@https://registry.npmjs.org/@radix-ui/react-primitive/-/react-primitive-2.1.4.tgz 0ms (cache hit)
2914 http cache @radix-ui/react-slot@https://registry.npmjs.org/@radix-ui/react-slot/-/react-slot-1.2.3.tgz 0ms (cache hit)
2915 http cache @radix-ui/react-primitive@https://registry.npmjs.org/@radix-ui/react-primitive/-/react-primitive-2.1.4.tgz 0ms (cache hit)
2916 http cache @radix-ui/react-primitive@https://registry.npmjs.org/@radix-ui/react-primitive/-/react-primitive-2.1.4.tgz 0ms (cache hit)
2917 silly tarball no local data for rollup@https://registry.npmjs.org/rollup/-/rollup-4.60.2.tgz. Extracting by manifest.
2918 silly tarball no local data for @esbuild/win32-x64@https://registry.npmjs.org/@esbuild/win32-x64/-/win32-x64-0.21.5.tgz. Extracting by manifest.
2919 silly tarball no local data for @rollup/rollup-win32-x64-gnu@https://registry.npmjs.org/@rollup/rollup-win32-x64-gnu/-/rollup-win32-x64-gnu-4.60.2.tgz. Extracting by manifest.
2920 silly tarball no local data for @rollup/rollup-win32-x64-msvc@https://registry.npmjs.org/@rollup/rollup-win32-x64-msvc/-/rollup-win32-x64-msvc-4.60.2.tgz. Extracting by manifest.
2921 silly tarball no local data for d3-path@https://registry.npmjs.org/d3-path/-/d3-path-3.1.0.tgz. Extracting by manifest.
2922 silly tarball no local data for esbuild@https://registry.npmjs.org/esbuild/-/esbuild-0.21.5.tgz. Extracting by manifest.
2923 silly tarball no local data for d3-time-format@https://registry.npmjs.org/d3-time-format/-/d3-time-format-4.1.0.tgz. Extracting by manifest.
2924 silly tarball no local data for d3-format@https://registry.npmjs.org/d3-format/-/d3-format-3.1.2.tgz. Extracting by manifest.
2925 silly tarball no local data for d3-color@https://registry.npmjs.org/d3-color/-/d3-color-3.1.0.tgz. Extracting by manifest.
2926 silly tarball no local data for d3-timer@https://registry.npmjs.org/d3-timer/-/d3-timer-3.0.1.tgz. Extracting by manifest.
2927 silly tarball no local data for internmap@https://registry.npmjs.org/internmap/-/internmap-2.0.3.tgz. Extracting by manifest.
2928 silly tarball no local data for d3-time@https://registry.npmjs.org/d3-time/-/d3-time-3.1.0.tgz. Extracting by manifest.
2929 silly tarball no local data for @types/d3-color@https://registry.npmjs.org/@types/d3-color/-/d3-color-3.1.3.tgz. Extracting by manifest.
2930 silly tarball no local data for d3-shape@https://registry.npmjs.org/d3-shape/-/d3-shape-3.2.0.tgz. Extracting by manifest.
2931 silly tarball no local data for @types/d3-path@https://registry.npmjs.org/@types/d3-path/-/d3-path-3.1.1.tgz. Extracting by manifest.
2932 silly tarball no local data for d3-interpolate@https://registry.npmjs.org/d3-interpolate/-/d3-interpolate-3.0.1.tgz. Extracting by manifest.
2933 http cache @radix-ui/react-context@https://registry.npmjs.org/@radix-ui/react-context/-/react-context-1.1.3.tgz 0ms (cache hit)
2934 silly tarball no local data for @types/d3-timer@https://registry.npmjs.org/@types/d3-timer/-/d3-timer-3.0.2.tgz. Extracting by manifest.
2935 silly tarball no local data for d3-array@https://registry.npmjs.org/d3-array/-/d3-array-3.2.4.tgz. Extracting by manifest.
2936 silly tarball no local data for d3-ease@https://registry.npmjs.org/d3-ease/-/d3-ease-3.0.1.tgz. Extracting by manifest.
2937 silly tarball no local data for d3-scale@https://registry.npmjs.org/d3-scale/-/d3-scale-4.0.2.tgz. Extracting by manifest.
2938 silly tarball no local data for @types/d3-scale@https://registry.npmjs.org/@types/d3-scale/-/d3-scale-4.0.9.tgz. Extracting by manifest.
2939 silly tarball no local data for @types/d3-shape@https://registry.npmjs.org/@types/d3-shape/-/d3-shape-3.1.8.tgz. Extracting by manifest.
2940 silly tarball no local data for @types/d3-time@https://registry.npmjs.org/@types/d3-time/-/d3-time-3.0.4.tgz. Extracting by manifest.
2941 silly tarball no local data for detect-node-es@https://registry.npmjs.org/detect-node-es/-/detect-node-es-1.1.0.tgz. Extracting by manifest.
2942 silly tarball no local data for @types/d3-interpolate@https://registry.npmjs.org/@types/d3-interpolate/-/d3-interpolate-3.0.4.tgz. Extracting by manifest.
2943 silly tarball no local data for escalade@https://registry.npmjs.org/escalade/-/escalade-3.2.0.tgz. Extracting by manifest.
2944 silly tarball no local data for @types/d3-ease@https://registry.npmjs.org/@types/d3-ease/-/d3-ease-3.0.2.tgz. Extracting by manifest.
2945 silly tarball no local data for @types/d3-array@https://registry.npmjs.org/@types/d3-array/-/d3-array-3.2.2.tgz. Extracting by manifest.
2946 silly tarball no local data for @typescript-eslint/tsconfig-utils@https://registry.npmjs.org/@typescript-eslint/tsconfig-utils/-/tsconfig-utils-8.59.0.tgz. Extracting by manifest.
2947 http cache @radix-ui/react-slot@https://registry.npmjs.org/@radix-ui/react-slot/-/react-slot-1.2.3.tgz 0ms (cache hit)
2948 silly tarball no local data for @typescript-eslint/types@https://registry.npmjs.org/@typescript-eslint/types/-/types-8.59.0.tgz. Extracting by manifest.
2949 silly tarball no local data for @typescript-eslint/visitor-keys@https://registry.npmjs.org/@typescript-eslint/visitor-keys/-/visitor-keys-8.59.0.tgz. Extracting by manifest.
2950 silly tarball no local data for @typescript-eslint/project-service@https://registry.npmjs.org/@typescript-eslint/project-service/-/project-service-8.59.0.tgz. Extracting by manifest.
2951 silly tarball no local data for @typescript-eslint/scope-manager@https://registry.npmjs.org/@typescript-eslint/scope-manager/-/scope-manager-8.59.0.tgz. Extracting by manifest.
2952 silly tarball no local data for @typescript-eslint/type-utils@https://registry.npmjs.org/@typescript-eslint/type-utils/-/type-utils-8.59.0.tgz. Extracting by manifest.
2953 silly tarball no local data for @typescript-eslint/typescript-estree@https://registry.npmjs.org/@typescript-eslint/typescript-estree/-/typescript-estree-8.59.0.tgz. Extracting by manifest.
2954 silly tarball no local data for @typescript-eslint/utils@https://registry.npmjs.org/@typescript-eslint/utils/-/utils-8.59.0.tgz. Extracting by manifest.
2955 silly tarball no local data for @typescript-eslint/parser@https://registry.npmjs.org/@typescript-eslint/parser/-/parser-8.59.0.tgz. Extracting by manifest.
2956 silly tarball no local data for @babel/runtime@https://registry.npmjs.org/@babel/runtime/-/runtime-7.29.2.tgz. Extracting by manifest.
2957 silly tarball no local data for decimal.js-light@https://registry.npmjs.org/decimal.js-light/-/decimal.js-light-2.5.1.tgz. Extracting by manifest.
2958 http cache @radix-ui/react-primitive@https://registry.npmjs.org/@radix-ui/react-primitive/-/react-primitive-2.1.4.tgz 0ms (cache hit)
2959 silly tarball no local data for dom-helpers@https://registry.npmjs.org/dom-helpers/-/dom-helpers-5.2.1.tgz. Extracting by manifest.
2960 silly tarball no local data for react-transition-group@https://registry.npmjs.org/react-transition-group/-/react-transition-group-4.4.5.tgz. Extracting by manifest.
2961 silly tarball no local data for prop-types@https://registry.npmjs.org/prop-types/-/prop-types-15.8.1.tgz. Extracting by manifest.
2962 silly tarball no local data for fast-equals@https://registry.npmjs.org/fast-equals/-/fast-equals-5.4.0.tgz. Extracting by manifest.
2963 silly tarball no local data for tiny-invariant@https://registry.npmjs.org/tiny-invariant/-/tiny-invariant-1.3.3.tgz. Extracting by manifest.
2964 silly tarball no local data for recharts-scale@https://registry.npmjs.org/recharts-scale/-/recharts-scale-0.4.5.tgz. Extracting by manifest.
2965 silly tarball no local data for victory-vendor@https://registry.npmjs.org/victory-vendor/-/victory-vendor-36.9.2.tgz. Extracting by manifest.
2966 silly tarball no local data for @typescript-eslint/eslint-plugin@https://registry.npmjs.org/@typescript-eslint/eslint-plugin/-/eslint-plugin-8.59.0.tgz. Extracting by manifest.
2967 silly tarball no local data for react-smooth@https://registry.npmjs.org/react-smooth/-/react-smooth-4.0.4.tgz. Extracting by manifest.
2968 silly tarball no local data for lodash@https://registry.npmjs.org/lodash/-/lodash-4.18.1.tgz. Extracting by manifest.
2969 silly tarball no local data for @remix-run/router@https://registry.npmjs.org/@remix-run/router/-/router-1.23.2.tgz. Extracting by manifest.
2970 silly tarball no local data for get-nonce@https://registry.npmjs.org/get-nonce/-/get-nonce-1.0.1.tgz. Extracting by manifest.
2971 silly tarball no local data for react-is@https://registry.npmjs.org/react-is/-/react-is-18.3.1.tgz. Extracting by manifest.
2972 silly tarball no local data for eventemitter3@https://registry.npmjs.org/eventemitter3/-/eventemitter3-4.0.7.tgz. Extracting by manifest.
2973 silly tarball no local data for react-router@https://registry.npmjs.org/react-router/-/react-router-6.30.3.tgz. Extracting by manifest.
2974 silly tarball no local data for use-sidecar@https://registry.npmjs.org/use-sidecar/-/use-sidecar-1.1.3.tgz. Extracting by manifest.
2975 silly tarball no local data for @tabby_ai/hijri-converter@https://registry.npmjs.org/@tabby_ai/hijri-converter/-/hijri-converter-1.0.5.tgz. Extracting by manifest.
2976 silly tarball no local data for use-callback-ref@https://registry.npmjs.org/use-callback-ref/-/use-callback-ref-1.3.3.tgz. Extracting by manifest.
2977 silly tarball no local data for react-remove-scroll-bar@https://registry.npmjs.org/react-remove-scroll-bar/-/react-remove-scroll-bar-2.3.8.tgz. Extracting by manifest.
2978 silly tarball no local data for react-style-singleton@https://registry.npmjs.org/react-style-singleton/-/react-style-singleton-2.2.3.tgz. Extracting by manifest.
2979 silly tarball no local data for @date-fns/tz@https://registry.npmjs.org/@date-fns/tz/-/tz-1.4.1.tgz. Extracting by manifest.
2980 silly tarball no local data for loose-envify@https://registry.npmjs.org/loose-envify/-/loose-envify-1.4.0.tgz. Extracting by manifest.
2981 silly tarball no local data for scheduler@https://registry.npmjs.org/scheduler/-/scheduler-0.23.2.tgz. Extracting by manifest.
2982 silly tarball no local data for cssesc@https://registry.npmjs.org/cssesc/-/cssesc-3.0.0.tgz. Extracting by manifest.
2983 silly tarball no local data for date-fns-jalali@https://registry.npmjs.org/date-fns-jalali/-/date-fns-jalali-4.1.0-0.tgz. Extracting by manifest.
2984 silly tarball no local data for nanoid@https://registry.npmjs.org/nanoid/-/nanoid-3.3.11.tgz. Extracting by manifest.
2985 silly tarball no local data for yallist@https://registry.npmjs.org/yallist/-/yallist-3.1.1.tgz. Extracting by manifest.
2986 silly tarball no local data for lightningcss-win32-x64-msvc@https://registry.npmjs.org/lightningcss-win32-x64-msvc/-/lightningcss-win32-x64-msvc-1.32.0.tgz. Extracting by manifest.
2987 silly tarball no local data for hermes-estree@https://registry.npmjs.org/hermes-estree/-/hermes-estree-0.25.1.tgz. Extracting by manifest.
2988 silly tarball no local data for motion-utils@https://registry.npmjs.org/motion-utils/-/motion-utils-12.36.0.tgz. Extracting by manifest.
2989 silly tarball no local data for motion-dom@https://registry.npmjs.org/motion-dom/-/motion-dom-12.38.0.tgz. Extracting by manifest.
2990 silly tarball no local data for update-browserslist-db@https://registry.npmjs.org/update-browserslist-db/-/update-browserslist-db-1.2.3.tgz. Extracting by manifest.
2991 silly tarball no local data for node-releases@https://registry.npmjs.org/node-releases/-/node-releases-2.0.38.tgz. Extracting by manifest.
2992 silly tarball no local data for electron-to-chromium@https://registry.npmjs.org/electron-to-chromium/-/electron-to-chromium-1.5.344.tgz. Extracting by manifest.
2993 silly tarball no local data for @babel/helper-globals@https://registry.npmjs.org/@babel/helper-globals/-/helper-globals-7.28.0.tgz. Extracting by manifest.
2994 silly tarball no local data for @babel/helper-string-parser@https://registry.npmjs.org/@babel/helper-string-parser/-/helper-string-parser-7.27.1.tgz. Extracting by manifest.
2995 silly tarball no local data for baseline-browser-mapping@https://registry.npmjs.org/baseline-browser-mapping/-/baseline-browser-mapping-2.10.23.tgz. Extracting by manifest.
2996 silly tarball no local data for browserslist@https://registry.npmjs.org/browserslist/-/browserslist-4.28.2.tgz. Extracting by manifest.
2997 silly tarball no local data for @babel/helper-module-imports@https://registry.npmjs.org/@babel/helper-module-imports/-/helper-module-imports-7.28.6.tgz. Extracting by manifest.
2998 silly tarball no local data for caniuse-lite@https://registry.npmjs.org/caniuse-lite/-/caniuse-lite-1.0.30001791.tgz. Extracting by manifest.
2999 silly tarball no local data for lru-cache@https://registry.npmjs.org/lru-cache/-/lru-cache-5.1.1.tgz. Extracting by manifest.
3000 silly tarball no local data for @babel/helper-validator-option@https://registry.npmjs.org/@babel/helper-validator-option/-/helper-validator-option-7.27.1.tgz. Extracting by manifest.
3001 silly tarball no local data for @babel/compat-data@https://registry.npmjs.org/@babel/compat-data/-/compat-data-7.29.0.tgz. Extracting by manifest.
3002 silly tarball no local data for @babel/helper-validator-identifier@https://registry.npmjs.org/@babel/helper-validator-identifier/-/helper-validator-identifier-7.28.5.tgz. Extracting by manifest.
3003 silly tarball no local data for js-tokens@https://registry.npmjs.org/js-tokens/-/js-tokens-4.0.0.tgz. Extracting by manifest.
3004 silly tarball no local data for jsesc@https://registry.npmjs.org/jsesc/-/jsesc-3.1.0.tgz. Extracting by manifest.
3005 silly tarball no local data for picocolors@https://registry.npmjs.org/picocolors/-/picocolors-1.1.1.tgz. Extracting by manifest.
3006 silly tarball no local data for json5@https://registry.npmjs.org/json5/-/json5-2.2.3.tgz. Extracting by manifest.
3007 silly tarball no local data for @babel/types@https://registry.npmjs.org/@babel/types/-/types-7.29.0.tgz. Extracting by manifest.
3008 silly tarball no local data for gensync@https://registry.npmjs.org/gensync/-/gensync-1.0.0-beta.2.tgz. Extracting by manifest.
3009 silly tarball no local data for convert-source-map@https://registry.npmjs.org/convert-source-map/-/convert-source-map-2.0.0.tgz. Extracting by manifest.
3010 silly tarball no local data for semver@https://registry.npmjs.org/semver/-/semver-6.3.1.tgz. Extracting by manifest.
3011 silly tarball no local data for @babel/helpers@https://registry.npmjs.org/@babel/helpers/-/helpers-7.29.2.tgz. Extracting by manifest.
3012 silly tarball no local data for @babel/template@https://registry.npmjs.org/@babel/template/-/template-7.28.6.tgz. Extracting by manifest.
3013 silly tarball no local data for @babel/helper-compilation-targets@https://registry.npmjs.org/@babel/helper-compilation-targets/-/helper-compilation-targets-7.28.6.tgz. Extracting by manifest.
3014 silly tarball no local data for @babel/traverse@https://registry.npmjs.org/@babel/traverse/-/traverse-7.29.0.tgz. Extracting by manifest.
3015 silly tarball no local data for @babel/helper-module-transforms@https://registry.npmjs.org/@babel/helper-module-transforms/-/helper-module-transforms-7.28.6.tgz. Extracting by manifest.
3016 silly tarball no local data for @babel/code-frame@https://registry.npmjs.org/@babel/code-frame/-/code-frame-7.29.0.tgz. Extracting by manifest.
3017 silly tarball no local data for @babel/generator@https://registry.npmjs.org/@babel/generator/-/generator-7.29.1.tgz. Extracting by manifest.
3018 silly tarball no local data for zod-validation-error@https://registry.npmjs.org/zod-validation-error/-/zod-validation-error-4.0.2.tgz. Extracting by manifest.
3019 silly tarball no local data for hermes-parser@https://registry.npmjs.org/hermes-parser/-/hermes-parser-0.25.1.tgz. Extracting by manifest.
3020 silly tarball no local data for @babel/core@https://registry.npmjs.org/@babel/core/-/core-7.29.0.tgz. Extracting by manifest.
3021 silly tarball no local data for @babel/parser@https://registry.npmjs.org/@babel/parser/-/parser-7.29.2.tgz. Extracting by manifest.
3022 silly tarball no local data for ajv@https://registry.npmjs.org/ajv/-/ajv-6.15.0.tgz. Extracting by manifest.
3023 silly tarball no local data for tapable@https://registry.npmjs.org/tapable/-/tapable-2.3.3.tgz. Extracting by manifest.
3024 silly tarball no local data for graceful-fs@https://registry.npmjs.org/graceful-fs/-/graceful-fs-4.2.11.tgz. Extracting by manifest.
3025 silly tarball no local data for embla-carousel-reactive-utils@https://registry.npmjs.org/embla-carousel-reactive-utils/-/embla-carousel-reactive-utils-8.6.0.tgz. Extracting by manifest.
3026 silly tarball no local data for embla-carousel@https://registry.npmjs.org/embla-carousel/-/embla-carousel-8.6.0.tgz. Extracting by manifest.
3027 silly tarball no local data for @swc/types@https://registry.npmjs.org/@swc/types/-/types-0.1.26.tgz. Extracting by manifest.
3028 silly tarball no local data for @rolldown/pluginutils@https://registry.npmjs.org/@rolldown/pluginutils/-/pluginutils-1.0.0-beta.27.tgz. Extracting by manifest.
3029 silly tarball no local data for @swc/counter@https://registry.npmjs.org/@swc/counter/-/counter-0.1.3.tgz. Extracting by manifest.
3030 silly tarball no local data for @swc/core@https://registry.npmjs.org/@swc/core/-/core-1.15.30.tgz. Extracting by manifest.
3031 silly tarball no local data for @swc/core-win32-x64-msvc@https://registry.npmjs.org/@swc/core-win32-x64-msvc/-/core-win32-x64-msvc-1.15.30.tgz. Extracting by manifest.
3032 silly tarball no local data for csstype@https://registry.npmjs.org/csstype/-/csstype-3.2.3.tgz. Extracting by manifest.
3033 silly tarball no local data for @types/prop-types@https://registry.npmjs.org/@types/prop-types/-/prop-types-15.7.15.tgz. Extracting by manifest.
3034 silly tarball no local data for @tailwindcss/oxide-win32-x64-msvc@https://registry.npmjs.org/@tailwindcss/oxide-win32-x64-msvc/-/oxide-win32-x64-msvc-4.2.4.tgz. Extracting by manifest.
3035 silly tarball no local data for @jridgewell/resolve-uri@https://registry.npmjs.org/@jridgewell/resolve-uri/-/resolve-uri-3.1.2.tgz. Extracting by manifest.
3036 silly tarball no local data for source-map-js@https://registry.npmjs.org/source-map-js/-/source-map-js-1.2.1.tgz. Extracting by manifest.
3037 silly tarball no local data for undici-types@https://registry.npmjs.org/undici-types/-/undici-types-6.21.0.tgz. Extracting by manifest.
3038 silly tarball no local data for @jridgewell/sourcemap-codec@https://registry.npmjs.org/@jridgewell/sourcemap-codec/-/sourcemap-codec-1.5.5.tgz. Extracting by manifest.
3039 silly tarball no local data for postcss-selector-parser@https://registry.npmjs.org/postcss-selector-parser/-/postcss-selector-parser-6.0.10.tgz. Extracting by manifest.
3040 silly tarball no local data for @jridgewell/trace-mapping@https://registry.npmjs.org/@jridgewell/trace-mapping/-/trace-mapping-0.3.31.tgz. Extracting by manifest.
3041 silly tarball no local data for @jridgewell/gen-mapping@https://registry.npmjs.org/@jridgewell/gen-mapping/-/gen-mapping-0.3.13.tgz. Extracting by manifest.
3042 silly tarball no local data for magic-string@https://registry.npmjs.org/magic-string/-/magic-string-0.30.21.tgz. Extracting by manifest.
3043 silly tarball no local data for @jridgewell/remapping@https://registry.npmjs.org/@jridgewell/remapping/-/remapping-2.3.5.tgz. Extracting by manifest.
3044 silly tarball no local data for lightningcss@https://registry.npmjs.org/lightningcss/-/lightningcss-1.32.0.tgz. Extracting by manifest.
3045 silly tarball no local data for enhanced-resolve@https://registry.npmjs.org/enhanced-resolve/-/enhanced-resolve-5.21.0.tgz. Extracting by manifest.
3046 silly tarball no local data for jiti@https://registry.npmjs.org/jiti/-/jiti-2.6.1.tgz. Extracting by manifest.
3047 silly tarball no local data for @tailwindcss/oxide@https://registry.npmjs.org/@tailwindcss/oxide/-/oxide-4.2.4.tgz. Extracting by manifest.
3048 silly tarball no local data for postcss@https://registry.npmjs.org/postcss/-/postcss-8.5.12.tgz. Extracting by manifest.
3049 silly tarball no local data for @tailwindcss/node@https://registry.npmjs.org/@tailwindcss/node/-/node-4.2.4.tgz. Extracting by manifest.
3050 silly tarball no local data for @alloc/quick-lru@https://registry.npmjs.org/@alloc/quick-lru/-/quick-lru-5.2.0.tgz. Extracting by manifest.
3051 silly tarball no local data for use-sync-external-store@https://registry.npmjs.org/use-sync-external-store/-/use-sync-external-store-1.6.0.tgz. Extracting by manifest.
3052 silly tarball no local data for @radix-ui/react-use-effect-event@https://registry.npmjs.org/@radix-ui/react-use-effect-event/-/react-use-effect-event-0.0.2.tgz. Extracting by manifest.
3053 silly tarball no local data for @floating-ui/dom@https://registry.npmjs.org/@floating-ui/dom/-/dom-1.7.6.tgz. Extracting by manifest.
3054 silly tarball no local data for @radix-ui/number@https://registry.npmjs.org/@radix-ui/number/-/number-1.1.1.tgz. Extracting by manifest.
3055 silly tarball no local data for @radix-ui/rect@https://registry.npmjs.org/@radix-ui/rect/-/rect-1.1.1.tgz. Extracting by manifest.
3056 silly tarball no local data for @floating-ui/core@https://registry.npmjs.org/@floating-ui/core/-/core-1.7.5.tgz. Extracting by manifest.
3057 silly tarball no local data for @radix-ui/react-arrow@https://registry.npmjs.org/@radix-ui/react-arrow/-/react-arrow-1.1.7.tgz. Extracting by manifest.
3058 silly tarball no local data for @floating-ui/utils@https://registry.npmjs.org/@floating-ui/utils/-/utils-0.2.11.tgz. Extracting by manifest.
3059 silly tarball no local data for @floating-ui/react-dom@https://registry.npmjs.org/@floating-ui/react-dom/-/react-dom-2.1.8.tgz. Extracting by manifest.
3060 silly tarball no local data for react-remove-scroll@https://registry.npmjs.org/react-remove-scroll/-/react-remove-scroll-2.7.2.tgz. Extracting by manifest.
3061 silly tarball no local data for @radix-ui/react-use-rect@https://registry.npmjs.org/@radix-ui/react-use-rect/-/react-use-rect-1.1.1.tgz. Extracting by manifest.
3062 silly tarball no local data for aria-hidden@https://registry.npmjs.org/aria-hidden/-/aria-hidden-1.2.6.tgz. Extracting by manifest.
3063 silly tarball no local data for @radix-ui/react-visually-hidden@https://registry.npmjs.org/@radix-ui/react-visually-hidden/-/react-visually-hidden-1.2.3.tgz. Extracting by manifest.
3064 silly tarball no local data for @radix-ui/react-popper@https://registry.npmjs.org/@radix-ui/react-popper/-/react-popper-1.2.8.tgz. Extracting by manifest.
3065 silly tarball no local data for @radix-ui/react-use-escape-keydown@https://registry.npmjs.org/@radix-ui/react-use-escape-keydown/-/react-use-escape-keydown-1.1.1.tgz. Extracting by manifest.
3066 silly tarball no local data for @radix-ui/react-focus-scope@https://registry.npmjs.org/@radix-ui/react-focus-scope/-/react-focus-scope-1.1.7.tgz. Extracting by manifest.
3067 silly tarball no local data for @radix-ui/react-portal@https://registry.npmjs.org/@radix-ui/react-portal/-/react-portal-1.1.9.tgz. Extracting by manifest.
3068 silly tarball no local data for @radix-ui/react-roving-focus@https://registry.npmjs.org/@radix-ui/react-roving-focus/-/react-roving-focus-1.1.11.tgz. Extracting by manifest.
3069 silly tarball no local data for @radix-ui/react-dismissable-layer@https://registry.npmjs.org/@radix-ui/react-dismissable-layer/-/react-dismissable-layer-1.1.11.tgz. Extracting by manifest.
3070 silly tarball no local data for @radix-ui/react-focus-guards@https://registry.npmjs.org/@radix-ui/react-focus-guards/-/react-focus-guards-1.1.3.tgz. Extracting by manifest.
3071 silly tarball no local data for @radix-ui/react-use-previous@https://registry.npmjs.org/@radix-ui/react-use-previous/-/react-use-previous-1.1.1.tgz. Extracting by manifest.
3072 silly tarball no local data for @radix-ui/react-presence@https://registry.npmjs.org/@radix-ui/react-presence/-/react-presence-1.1.5.tgz. Extracting by manifest.
3073 silly tarball no local data for @radix-ui/react-menu@https://registry.npmjs.org/@radix-ui/react-menu/-/react-menu-2.1.16.tgz. Extracting by manifest.
3074 silly tarball no local data for @radix-ui/react-use-layout-effect@https://registry.npmjs.org/@radix-ui/react-use-layout-effect/-/react-use-layout-effect-1.1.1.tgz. Extracting by manifest.
3075 silly tarball no local data for @radix-ui/react-use-size@https://registry.npmjs.org/@radix-ui/react-use-size/-/react-use-size-1.1.1.tgz. Extracting by manifest.
3076 silly tarball no local data for @radix-ui/react-use-callback-ref@https://registry.npmjs.org/@radix-ui/react-use-callback-ref/-/react-use-callback-ref-1.1.1.tgz. Extracting by manifest.
3077 silly tarball no local data for @radix-ui/react-id@https://registry.npmjs.org/@radix-ui/react-id/-/react-id-1.1.1.tgz. Extracting by manifest.
3078 silly tarball no local data for @radix-ui/react-use-is-hydrated@https://registry.npmjs.org/@radix-ui/react-use-is-hydrated/-/react-use-is-hydrated-0.1.0.tgz. Extracting by manifest.
3079 silly tarball no local data for @radix-ui/react-primitive@https://registry.npmjs.org/@radix-ui/react-primitive/-/react-primitive-2.1.3.tgz. Extracting by manifest.
3080 silly tarball no local data for @radix-ui/react-use-controllable-state@https://registry.npmjs.org/@radix-ui/react-use-controllable-state/-/react-use-controllable-state-1.2.2.tgz. Extracting by manifest.
3081 silly tarball no local data for @radix-ui/react-compose-refs@https://registry.npmjs.org/@radix-ui/react-compose-refs/-/react-compose-refs-1.1.2.tgz. Extracting by manifest.
3082 silly tarball no local data for zustand@https://registry.npmjs.org/zustand/-/zustand-4.5.7.tgz. Extracting by manifest.
3083 silly tarball no local data for @radix-ui/react-direction@https://registry.npmjs.org/@radix-ui/react-direction/-/react-direction-1.1.1.tgz. Extracting by manifest.
3084 silly tarball no local data for @radix-ui/react-context@https://registry.npmjs.org/@radix-ui/react-context/-/react-context-1.1.2.tgz. Extracting by manifest.
3085 silly tarball no local data for @radix-ui/react-collection@https://registry.npmjs.org/@radix-ui/react-collection/-/react-collection-1.1.7.tgz. Extracting by manifest.
3086 silly tarball no local data for @radix-ui/primitive@https://registry.npmjs.org/@radix-ui/primitive/-/primitive-1.1.3.tgz. Extracting by manifest.
3087 silly tarball no local data for vaul@https://registry.npmjs.org/vaul/-/vaul-1.1.2.tgz. Extracting by manifest.
3088 silly tarball no local data for tw-animate-css@https://registry.npmjs.org/tw-animate-css/-/tw-animate-css-1.4.0.tgz. Extracting by manifest.
3089 silly tarball no local data for typescript-eslint@https://registry.npmjs.org/typescript-eslint/-/typescript-eslint-8.59.0.tgz. Extracting by manifest.
3090 silly tarball no local data for tailwind-merge@https://registry.npmjs.org/tailwind-merge/-/tailwind-merge-2.6.1.tgz. Extracting by manifest.
3091 silly tarball no local data for sonner@https://registry.npmjs.org/sonner/-/sonner-1.7.4.tgz. Extracting by manifest.
3092 silly tarball no local data for react-router-dom@https://registry.npmjs.org/react-router-dom/-/react-router-dom-6.30.3.tgz. Extracting by manifest.
3093 silly tarball no local data for react-resizable-panels@https://registry.npmjs.org/react-resizable-panels/-/react-resizable-panels-2.1.9.tgz. Extracting by manifest.
3094 silly tarball no local data for next-themes@https://registry.npmjs.org/next-themes/-/next-themes-0.4.6.tgz. Extracting by manifest.
3095 silly tarball no local data for react-day-picker@https://registry.npmjs.org/react-day-picker/-/react-day-picker-9.14.0.tgz. Extracting by manifest.
3096 silly tarball no local data for recharts@https://registry.npmjs.org/recharts/-/recharts-2.15.4.tgz. Extracting by manifest.
3097 silly tarball no local data for input-otp@https://registry.npmjs.org/input-otp/-/input-otp-1.4.2.tgz. Extracting by manifest.
3098 silly tarball no local data for lucide-react@https://registry.npmjs.org/lucide-react/-/lucide-react-0.462.0.tgz. Extracting by manifest.
3099 silly tarball no local data for framer-motion@https://registry.npmjs.org/framer-motion/-/framer-motion-12.38.0.tgz. Extracting by manifest.
3100 silly tarball no local data for eslint-plugin-react-refresh@https://registry.npmjs.org/eslint-plugin-react-refresh/-/eslint-plugin-react-refresh-0.4.26.tgz. Extracting by manifest.
3101 silly tarball no local data for eslint-plugin-react-hooks@https://registry.npmjs.org/eslint-plugin-react-hooks/-/eslint-plugin-react-hooks-7.1.1.tgz. Extracting by manifest.
3102 silly tarball no local data for embla-carousel-react@https://registry.npmjs.org/embla-carousel-react/-/embla-carousel-react-8.6.0.tgz. Extracting by manifest.
3103 silly tarball no local data for date-fns@https://registry.npmjs.org/date-fns/-/date-fns-3.6.0.tgz. Extracting by manifest.
3104 silly tarball no local data for class-variance-authority@https://registry.npmjs.org/class-variance-authority/-/class-variance-authority-0.7.1.tgz. Extracting by manifest.
3105 silly tarball no local data for axios@https://registry.npmjs.org/axios/-/axios-1.15.2.tgz. Extracting by manifest.
3106 silly tarball no local data for cmdk@https://registry.npmjs.org/cmdk/-/cmdk-1.1.1.tgz. Extracting by manifest.
3107 silly tarball no local data for @vitejs/plugin-react-swc@https://registry.npmjs.org/@vitejs/plugin-react-swc/-/plugin-react-swc-3.11.0.tgz. Extracting by manifest.
3108 silly tarball no local data for clsx@https://registry.npmjs.org/clsx/-/clsx-2.1.1.tgz. Extracting by manifest.
3109 silly tarball no local data for @types/react@https://registry.npmjs.org/@types/react/-/react-18.3.28.tgz. Extracting by manifest.
3110 silly tarball no local data for vite@https://registry.npmjs.org/vite/-/vite-5.4.21.tgz. Extracting by manifest.
3111 silly tarball no local data for @types/axios@https://registry.npmjs.org/@types/axios/-/axios-0.9.36.tgz. Extracting by manifest.
3112 silly tarball no local data for @types/react-dom@https://registry.npmjs.org/@types/react-dom/-/react-dom-18.3.7.tgz. Extracting by manifest.
3113 silly tarball no local data for @types/node@https://registry.npmjs.org/@types/node/-/node-22.19.17.tgz. Extracting by manifest.
3114 silly tarball no local data for tailwindcss@https://registry.npmjs.org/tailwindcss/-/tailwindcss-4.2.4.tgz. Extracting by manifest.
3115 silly tarball no local data for @radix-ui/react-tooltip@https://registry.npmjs.org/@radix-ui/react-tooltip/-/react-tooltip-1.2.8.tgz. Extracting by manifest.
3116 silly tarball no local data for @tailwindcss/vite@https://registry.npmjs.org/@tailwindcss/vite/-/vite-4.2.4.tgz. Extracting by manifest.
3117 silly tarball no local data for @tailwindcss/postcss@https://registry.npmjs.org/@tailwindcss/postcss/-/postcss-4.2.4.tgz. Extracting by manifest.
3118 silly tarball no local data for @tailwindcss/typography@https://registry.npmjs.org/@tailwindcss/typography/-/typography-0.5.19.tgz. Extracting by manifest.
3119 silly tarball no local data for @radix-ui/react-toggle@https://registry.npmjs.org/@radix-ui/react-toggle/-/react-toggle-1.1.10.tgz. Extracting by manifest.
3120 silly tarball no local data for @radix-ui/react-toggle-group@https://registry.npmjs.org/@radix-ui/react-toggle-group/-/react-toggle-group-1.1.11.tgz. Extracting by manifest.
3121 silly tarball no local data for @radix-ui/react-toast@https://registry.npmjs.org/@radix-ui/react-toast/-/react-toast-1.2.15.tgz. Extracting by manifest.
3122 silly tarball no local data for @radix-ui/react-switch@https://registry.npmjs.org/@radix-ui/react-switch/-/react-switch-1.2.6.tgz. Extracting by manifest.
3123 silly tarball no local data for @radix-ui/react-tabs@https://registry.npmjs.org/@radix-ui/react-tabs/-/react-tabs-1.1.13.tgz. Extracting by manifest.
3124 silly tarball no local data for @radix-ui/react-slot@https://registry.npmjs.org/@radix-ui/react-slot/-/react-slot-1.2.4.tgz. Extracting by manifest.
3125 silly tarball no local data for @radix-ui/react-slider@https://registry.npmjs.org/@radix-ui/react-slider/-/react-slider-1.3.6.tgz. Extracting by manifest.
3126 silly tarball no local data for @radix-ui/react-select@https://registry.npmjs.org/@radix-ui/react-select/-/react-select-2.2.6.tgz. Extracting by manifest.
3127 silly tarball no local data for @radix-ui/react-separator@https://registry.npmjs.org/@radix-ui/react-separator/-/react-separator-1.1.8.tgz. Extracting by manifest.
3128 silly tarball no local data for @radix-ui/react-progress@https://registry.npmjs.org/@radix-ui/react-progress/-/react-progress-1.1.8.tgz. Extracting by manifest.
3129 silly tarball no local data for @radix-ui/react-radio-group@https://registry.npmjs.org/@radix-ui/react-radio-group/-/react-radio-group-1.3.8.tgz. Extracting by manifest.
3130 silly tarball no local data for @radix-ui/react-scroll-area@https://registry.npmjs.org/@radix-ui/react-scroll-area/-/react-scroll-area-1.2.10.tgz. Extracting by manifest.
3131 silly tarball no local data for @radix-ui/react-popover@https://registry.npmjs.org/@radix-ui/react-popover/-/react-popover-1.1.15.tgz. Extracting by manifest.
3132 silly tarball no local data for @radix-ui/react-navigation-menu@https://registry.npmjs.org/@radix-ui/react-navigation-menu/-/react-navigation-menu-1.2.14.tgz. Extracting by manifest.
3133 silly tarball no local data for @radix-ui/react-menubar@https://registry.npmjs.org/@radix-ui/react-menubar/-/react-menubar-1.1.16.tgz. Extracting by manifest.
3134 silly tarball no local data for @radix-ui/react-label@https://registry.npmjs.org/@radix-ui/react-label/-/react-label-2.1.8.tgz. Extracting by manifest.
3135 silly tarball no local data for @radix-ui/react-hover-card@https://registry.npmjs.org/@radix-ui/react-hover-card/-/react-hover-card-1.1.15.tgz. Extracting by manifest.
3136 silly tarball no local data for @radix-ui/react-icons@https://registry.npmjs.org/@radix-ui/react-icons/-/react-icons-1.3.2.tgz. Extracting by manifest.
3137 silly tarball no local data for @radix-ui/react-dropdown-menu@https://registry.npmjs.org/@radix-ui/react-dropdown-menu/-/react-dropdown-menu-2.1.16.tgz. Extracting by manifest.
3138 silly tarball no local data for @radix-ui/react-context-menu@https://registry.npmjs.org/@radix-ui/react-context-menu/-/react-context-menu-2.2.16.tgz. Extracting by manifest.
3139 silly tarball no local data for @radix-ui/react-dialog@https://registry.npmjs.org/@radix-ui/react-dialog/-/react-dialog-1.1.15.tgz. Extracting by manifest.
3140 silly tarball no local data for react-dom@https://registry.npmjs.org/react-dom/-/react-dom-18.3.1.tgz. Extracting by manifest.
3141 silly tarball no local data for react@https://registry.npmjs.org/react/-/react-18.3.1.tgz. Extracting by manifest.
3142 silly tarball no local data for @radix-ui/react-checkbox@https://registry.npmjs.org/@radix-ui/react-checkbox/-/react-checkbox-1.3.3.tgz. Extracting by manifest.
3143 silly tarball no local data for @radix-ui/react-collapsible@https://registry.npmjs.org/@radix-ui/react-collapsible/-/react-collapsible-1.1.12.tgz. Extracting by manifest.
3144 silly tarball no local data for react-hook-form@https://registry.npmjs.org/react-hook-form/-/react-hook-form-7.74.0.tgz. Extracting by manifest.
3145 silly tarball no local data for @radix-ui/react-aspect-ratio@https://registry.npmjs.org/@radix-ui/react-aspect-ratio/-/react-aspect-ratio-1.1.8.tgz. Extracting by manifest.
3146 silly tarball no local data for @radix-ui/react-avatar@https://registry.npmjs.org/@radix-ui/react-avatar/-/react-avatar-1.1.11.tgz. Extracting by manifest.
3147 silly tarball no local data for @radix-ui/react-alert-dialog@https://registry.npmjs.org/@radix-ui/react-alert-dialog/-/react-alert-dialog-1.1.15.tgz. Extracting by manifest.
3148 silly tarball no local data for @hookform/resolvers@https://registry.npmjs.org/@hookform/resolvers/-/resolvers-3.10.0.tgz. Extracting by manifest.
3149 silly tarball no local data for @radix-ui/react-accordion@https://registry.npmjs.org/@radix-ui/react-accordion/-/react-accordion-1.2.12.tgz. Extracting by manifest.
3150 silly tarball no local data for react-is@https://registry.npmjs.org/react-is/-/react-is-16.13.1.tgz. Extracting by manifest.
3151 silly tarball no local data for @radix-ui/react-slot@https://registry.npmjs.org/@radix-ui/react-slot/-/react-slot-1.2.3.tgz. Extracting by manifest.
3152 silly tarball no local data for @radix-ui/react-slot@https://registry.npmjs.org/@radix-ui/react-slot/-/react-slot-1.2.3.tgz. Extracting by manifest.
3153 silly tarball no local data for date-fns@https://registry.npmjs.org/date-fns/-/date-fns-4.1.0.tgz. Extracting by manifest.
3154 silly tarball no local data for @radix-ui/react-slot@https://registry.npmjs.org/@radix-ui/react-slot/-/react-slot-1.2.3.tgz. Extracting by manifest.
3155 silly tarball no local data for @radix-ui/react-primitive@https://registry.npmjs.org/@radix-ui/react-primitive/-/react-primitive-2.1.4.tgz. Extracting by manifest.
3156 silly tarball no local data for @radix-ui/react-slot@https://registry.npmjs.org/@radix-ui/react-slot/-/react-slot-1.2.3.tgz. Extracting by manifest.
3157 silly tarball no local data for @radix-ui/react-slot@https://registry.npmjs.org/@radix-ui/react-slot/-/react-slot-1.2.3.tgz. Extracting by manifest.
3158 silly tarball no local data for @radix-ui/react-slot@https://registry.npmjs.org/@radix-ui/react-slot/-/react-slot-1.2.3.tgz. Extracting by manifest.
3159 silly tarball no local data for @radix-ui/react-context@https://registry.npmjs.org/@radix-ui/react-context/-/react-context-1.1.3.tgz. Extracting by manifest.
3160 silly tarball no local data for @radix-ui/react-primitive@https://registry.npmjs.org/@radix-ui/react-primitive/-/react-primitive-2.1.4.tgz. Extracting by manifest.
3161 silly tarball no local data for @radix-ui/react-slot@https://registry.npmjs.org/@radix-ui/react-slot/-/react-slot-1.2.3.tgz. Extracting by manifest.
3162 silly tarball no local data for @radix-ui/react-primitive@https://registry.npmjs.org/@radix-ui/react-primitive/-/react-primitive-2.1.4.tgz. Extracting by manifest.
3163 silly tarball no local data for @radix-ui/react-primitive@https://registry.npmjs.org/@radix-ui/react-primitive/-/react-primitive-2.1.4.tgz. Extracting by manifest.
3164 silly tarball no local data for @radix-ui/react-context@https://registry.npmjs.org/@radix-ui/react-context/-/react-context-1.1.3.tgz. Extracting by manifest.
3165 silly tarball no local data for @radix-ui/react-slot@https://registry.npmjs.org/@radix-ui/react-slot/-/react-slot-1.2.3.tgz. Extracting by manifest.
3166 silly tarball no local data for @radix-ui/react-primitive@https://registry.npmjs.org/@radix-ui/react-primitive/-/react-primitive-2.1.4.tgz. Extracting by manifest.
3167 http fetch POST 200 https://registry.npmjs.org/-/npm/v1/security/advisories/bulk 518ms
3168 silly audit report {
3168 silly audit report   vite: [
3168 silly audit report     {
3168 silly audit report       id: 1116229,
3168 silly audit report       url: 'https://github.com/advisories/GHSA-4w7w-66w2-5vf9',
3168 silly audit report       title: 'Vite Vulnerable to Path Traversal in Optimized Deps `.map` Handling',
3168 silly audit report       severity: 'moderate',
3168 silly audit report       vulnerable_versions: '<=6.4.1',
3168 silly audit report       cwe: [Array],
3168 silly audit report       cvss: [Object]
3168 silly audit report     }
3168 silly audit report   ],
3168 silly audit report   esbuild: [
3168 silly audit report     {
3168 silly audit report       id: 1102341,
3168 silly audit report       url: 'https://github.com/advisories/GHSA-67mh-4wv8-2f99',
3168 silly audit report       title: 'esbuild enables any website to send any requests to the development server and read the response',
3168 silly audit report       severity: 'moderate',
3168 silly audit report       vulnerable_versions: '<=0.24.2',
3168 silly audit report       cwe: [Array],
3168 silly audit report       cvss: [Object]
3168 silly audit report     }
3168 silly audit report   ]
3168 silly audit report }
3169 silly packumentCache corgi:https://registry.npmjs.org/vite cache-miss
3170 silly packumentCache corgi:https://registry.npmjs.org/esbuild cache-miss
3171 http fetch GET 200 https://registry.npmjs.org/d3-format/-/d3-format-3.1.2.tgz 499ms (cache miss)
3172 http fetch GET 200 https://registry.npmjs.org/d3-time/-/d3-time-3.1.0.tgz 505ms (cache miss)
3173 http fetch GET 200 https://registry.npmjs.org/d3-path/-/d3-path-3.1.0.tgz 508ms (cache miss)
3174 http fetch GET 200 https://registry.npmjs.org/@types/d3-path/-/d3-path-3.1.1.tgz 518ms (cache miss)
3175 http fetch GET 200 https://registry.npmjs.org/@types/d3-color/-/d3-color-3.1.3.tgz 523ms (cache miss)
3176 http fetch GET 200 https://registry.npmjs.org/internmap/-/internmap-2.0.3.tgz 565ms (cache miss)
3177 http fetch GET 200 https://registry.npmjs.org/d3-timer/-/d3-timer-3.0.1.tgz 616ms (cache miss)
3178 http fetch GET 200 https://registry.npmjs.org/d3-color/-/d3-color-3.1.0.tgz 652ms (cache miss)
3179 http fetch GET 200 https://registry.npmjs.org/@types/d3-timer/-/d3-timer-3.0.2.tgz 664ms (cache miss)
3180 http fetch GET 200 https://registry.npmjs.org/detect-node-es/-/detect-node-es-1.1.0.tgz 726ms (cache miss)
3181 http fetch GET 200 https://registry.npmjs.org/d3-interpolate/-/d3-interpolate-3.0.1.tgz 772ms (cache miss)
3182 http fetch GET 200 https://registry.npmjs.org/d3-time-format/-/d3-time-format-4.1.0.tgz 777ms (cache miss)
3183 http fetch GET 200 https://registry.npmjs.org/@types/d3-interpolate/-/d3-interpolate-3.0.4.tgz 901ms (cache miss)
3184 http fetch GET 200 https://registry.npmjs.org/escalade/-/escalade-3.2.0.tgz 908ms (cache miss)
3185 http fetch GET 200 https://registry.npmjs.org/@types/d3-time/-/d3-time-3.0.4.tgz 974ms (cache miss)
3186 http fetch GET 200 https://registry.npmjs.org/@types/d3-shape/-/d3-shape-3.1.8.tgz 994ms (cache miss)
3187 http fetch GET 200 https://registry.npmjs.org/@types/d3-ease/-/d3-ease-3.0.2.tgz 1012ms (cache miss)
3188 http fetch GET 200 https://registry.npmjs.org/@types/d3-scale/-/d3-scale-4.0.9.tgz 1038ms (cache miss)
3189 http fetch GET 200 https://registry.npmjs.org/d3-ease/-/d3-ease-3.0.1.tgz 1046ms (cache miss)
3190 http fetch GET 200 https://registry.npmjs.org/d3-scale/-/d3-scale-4.0.2.tgz 1077ms (cache miss)
3191 http fetch GET 200 https://registry.npmjs.org/rollup/-/rollup-4.60.2.tgz 1105ms (cache miss)
3192 http fetch GET 200 https://registry.npmjs.org/@typescript-eslint/tsconfig-utils/-/tsconfig-utils-8.59.0.tgz 1163ms (cache miss)
3193 http fetch GET 200 https://registry.npmjs.org/@types/d3-array/-/d3-array-3.2.2.tgz 1174ms (cache miss)
3194 http fetch GET 200 https://registry.npmjs.org/d3-shape/-/d3-shape-3.2.0.tgz 1258ms (cache miss)
3195 http fetch GET 200 https://registry.npmjs.org/@typescript-eslint/types/-/types-8.59.0.tgz 1279ms (cache miss)
3196 http fetch GET 200 https://registry.npmjs.org/@typescript-eslint/visitor-keys/-/visitor-keys-8.59.0.tgz 1307ms (cache miss)
3197 http fetch GET 200 https://registry.npmjs.org/@typescript-eslint/project-service/-/project-service-8.59.0.tgz 1335ms (cache miss)
3198 http fetch GET 200 https://registry.npmjs.org/@rollup/rollup-win32-x64-msvc/-/rollup-win32-x64-msvc-4.60.2.tgz 1426ms (cache miss)
3199 http fetch GET 200 https://registry.npmjs.org/d3-array/-/d3-array-3.2.4.tgz 1421ms (cache miss)
3200 http fetch GET 200 https://registry.npmjs.org/@typescript-eslint/parser/-/parser-8.59.0.tgz 1413ms (cache miss)
3201 http fetch GET 200 https://registry.npmjs.org/@typescript-eslint/type-utils/-/type-utils-8.59.0.tgz 1421ms (cache miss)
3202 http fetch GET 200 https://registry.npmjs.org/@rollup/rollup-win32-x64-gnu/-/rollup-win32-x64-gnu-4.60.2.tgz 1479ms (cache miss)
3203 http fetch GET 200 https://registry.npmjs.org/@typescript-eslint/utils/-/utils-8.59.0.tgz 1495ms (cache miss)
3204 http fetch GET 200 https://registry.npmjs.org/prop-types/-/prop-types-15.8.1.tgz 1600ms (cache miss)
3205 http fetch GET 200 https://registry.npmjs.org/tiny-invariant/-/tiny-invariant-1.3.3.tgz 1608ms (cache miss)
3206 http fetch GET 200 https://registry.npmjs.org/recharts-scale/-/recharts-scale-0.4.5.tgz 1688ms (cache miss)
3207 http fetch GET 200 https://registry.npmjs.org/esbuild/-/esbuild-0.21.5.tgz 1714ms (cache miss)
3208 http fetch GET 200 https://registry.npmjs.org/get-nonce/-/get-nonce-1.0.1.tgz 1852ms (cache miss)
3209 http fetch GET 200 https://registry.npmjs.org/react-is/-/react-is-18.3.1.tgz 1897ms (cache miss)
3210 http fetch GET 200 https://registry.npmjs.org/@babel/runtime/-/runtime-7.29.2.tgz 1907ms (cache miss)
3211 http fetch GET 200 https://registry.npmjs.org/eventemitter3/-/eventemitter3-4.0.7.tgz 1943ms (cache miss)
3212 http fetch GET 200 https://registry.npmjs.org/dom-helpers/-/dom-helpers-5.2.1.tgz 1998ms (cache miss)
3213 http fetch GET 200 https://registry.npmjs.org/fast-equals/-/fast-equals-5.4.0.tgz 2097ms (cache miss)
3214 http fetch GET 200 https://registry.npmjs.org/react-transition-group/-/react-transition-group-4.4.5.tgz 2134ms (cache miss)
3215 http fetch GET 200 https://registry.npmjs.org/react-remove-scroll-bar/-/react-remove-scroll-bar-2.3.8.tgz 2196ms (cache miss)
3216 http fetch GET 200 https://registry.npmjs.org/use-sidecar/-/use-sidecar-1.1.3.tgz 2216ms (cache miss)
3217 http fetch GET 200 https://registry.npmjs.org/@tabby_ai/hijri-converter/-/hijri-converter-1.0.5.tgz 2236ms (cache miss)
3218 http fetch GET 200 https://registry.npmjs.org/@typescript-eslint/scope-manager/-/scope-manager-8.59.0.tgz 2263ms (cache miss)
3219 http fetch GET 200 https://registry.npmjs.org/react-smooth/-/react-smooth-4.0.4.tgz 2258ms (cache miss)
3220 http fetch GET 200 https://registry.npmjs.org/use-callback-ref/-/use-callback-ref-1.3.3.tgz 2271ms (cache miss)
3221 http fetch GET 200 https://registry.npmjs.org/react-style-singleton/-/react-style-singleton-2.2.3.tgz 2279ms (cache miss)
3222 http fetch GET 200 https://registry.npmjs.org/decimal.js-light/-/decimal.js-light-2.5.1.tgz 2345ms (cache miss)
3223 http fetch GET 200 https://registry.npmjs.org/loose-envify/-/loose-envify-1.4.0.tgz 2347ms (cache miss)
3224 http fetch GET 200 https://registry.npmjs.org/scheduler/-/scheduler-0.23.2.tgz 2401ms (cache miss)
3225 http fetch GET 200 https://registry.npmjs.org/cssesc/-/cssesc-3.0.0.tgz 2450ms (cache miss)
3226 http fetch GET 200 https://registry.npmjs.org/yallist/-/yallist-3.1.1.tgz 2573ms (cache miss)
3227 http fetch GET 200 https://registry.npmjs.org/hermes-estree/-/hermes-estree-0.25.1.tgz 2597ms (cache miss)
3228 http fetch GET 200 https://registry.npmjs.org/@typescript-eslint/eslint-plugin/-/eslint-plugin-8.59.0.tgz 2639ms (cache miss)
3229 http fetch GET 200 https://registry.npmjs.org/@remix-run/router/-/router-1.23.2.tgz 2645ms (cache miss)
3230 http fetch GET 200 https://registry.npmjs.org/update-browserslist-db/-/update-browserslist-db-1.2.3.tgz 2660ms (cache miss)
3231 http fetch GET 200 https://registry.npmjs.org/node-releases/-/node-releases-2.0.38.tgz 2730ms (cache miss)
3232 http fetch GET 200 https://registry.npmjs.org/@date-fns/tz/-/tz-1.4.1.tgz 2747ms (cache miss)
3233 http fetch GET 200 https://registry.npmjs.org/@babel/helper-globals/-/helper-globals-7.28.0.tgz 2847ms (cache miss)
3234 http fetch GET 200 https://registry.npmjs.org/lodash/-/lodash-4.18.1.tgz 2905ms (cache miss)
3235 http fetch GET 200 https://registry.npmjs.org/@babel/helper-string-parser/-/helper-string-parser-7.27.1.tgz 2900ms (cache miss)
3236 http fetch GET 200 https://registry.npmjs.org/baseline-browser-mapping/-/baseline-browser-mapping-2.10.23.tgz 3005ms (cache miss)
3237 http fetch GET 200 https://registry.npmjs.org/browserslist/-/browserslist-4.28.2.tgz 3038ms (cache miss)
3238 http fetch GET 200 https://registry.npmjs.org/nanoid/-/nanoid-3.3.11.tgz 3088ms (cache miss)
3239 http fetch GET 200 https://registry.npmjs.org/@babel/helper-module-imports/-/helper-module-imports-7.28.6.tgz 3106ms (cache miss)
3240 http fetch GET 200 https://registry.npmjs.org/electron-to-chromium/-/electron-to-chromium-1.5.344.tgz 3145ms (cache miss)
3241 http fetch GET 200 https://registry.npmjs.org/motion-utils/-/motion-utils-12.36.0.tgz 3178ms (cache miss)
3242 http fetch GET 200 https://registry.npmjs.org/lru-cache/-/lru-cache-5.1.1.tgz 3173ms (cache miss)
3243 http fetch GET 200 https://registry.npmjs.org/@babel/helper-validator-option/-/helper-validator-option-7.27.1.tgz 3281ms (cache miss)
3244 http fetch GET 200 https://registry.npmjs.org/@babel/helper-validator-identifier/-/helper-validator-identifier-7.28.5.tgz 3368ms (cache miss)
3245 http fetch GET 200 https://registry.npmjs.org/picocolors/-/picocolors-1.1.1.tgz 3423ms (cache miss)
3246 http fetch GET 200 https://registry.npmjs.org/js-tokens/-/js-tokens-4.0.0.tgz 3429ms (cache miss)
3247 http fetch GET 200 https://registry.npmjs.org/json5/-/json5-2.2.3.tgz 3493ms (cache miss)
3248 http fetch GET 200 https://registry.npmjs.org/@babel/compat-data/-/compat-data-7.29.0.tgz 3585ms (cache miss)
3249 http fetch GET 200 https://registry.npmjs.org/convert-source-map/-/convert-source-map-2.0.0.tgz 3692ms (cache miss)
3250 http fetch GET 200 https://registry.npmjs.org/@typescript-eslint/typescript-estree/-/typescript-estree-8.59.0.tgz 3866ms (cache miss)
3251 http fetch GET 200 https://registry.npmjs.org/@babel/helper-compilation-targets/-/helper-compilation-targets-7.28.6.tgz 3881ms (cache miss)
3252 http fetch GET 200 https://registry.npmjs.org/@babel/template/-/template-7.28.6.tgz 3884ms (cache miss)
3253 http fetch GET 200 https://registry.npmjs.org/gensync/-/gensync-1.0.0-beta.2.tgz 3887ms (cache miss)
3254 http fetch GET 200 https://registry.npmjs.org/semver/-/semver-6.3.1.tgz 3956ms (cache miss)
3255 http fetch GET 200 https://registry.npmjs.org/@babel/types/-/types-7.29.0.tgz 4071ms (cache miss)
3256 http fetch GET 200 https://registry.npmjs.org/@babel/traverse/-/traverse-7.29.0.tgz 4074ms (cache miss)
3257 http fetch GET 200 https://registry.npmjs.org/jsesc/-/jsesc-3.1.0.tgz 4151ms (cache miss)
3258 http fetch GET 200 https://registry.npmjs.org/zod-validation-error/-/zod-validation-error-4.0.2.tgz 4158ms (cache miss)
3259 http fetch GET 200 https://registry.npmjs.org/@babel/code-frame/-/code-frame-7.29.0.tgz 4277ms (cache miss)
3260 http fetch GET 200 https://registry.npmjs.org/@babel/generator/-/generator-7.29.1.tgz 4294ms (cache miss)
3261 http fetch GET 200 https://registry.npmjs.org/@babel/helper-module-transforms/-/helper-module-transforms-7.28.6.tgz 4336ms (cache miss)
3262 http fetch GET 200 https://registry.npmjs.org/@babel/helpers/-/helpers-7.29.2.tgz 4346ms (cache miss)
3263 http fetch GET 200 https://registry.npmjs.org/tapable/-/tapable-2.3.3.tgz 4425ms (cache miss)
3264 http fetch GET 200 https://registry.npmjs.org/graceful-fs/-/graceful-fs-4.2.11.tgz 4424ms (cache miss)
3265 http fetch GET 200 https://registry.npmjs.org/@babel/core/-/core-7.29.0.tgz 4538ms (cache miss)
3266 http fetch GET 200 https://registry.npmjs.org/@swc/types/-/types-0.1.26.tgz 4618ms (cache miss)
3267 http fetch GET 200 https://registry.npmjs.org/@rolldown/pluginutils/-/pluginutils-1.0.0-beta.27.tgz 4713ms (cache miss)
3268 http fetch GET 200 https://registry.npmjs.org/caniuse-lite/-/caniuse-lite-1.0.30001791.tgz 4770ms (cache miss)
3269 http fetch GET 200 https://registry.npmjs.org/@swc/counter/-/counter-0.1.3.tgz 4761ms (cache miss)
3270 http fetch GET 200 https://registry.npmjs.org/@swc/core/-/core-1.15.30.tgz 4793ms (cache miss)
3271 http fetch GET 200 https://registry.npmjs.org/@types/prop-types/-/prop-types-15.7.15.tgz 5071ms (cache miss)
3272 http fetch GET 200 https://registry.npmjs.org/embla-carousel-reactive-utils/-/embla-carousel-reactive-utils-8.6.0.tgz 5120ms (cache miss)
3273 http fetch GET 200 https://registry.npmjs.org/@babel/parser/-/parser-7.29.2.tgz 5293ms (cache miss)
3274 http fetch GET 200 https://registry.npmjs.org/csstype/-/csstype-3.2.3.tgz 5477ms (cache miss)
3275 http fetch GET 200 https://registry.npmjs.org/undici-types/-/undici-types-6.21.0.tgz 5598ms (cache miss)
3276 http fetch GET 200 https://registry.npmjs.org/hermes-parser/-/hermes-parser-0.25.1.tgz 5644ms (cache miss)
3277 http fetch GET 200 https://registry.npmjs.org/@jridgewell/sourcemap-codec/-/sourcemap-codec-1.5.5.tgz 5648ms (cache miss)
3278 http fetch GET 200 https://registry.npmjs.org/source-map-js/-/source-map-js-1.2.1.tgz 5655ms (cache miss)
3279 http fetch GET 200 https://registry.npmjs.org/postcss-selector-parser/-/postcss-selector-parser-6.0.10.tgz 5841ms (cache miss)
3280 http fetch GET 200 https://registry.npmjs.org/@jridgewell/gen-mapping/-/gen-mapping-0.3.13.tgz 5952ms (cache miss)
3281 http fetch GET 200 https://registry.npmjs.org/date-fns-jalali/-/date-fns-jalali-4.1.0-0.tgz 6345ms (cache miss)
3282 http fetch GET 200 https://registry.npmjs.org/magic-string/-/magic-string-0.30.21.tgz 6339ms (cache miss)
3283 http fetch GET 200 https://registry.npmjs.org/@jridgewell/remapping/-/remapping-2.3.5.tgz 6373ms (cache miss)
3284 http fetch GET 200 https://registry.npmjs.org/@jridgewell/resolve-uri/-/resolve-uri-3.1.2.tgz 6380ms (cache miss)
3285 http fetch GET 200 https://registry.npmjs.org/@jridgewell/trace-mapping/-/trace-mapping-0.3.31.tgz 6380ms (cache miss)
3286 http fetch GET 200 https://registry.npmjs.org/lightningcss-win32-x64-msvc/-/lightningcss-win32-x64-msvc-1.32.0.tgz 6549ms (cache miss)
3287 http fetch GET 200 https://registry.npmjs.org/lightningcss/-/lightningcss-1.32.0.tgz 6535ms (cache miss)
3288 http fetch GET 200 https://registry.npmjs.org/@tailwindcss/oxide-win32-x64-msvc/-/oxide-win32-x64-msvc-4.2.4.tgz 6643ms (cache miss)
3289 http fetch GET 200 https://registry.npmjs.org/enhanced-resolve/-/enhanced-resolve-5.21.0.tgz 6702ms (cache miss)
3290 http fetch GET 200 https://registry.npmjs.org/@tailwindcss/oxide/-/oxide-4.2.4.tgz 6726ms (cache miss)
3291 http fetch GET 200 https://registry.npmjs.org/victory-vendor/-/victory-vendor-36.9.2.tgz 6772ms (cache miss)
3292 http fetch GET 200 https://registry.npmjs.org/@tailwindcss/node/-/node-4.2.4.tgz 6748ms (cache miss)
3293 http fetch GET 200 https://registry.npmjs.org/@esbuild/win32-x64/-/win32-x64-0.21.5.tgz 6840ms (cache miss)
3294 http fetch GET 200 https://registry.npmjs.org/use-sync-external-store/-/use-sync-external-store-1.6.0.tgz 6781ms (cache miss)
3295 http fetch GET 200 https://registry.npmjs.org/@alloc/quick-lru/-/quick-lru-5.2.0.tgz 6784ms (cache miss)
3296 http fetch GET 200 https://registry.npmjs.org/@radix-ui/react-use-effect-event/-/react-use-effect-event-0.0.2.tgz 6943ms (cache miss)
3297 http fetch GET 200 https://registry.npmjs.org/@radix-ui/number/-/number-1.1.1.tgz 6996ms (cache miss)
3298 http fetch GET 200 https://registry.npmjs.org/@radix-ui/rect/-/rect-1.1.1.tgz 7046ms (cache miss)
3299 http fetch GET 200 https://registry.npmjs.org/react-remove-scroll/-/react-remove-scroll-2.7.2.tgz 7084ms (cache miss)
3300 http fetch GET 200 https://registry.npmjs.org/@floating-ui/core/-/core-1.7.5.tgz 7090ms (cache miss)
3301 http fetch GET 200 https://registry.npmjs.org/@floating-ui/react-dom/-/react-dom-2.1.8.tgz 7114ms (cache miss)
3302 http fetch GET 200 https://registry.npmjs.org/@radix-ui/react-arrow/-/react-arrow-1.1.7.tgz 7139ms (cache miss)
3303 http fetch GET 200 https://registry.npmjs.org/motion-dom/-/motion-dom-12.38.0.tgz 7186ms (cache miss)
3304 http fetch GET 200 https://registry.npmjs.org/jiti/-/jiti-2.6.1.tgz 7165ms (cache miss)
3305 http fetch GET 200 https://registry.npmjs.org/@radix-ui/react-use-rect/-/react-use-rect-1.1.1.tgz 7185ms (cache miss)
3306 http fetch GET 200 https://registry.npmjs.org/@radix-ui/react-popper/-/react-popper-1.2.8.tgz 7326ms (cache miss)
3307 http fetch GET 200 https://registry.npmjs.org/@radix-ui/react-visually-hidden/-/react-visually-hidden-1.2.3.tgz 7354ms (cache miss)
3308 http fetch GET 200 https://registry.npmjs.org/@floating-ui/utils/-/utils-0.2.11.tgz 7358ms (cache miss)
3309 http fetch GET 200 https://registry.npmjs.org/@radix-ui/react-focus-scope/-/react-focus-scope-1.1.7.tgz 7367ms (cache miss)
3310 http fetch GET 200 https://registry.npmjs.org/@radix-ui/react-portal/-/react-portal-1.1.9.tgz 7392ms (cache miss)
3311 http fetch GET 200 https://registry.npmjs.org/@radix-ui/react-roving-focus/-/react-roving-focus-1.1.11.tgz 7452ms (cache miss)
3312 http fetch GET 200 https://registry.npmjs.org/@radix-ui/react-dismissable-layer/-/react-dismissable-layer-1.1.11.tgz 7479ms (cache miss)
3313 http fetch GET 200 https://registry.npmjs.org/ajv/-/ajv-6.15.0.tgz 7501ms (cache miss)
3314 http fetch GET 200 https://registry.npmjs.org/@radix-ui/react-use-escape-keydown/-/react-use-escape-keydown-1.1.1.tgz 7507ms (cache miss)
3315 http fetch GET 200 https://registry.npmjs.org/@radix-ui/react-use-previous/-/react-use-previous-1.1.1.tgz 7572ms (cache miss)
3316 http fetch GET 200 https://registry.npmjs.org/postcss/-/postcss-8.5.12.tgz 7587ms (cache miss)
3317 http fetch GET 200 https://registry.npmjs.org/@radix-ui/react-focus-guards/-/react-focus-guards-1.1.3.tgz 7600ms (cache miss)
3318 http fetch GET 200 https://registry.npmjs.org/embla-carousel/-/embla-carousel-8.6.0.tgz 7641ms (cache miss)
3319 http fetch GET 200 https://registry.npmjs.org/@radix-ui/react-presence/-/react-presence-1.1.5.tgz 7649ms (cache miss)
3320 http fetch GET 200 https://registry.npmjs.org/@radix-ui/react-use-layout-effect/-/react-use-layout-effect-1.1.1.tgz 7659ms (cache miss)
3321 http fetch GET 200 https://registry.npmjs.org/@radix-ui/react-menu/-/react-menu-2.1.16.tgz 7714ms (cache miss)
3322 http fetch GET 200 https://registry.npmjs.org/@radix-ui/react-use-size/-/react-use-size-1.1.1.tgz 7738ms (cache miss)
3323 http fetch GET 200 https://registry.npmjs.org/@radix-ui/react-use-callback-ref/-/react-use-callback-ref-1.1.1.tgz 7774ms (cache miss)
3324 http fetch GET 200 https://registry.npmjs.org/@radix-ui/react-use-is-hydrated/-/react-use-is-hydrated-0.1.0.tgz 7788ms (cache miss)
3325 http fetch GET 200 https://registry.npmjs.org/@radix-ui/react-id/-/react-id-1.1.1.tgz 7829ms (cache miss)
3326 http fetch GET 200 https://registry.npmjs.org/@radix-ui/react-use-controllable-state/-/react-use-controllable-state-1.2.2.tgz 7848ms (cache miss)
3327 http fetch GET 200 https://registry.npmjs.org/@radix-ui/react-compose-refs/-/react-compose-refs-1.1.2.tgz 7932ms (cache miss)
3328 http fetch GET 200 https://registry.npmjs.org/@radix-ui/react-primitive/-/react-primitive-2.1.3.tgz 7933ms (cache miss)
3329 http fetch GET 200 https://registry.npmjs.org/aria-hidden/-/aria-hidden-1.2.6.tgz 7944ms (cache miss)
3330 http fetch GET 200 https://registry.npmjs.org/@radix-ui/react-direction/-/react-direction-1.1.1.tgz 7940ms (cache miss)
3331 http fetch GET 200 https://registry.npmjs.org/@radix-ui/react-context/-/react-context-1.1.2.tgz 7957ms (cache miss)
3332 http fetch GET 200 https://registry.npmjs.org/@radix-ui/react-collection/-/react-collection-1.1.7.tgz 7995ms (cache miss)
3333 http fetch GET 200 https://registry.npmjs.org/@radix-ui/primitive/-/primitive-1.1.3.tgz 8038ms (cache miss)
3334 http fetch GET 200 https://registry.npmjs.org/tw-animate-css/-/tw-animate-css-1.4.0.tgz 8043ms (cache miss)
3335 http fetch GET 200 https://registry.npmjs.org/vaul/-/vaul-1.1.2.tgz 8085ms (cache miss)
3336 http fetch GET 200 https://registry.npmjs.org/typescript-eslint/-/typescript-eslint-8.59.0.tgz 8210ms (cache miss)
3337 http fetch GET 200 https://registry.npmjs.org/tailwind-merge/-/tailwind-merge-2.6.1.tgz 8274ms (cache miss)
3338 http fetch GET 200 https://registry.npmjs.org/@floating-ui/dom/-/dom-1.7.6.tgz 8403ms (cache miss)
3339 http fetch GET 200 https://registry.npmjs.org/input-otp/-/input-otp-1.4.2.tgz 8387ms (cache miss)
3340 http fetch GET 200 https://registry.npmjs.org/eslint-plugin-react-refresh/-/eslint-plugin-react-refresh-0.4.26.tgz 8658ms (cache miss)
3341 http fetch GET 200 https://registry.npmjs.org/embla-carousel-react/-/embla-carousel-react-8.6.0.tgz 8738ms (cache miss)
3342 http fetch GET 200 https://registry.npmjs.org/class-variance-authority/-/class-variance-authority-0.7.1.tgz 8807ms (cache miss)
3343 http fetch GET 200 https://registry.npmjs.org/react-resizable-panels/-/react-resizable-panels-2.1.9.tgz 8863ms (cache miss)
3344 http fetch GET 200 https://registry.npmjs.org/sonner/-/sonner-1.7.4.tgz 8937ms (cache miss)
3345 http fetch GET 200 https://registry.npmjs.org/cmdk/-/cmdk-1.1.1.tgz 9030ms (cache miss)
3346 http fetch GET 200 https://registry.npmjs.org/eslint-plugin-react-hooks/-/eslint-plugin-react-hooks-7.1.1.tgz 9061ms (cache miss)
3347 http fetch GET 200 https://registry.npmjs.org/clsx/-/clsx-2.1.1.tgz 9066ms (cache miss)
3348 http fetch GET 200 https://registry.npmjs.org/@types/axios/-/axios-0.9.36.tgz 9287ms (cache miss)
3349 http fetch GET 200 https://registry.npmjs.org/@types/react-dom/-/react-dom-18.3.7.tgz 9363ms (cache miss)
3350 http fetch GET 200 https://registry.npmjs.org/next-themes/-/next-themes-0.4.6.tgz 9375ms (cache miss)
3351 http fetch GET 200 https://registry.npmjs.org/zustand/-/zustand-4.5.7.tgz 9482ms (cache miss)
3352 http fetch GET 200 https://registry.npmjs.org/react-router/-/react-router-6.30.3.tgz 9626ms (cache miss)
3353 http fetch GET 200 https://registry.npmjs.org/@vitejs/plugin-react-swc/-/plugin-react-swc-3.11.0.tgz 9621ms (cache miss)
3354 http fetch GET 200 https://registry.npmjs.org/@tailwindcss/vite/-/vite-4.2.4.tgz 9804ms (cache miss)
3355 http fetch GET 200 https://registry.npmjs.org/@radix-ui/react-tooltip/-/react-tooltip-1.2.8.tgz 10049ms (cache miss)
3356 http fetch GET 200 https://registry.npmjs.org/@types/react/-/react-18.3.28.tgz 10058ms (cache miss)
3357 http fetch GET 200 https://registry.npmjs.org/tailwindcss/-/tailwindcss-4.2.4.tgz 10216ms (cache miss)
3358 http fetch GET 200 https://registry.npmjs.org/@types/node/-/node-22.19.17.tgz 10241ms (cache miss)
3359 http fetch GET 200 https://registry.npmjs.org/recharts/-/recharts-2.15.4.tgz 10278ms (cache miss)
3360 http fetch GET 200 https://registry.npmjs.org/framer-motion/-/framer-motion-12.38.0.tgz 10359ms (cache miss)
3361 http fetch GET 200 https://registry.npmjs.org/vite/-/vite-5.4.21.tgz 10355ms (cache miss)
3362 http fetch GET 200 https://registry.npmjs.org/@radix-ui/react-toggle/-/react-toggle-1.1.10.tgz 10367ms (cache miss)
3363 http fetch GET 200 https://registry.npmjs.org/@radix-ui/react-switch/-/react-switch-1.2.6.tgz 10387ms (cache miss)
3364 http fetch GET 200 https://registry.npmjs.org/@radix-ui/react-tabs/-/react-tabs-1.1.13.tgz 10477ms (cache miss)
3365 http fetch GET 200 https://registry.npmjs.org/@radix-ui/react-slot/-/react-slot-1.2.4.tgz 10485ms (cache miss)
3366 http fetch GET 200 https://registry.npmjs.org/@tailwindcss/typography/-/typography-0.5.19.tgz 10504ms (cache miss)
3367 http fetch GET 200 https://registry.npmjs.org/@radix-ui/react-toggle-group/-/react-toggle-group-1.1.11.tgz 10511ms (cache miss)
3368 http fetch GET 200 https://registry.npmjs.org/react-day-picker/-/react-day-picker-9.14.0.tgz 10558ms (cache miss)
3369 http fetch GET 200 https://registry.npmjs.org/@radix-ui/react-slider/-/react-slider-1.3.6.tgz 10592ms (cache miss)
3370 http fetch GET 200 https://registry.npmjs.org/@radix-ui/react-progress/-/react-progress-1.1.8.tgz 10693ms (cache miss)
3371 http fetch GET 200 https://registry.npmjs.org/@radix-ui/react-separator/-/react-separator-1.1.8.tgz 10734ms (cache miss)
3372 http fetch GET 200 https://registry.npmjs.org/@radix-ui/react-select/-/react-select-2.2.6.tgz 10741ms (cache miss)
3373 http fetch GET 200 https://registry.npmjs.org/@tailwindcss/postcss/-/postcss-4.2.4.tgz 10746ms (cache miss)
3374 http fetch GET 200 https://registry.npmjs.org/@radix-ui/react-toast/-/react-toast-1.2.15.tgz 10745ms (cache miss)
3375 http fetch GET 200 https://registry.npmjs.org/@radix-ui/react-radio-group/-/react-radio-group-1.3.8.tgz 10765ms (cache miss)
3376 http fetch GET 200 https://registry.npmjs.org/@radix-ui/react-popover/-/react-popover-1.1.15.tgz 10839ms (cache miss)
3377 http fetch GET 200 https://registry.npmjs.org/@radix-ui/react-menubar/-/react-menubar-1.1.16.tgz 10870ms (cache miss)
3378 http fetch GET 200 https://registry.npmjs.org/@radix-ui/react-scroll-area/-/react-scroll-area-1.2.10.tgz 10881ms (cache miss)
3379 http fetch GET 200 https://registry.npmjs.org/@radix-ui/react-label/-/react-label-2.1.8.tgz 10945ms (cache miss)
3380 http fetch GET 200 https://registry.npmjs.org/@radix-ui/react-hover-card/-/react-hover-card-1.1.15.tgz 10988ms (cache miss)
3381 http fetch GET 200 https://registry.npmjs.org/@radix-ui/react-dialog/-/react-dialog-1.1.15.tgz 11015ms (cache miss)
3382 http fetch GET 200 https://registry.npmjs.org/@radix-ui/react-dropdown-menu/-/react-dropdown-menu-2.1.16.tgz 11128ms (cache miss)
3383 http fetch GET 200 https://registry.npmjs.org/@radix-ui/react-checkbox/-/react-checkbox-1.3.3.tgz 11175ms (cache miss)
3384 http fetch GET 200 https://registry.npmjs.org/@radix-ui/react-collapsible/-/react-collapsible-1.1.12.tgz 11230ms (cache miss)
3385 http fetch GET 200 https://registry.npmjs.org/react/-/react-18.3.1.tgz 11277ms (cache miss)
3386 http fetch GET 200 https://registry.npmjs.org/@radix-ui/react-aspect-ratio/-/react-aspect-ratio-1.1.8.tgz 11292ms (cache miss)
3387 http fetch GET 200 https://registry.npmjs.org/@radix-ui/react-avatar/-/react-avatar-1.1.11.tgz 11450ms (cache miss)
3388 http fetch GET 200 https://registry.npmjs.org/@radix-ui/react-context-menu/-/react-context-menu-2.2.16.tgz 11504ms (cache miss)
3389 http fetch GET 200 https://registry.npmjs.org/@radix-ui/react-alert-dialog/-/react-alert-dialog-1.1.15.tgz 11516ms (cache miss)
3390 http fetch GET 200 https://registry.npmjs.org/@radix-ui/react-accordion/-/react-accordion-1.2.12.tgz 11558ms (cache miss)
3391 http fetch GET 200 https://registry.npmjs.org/react-is/-/react-is-16.13.1.tgz 11565ms (cache miss)
3392 http fetch GET 200 https://registry.npmjs.org/react-router-dom/-/react-router-dom-6.30.3.tgz 11712ms (cache miss)
3393 http fetch GET 200 https://registry.npmjs.org/@swc/core-win32-x64-msvc/-/core-win32-x64-msvc-1.15.30.tgz 11805ms (cache miss)
3394 http fetch GET 200 https://registry.npmjs.org/@radix-ui/react-slot/-/react-slot-1.2.3.tgz 11771ms (cache miss)
3395 http fetch GET 200 https://registry.npmjs.org/@radix-ui/react-primitive/-/react-primitive-2.1.4.tgz 11800ms (cache miss)
3396 http fetch GET 200 https://registry.npmjs.org/@radix-ui/react-slot/-/react-slot-1.2.3.tgz 11818ms (cache miss)
3397 http fetch GET 200 https://registry.npmjs.org/react-hook-form/-/react-hook-form-7.74.0.tgz 11868ms (cache miss)
3398 http fetch GET 200 https://registry.npmjs.org/@radix-ui/react-navigation-menu/-/react-navigation-menu-1.2.14.tgz 11899ms (cache miss)
3399 http fetch GET 200 https://registry.npmjs.org/@radix-ui/react-slot/-/react-slot-1.2.3.tgz 11928ms (cache miss)
3400 http fetch GET 200 https://registry.npmjs.org/@radix-ui/react-slot/-/react-slot-1.2.3.tgz 11941ms (cache miss)
3401 http fetch GET 200 https://registry.npmjs.org/@radix-ui/react-slot/-/react-slot-1.2.3.tgz 11942ms (cache miss)
3402 http fetch GET 200 https://registry.npmjs.org/@radix-ui/react-context/-/react-context-1.1.3.tgz 12058ms (cache miss)
3403 http fetch GET 200 https://registry.npmjs.org/@radix-ui/react-slot/-/react-slot-1.2.3.tgz 12064ms (cache miss)
3404 http fetch GET 200 https://registry.npmjs.org/@radix-ui/react-primitive/-/react-primitive-2.1.4.tgz 12092ms (cache miss)
3405 http fetch GET 200 https://registry.npmjs.org/@radix-ui/react-primitive/-/react-primitive-2.1.4.tgz 12108ms (cache miss)
3406 http fetch GET 200 https://registry.npmjs.org/@radix-ui/react-primitive/-/react-primitive-2.1.4.tgz 12142ms (cache miss)
3407 http fetch GET 200 https://registry.npmjs.org/esbuild 11927ms (cache revalidated)
3408 silly packumentCache corgi:https://registry.npmjs.org/esbuild set size:885757 disposed:false
3409 http fetch GET 200 https://registry.npmjs.org/@radix-ui/react-primitive/-/react-primitive-2.1.4.tgz 12200ms (cache miss)
3410 http fetch GET 200 https://registry.npmjs.org/@radix-ui/react-slot/-/react-slot-1.2.3.tgz 12234ms (cache miss)
3411 http fetch GET 200 https://registry.npmjs.org/@hookform/resolvers/-/resolvers-3.10.0.tgz 12408ms (cache miss)
3412 http fetch GET 200 https://registry.npmjs.org/@radix-ui/react-context/-/react-context-1.1.3.tgz 12459ms (cache miss)
3413 http fetch GET 200 https://registry.npmjs.org/@radix-ui/react-slot/-/react-slot-1.2.3.tgz 12520ms (cache miss)
3414 http fetch GET 200 https://registry.npmjs.org/vite 12423ms (cache miss)
3415 silly packumentCache corgi:https://registry.npmjs.org/vite set size:undefined disposed:false
3416 silly packumentCache corgi:https://registry.npmjs.org/@tailwindcss%2fvite cache-miss
3417 silly packumentCache corgi:https://registry.npmjs.org/@vitejs%2fplugin-react-swc cache-miss
3418 http fetch GET 200 https://registry.npmjs.org/@vitejs%2fplugin-react-swc 255ms (cache miss)
3419 silly packumentCache corgi:https://registry.npmjs.org/@vitejs%2fplugin-react-swc set size:undefined disposed:false
3420 http fetch GET 200 https://registry.npmjs.org/@tailwindcss%2fvite 428ms (cache miss)
3421 silly packumentCache corgi:https://registry.npmjs.org/@tailwindcss%2fvite set size:undefined disposed:false
3422 http fetch GET 200 https://registry.npmjs.org/react-dom/-/react-dom-18.3.1.tgz 13543ms (cache miss)
3423 http fetch GET 200 https://registry.npmjs.org/lucide-react/-/lucide-react-0.462.0.tgz 16043ms (cache miss)
3424 http fetch GET 200 https://registry.npmjs.org/axios/-/axios-1.15.2.tgz 16489ms (cache miss)
3425 http fetch GET 200 https://registry.npmjs.org/@radix-ui/react-icons/-/react-icons-1.3.2.tgz 19817ms (cache miss)
3426 http fetch GET 200 https://registry.npmjs.org/date-fns/-/date-fns-4.1.0.tgz 21279ms (cache miss)
3427 http fetch GET 200 https://registry.npmjs.org/date-fns/-/date-fns-3.6.0.tgz 48835ms (cache miss)
3428 info run @swc/core@1.15.30 postinstall node_modules/@swc/core node postinstall.js
3429 info run esbuild@0.21.5 postinstall node_modules/esbuild node install.js
3430 info run @swc/core@1.15.30 postinstall { code: 0, signal: null }
3431 info run esbuild@0.21.5 postinstall { code: 0, signal: null }
3432 silly ADD node_modules/isexe
3433 silly ADD node_modules/@rollup/rollup-win32-x64-msvc
3434 silly ADD node_modules/@rollup/rollup-win32-x64-gnu
3435 silly ADD node_modules/@esbuild/win32-x64
3436 silly ADD node_modules/rollup
3437 silly ADD node_modules/esbuild
3438 silly ADD node_modules/d3-path
3439 silly ADD node_modules/d3-time-format
3440 silly ADD node_modules/d3-format
3441 silly ADD node_modules/d3-color
3442 silly ADD node_modules/internmap
3443 silly ADD node_modules/@types/d3-path
3444 silly ADD node_modules/@types/d3-color
3445 silly ADD node_modules/d3-timer
3446 silly ADD node_modules/d3-time
3447 silly ADD node_modules/d3-shape
3448 silly ADD node_modules/d3-scale
3449 silly ADD node_modules/d3-interpolate
3450 silly ADD node_modules/d3-ease
3451 silly ADD node_modules/d3-array
3452 silly ADD node_modules/@types/d3-timer
3453 silly ADD node_modules/@types/d3-time
3454 silly ADD node_modules/@types/d3-shape
3455 silly ADD node_modules/@types/d3-scale
3456 silly ADD node_modules/@types/d3-interpolate
3457 silly ADD node_modules/@types/d3-ease
3458 silly ADD node_modules/@types/d3-array
3459 silly ADD node_modules/detect-node-es
3460 silly ADD node_modules/punycode
3461 silly ADD node_modules/escalade
3462 silly ADD node_modules/picomatch
3463 silly ADD node_modules/fdir
3464 silly ADD node_modules/tinyglobby
3465 silly ADD node_modules/@typescript-eslint/tsconfig-utils
3466 silly ADD node_modules/@typescript-eslint/project-service
3467 silly ADD node_modules/@typescript-eslint/types
3468 silly ADD node_modules/ts-api-utils
3469 silly ADD node_modules/@typescript-eslint/visitor-keys
3470 silly ADD node_modules/@typescript-eslint/visitor-keys/node_modules/eslint-visitor-keys
3471 silly ADD node_modules/@typescript-eslint/type-utils
3472 silly ADD node_modules/@typescript-eslint/scope-manager
3473 silly ADD node_modules/@typescript-eslint/utils
3474 silly ADD node_modules/@typescript-eslint/typescript-estree
3475 silly ADD node_modules/@typescript-eslint/typescript-estree/node_modules/balanced-match
3476 silly ADD node_modules/@typescript-eslint/typescript-estree/node_modules/brace-expansion
3477 silly ADD node_modules/@typescript-eslint/typescript-estree/node_modules/semver
3478 silly ADD node_modules/@typescript-eslint/typescript-estree/node_modules/minimatch
3479 silly ADD node_modules/@typescript-eslint/parser
3480 silly ADD node_modules/@typescript-eslint/eslint-plugin
3481 silly ADD node_modules/@typescript-eslint/eslint-plugin/node_modules/ignore
3482 silly ADD node_modules/has-flag
3483 silly ADD node_modules/shebang-regex
3484 silly ADD node_modules/decimal.js-light
3485 silly ADD node_modules/dom-helpers
3486 silly ADD node_modules/@babel/runtime
3487 silly ADD node_modules/object-assign
3488 silly ADD node_modules/react-transition-group
3489 silly ADD node_modules/prop-types
3490 silly ADD node_modules/prop-types/node_modules/react-is
3491 silly ADD node_modules/fast-equals
3492 silly ADD node_modules/victory-vendor
3493 silly ADD node_modules/tiny-invariant
3494 silly ADD node_modules/recharts-scale
3495 silly ADD node_modules/react-smooth
3496 silly ADD node_modules/react-is
3497 silly ADD node_modules/lodash
3498 silly ADD node_modules/eventemitter3
3499 silly ADD node_modules/get-nonce
3500 silly ADD node_modules/react-router
3501 silly ADD node_modules/@remix-run/router
3502 silly ADD node_modules/use-sidecar
3503 silly ADD node_modules/use-callback-ref
3504 silly ADD node_modules/react-style-singleton
3505 silly ADD node_modules/react-remove-scroll-bar
3506 silly ADD node_modules/scheduler
3507 silly ADD node_modules/date-fns-jalali
3508 silly ADD node_modules/@tabby_ai/hijri-converter
3509 silly ADD node_modules/@date-fns/tz
3510 silly ADD node_modules/loose-envify
3511 silly ADD node_modules/util-deprecate
3512 silly ADD node_modules/cssesc
3513 silly ADD node_modules/nanoid
3514 silly ADD node_modules/callsites
3515 silly ADD node_modules/yocto-queue
3516 silly ADD node_modules/p-limit
3517 silly ADD node_modules/word-wrap
3518 silly ADD node_modules/fast-levenshtein
3519 silly ADD node_modules/deep-is
3520 silly ADD node_modules/concat-map
3521 silly ADD node_modules/balanced-match
3522 silly ADD node_modules/brace-expansion
3523 silly ADD node_modules/mime-db
3524 silly ADD node_modules/yallist
3525 silly ADD node_modules/p-locate
3526 silly ADD node_modules/lightningcss-win32-x64-msvc
3527 silly ADD node_modules/detect-libc
3528 silly ADD node_modules/type-check
3529 silly ADD node_modules/prelude-ls
3530 silly ADD node_modules/json-buffer
3531 silly ADD node_modules/argparse
3532 silly ADD node_modules/is-extglob
3533 silly ADD node_modules/resolve-from
3534 silly ADD node_modules/parent-module
3535 silly ADD node_modules/hermes-estree
3536 silly ADD node_modules/dunder-proto
3537 silly ADD node_modules/math-intrinsics
3538 silly ADD node_modules/has-symbols
3539 silly ADD node_modules/gopd
3540 silly ADD node_modules/get-proto
3541 silly ADD node_modules/function-bind
3542 silly ADD node_modules/es-object-atoms
3543 silly ADD node_modules/es-define-property
3544 silly ADD node_modules/call-bind-apply-helpers
3545 silly ADD node_modules/motion-utils
3546 silly ADD node_modules/motion-dom
3547 silly ADD node_modules/has-tostringtag
3548 silly ADD node_modules/get-intrinsic
3549 silly ADD node_modules/es-errors
3550 silly ADD node_modules/delayed-stream
3551 silly ADD node_modules/mime-types
3552 silly ADD node_modules/hasown
3553 silly ADD node_modules/es-set-tostringtag
3554 silly ADD node_modules/combined-stream
3555 silly ADD node_modules/asynckit
3556 silly ADD node_modules/keyv
3557 silly ADD node_modules/flatted
3558 silly ADD node_modules/path-exists
3559 silly ADD node_modules/locate-path
3560 silly ADD node_modules/flat-cache
3561 silly ADD node_modules/acorn-jsx
3562 silly ADD node_modules/acorn
3563 silly ADD node_modules/estraverse
3564 silly ADD node_modules/esrecurse
3565 silly ADD node_modules/update-browserslist-db
3566 silly ADD node_modules/node-releases
3567 silly ADD node_modules/electron-to-chromium
3568 silly ADD node_modules/caniuse-lite
3569 silly ADD node_modules/baseline-browser-mapping
3570 silly ADD node_modules/@babel/helper-string-parser
3571 silly ADD node_modules/@babel/helper-globals
3572 silly ADD node_modules/@babel/helper-module-imports
3573 silly ADD node_modules/lru-cache
3574 silly ADD node_modules/browserslist
3575 silly ADD node_modules/@babel/helper-validator-option
3576 silly ADD node_modules/@babel/compat-data
3577 silly ADD node_modules/jsesc
3578 silly ADD node_modules/picocolors
3579 silly ADD node_modules/js-tokens
3580 silly ADD node_modules/@babel/helper-validator-identifier
3581 silly ADD node_modules/semver
3582 silly ADD node_modules/json5
3583 silly ADD node_modules/gensync
3584 silly ADD node_modules/convert-source-map
3585 silly ADD node_modules/@babel/types
3586 silly ADD node_modules/@babel/traverse
3587 silly ADD node_modules/@babel/template
3588 silly ADD node_modules/@babel/helpers
3589 silly ADD node_modules/@babel/helper-module-transforms
3590 silly ADD node_modules/@babel/helper-compilation-targets
3591 silly ADD node_modules/@babel/generator
3592 silly ADD node_modules/@babel/code-frame
3593 silly ADD node_modules/zod-validation-error
3594 silly ADD node_modules/hermes-parser
3595 silly ADD node_modules/@babel/parser
3596 silly ADD node_modules/@babel/core
3597 silly ADD node_modules/ms
3598 silly ADD node_modules/which
3599 silly ADD node_modules/shebang-command
3600 silly ADD node_modules/path-key
3601 silly ADD node_modules/color-name
3602 silly ADD node_modules/color-convert
3603 silly ADD node_modules/supports-color
3604 silly ADD node_modules/ansi-styles
3605 silly ADD node_modules/uri-js
3606 silly ADD node_modules/json-schema-traverse
3607 silly ADD node_modules/fast-json-stable-stringify
3608 silly ADD node_modules/@humanfs/types
3609 silly ADD node_modules/@humanfs/core
3610 silly ADD node_modules/levn
3611 silly ADD node_modules/strip-json-comments
3612 silly ADD node_modules/js-yaml
3613 silly ADD node_modules/import-fresh
3614 silly ADD node_modules/@types/json-schema
3615 silly ADD node_modules/@eslint/object-schema
3616 silly ADD node_modules/optionator
3617 silly ADD node_modules/natural-compare
3618 silly ADD node_modules/minimatch
3619 silly ADD node_modules/lodash.merge
3620 silly ADD node_modules/json-stable-stringify-without-jsonify
3621 silly ADD node_modules/is-glob
3622 silly ADD node_modules/imurmurhash
3623 silly ADD node_modules/ignore
3624 silly ADD node_modules/glob-parent
3625 silly ADD node_modules/find-up
3626 silly ADD node_modules/file-entry-cache
3627 silly ADD node_modules/fast-deep-equal
3628 silly ADD node_modules/esutils
3629 silly ADD node_modules/esquery
3630 silly ADD node_modules/espree
3631 silly ADD node_modules/eslint-visitor-keys
3632 silly ADD node_modules/eslint-scope
3633 silly ADD node_modules/escape-string-regexp
3634 silly ADD node_modules/debug
3635 silly ADD node_modules/cross-spawn
3636 silly ADD node_modules/chalk
3637 silly ADD node_modules/ajv
3638 silly ADD node_modules/@types/estree
3639 silly ADD node_modules/@humanwhocodes/retry
3640 silly ADD node_modules/@humanwhocodes/module-importer
3641 silly ADD node_modules/@humanfs/node
3642 silly ADD node_modules/@eslint/plugin-kit
3643 silly ADD node_modules/@eslint/eslintrc
3644 silly ADD node_modules/@eslint/eslintrc/node_modules/globals
3645 silly ADD node_modules/@eslint/core
3646 silly ADD node_modules/@eslint/config-helpers
3647 silly ADD node_modules/@eslint/config-array
3648 silly ADD node_modules/@eslint-community/regexpp
3649 silly ADD node_modules/@eslint-community/eslint-utils
3650 silly ADD node_modules/@eslint-community/eslint-utils/node_modules/eslint-visitor-keys
3651 silly ADD node_modules/tapable
3652 silly ADD node_modules/graceful-fs
3653 silly ADD node_modules/embla-carousel-reactive-utils
3654 silly ADD node_modules/embla-carousel
3655 silly ADD node_modules/proxy-from-env
3656 silly ADD node_modules/form-data
3657 silly ADD node_modules/follow-redirects
3658 silly ADD node_modules/tslib
3659 silly ADD node_modules/@swc/types
3660 silly ADD node_modules/@swc/counter
3661 silly ADD node_modules/@swc/core-win32-x64-msvc
3662 silly ADD node_modules/@swc/core
3663 silly ADD node_modules/@rolldown/pluginutils
3664 silly ADD node_modules/csstype
3665 silly ADD node_modules/@types/prop-types
3666 silly ADD node_modules/undici-types
3667 silly ADD node_modules/postcss-selector-parser
3668 silly ADD node_modules/@tailwindcss/oxide-win32-x64-msvc
3669 silly ADD node_modules/@jridgewell/resolve-uri
3670 silly ADD node_modules/@jridgewell/sourcemap-codec
3671 silly ADD node_modules/@jridgewell/trace-mapping
3672 silly ADD node_modules/@jridgewell/gen-mapping
3673 silly ADD node_modules/source-map-js
3674 silly ADD node_modules/magic-string
3675 silly ADD node_modules/lightningcss
3676 silly ADD node_modules/jiti
3677 silly ADD node_modules/enhanced-resolve
3678 silly ADD node_modules/@jridgewell/remapping
3679 silly ADD node_modules/postcss
3680 silly ADD node_modules/@tailwindcss/oxide
3681 silly ADD node_modules/@tailwindcss/node
3682 silly ADD node_modules/@alloc/quick-lru
3683 silly ADD node_modules/use-sync-external-store
3684 silly ADD node_modules/@radix-ui/react-use-effect-event
3685 silly ADD node_modules/@radix-ui/number
3686 silly ADD node_modules/@floating-ui/utils
3687 silly ADD node_modules/@floating-ui/core
3688 silly ADD node_modules/@floating-ui/dom
3689 silly ADD node_modules/@radix-ui/rect
3690 silly ADD node_modules/@radix-ui/react-use-rect
3691 silly ADD node_modules/@radix-ui/react-arrow
3692 silly ADD node_modules/@floating-ui/react-dom
3693 silly ADD node_modules/@radix-ui/react-visually-hidden
3694 silly ADD node_modules/@radix-ui/react-roving-focus
3695 silly ADD node_modules/@radix-ui/react-popper
3696 silly ADD node_modules/@radix-ui/react-use-escape-keydown
3697 silly ADD node_modules/react-remove-scroll
3698 silly ADD node_modules/aria-hidden
3699 silly ADD node_modules/@radix-ui/react-portal
3700 silly ADD node_modules/@radix-ui/react-focus-scope
3701 silly ADD node_modules/@radix-ui/react-focus-guards
3702 silly ADD node_modules/@radix-ui/react-dismissable-layer
3703 silly ADD node_modules/@radix-ui/react-menu
3704 silly ADD node_modules/@radix-ui/react-menu/node_modules/@radix-ui/react-slot
3705 silly ADD node_modules/@radix-ui/react-use-size
3706 silly ADD node_modules/@radix-ui/react-use-previous
3707 silly ADD node_modules/@radix-ui/react-presence
3708 silly ADD node_modules/@radix-ui/react-use-layout-effect
3709 silly ADD node_modules/@radix-ui/react-use-is-hydrated
3710 silly ADD node_modules/@radix-ui/react-use-callback-ref
3711 silly ADD node_modules/@radix-ui/react-use-controllable-state
3712 silly ADD node_modules/@radix-ui/react-primitive
3713 silly ADD node_modules/@radix-ui/react-primitive/node_modules/@radix-ui/react-slot
3714 silly ADD node_modules/@radix-ui/react-id
3715 silly ADD node_modules/@radix-ui/react-direction
3716 silly ADD node_modules/@radix-ui/react-context
3717 silly ADD node_modules/@radix-ui/react-compose-refs
3718 silly ADD node_modules/@radix-ui/react-collection
3719 silly ADD node_modules/@radix-ui/react-collection/node_modules/@radix-ui/react-slot
3720 silly ADD node_modules/@radix-ui/primitive
3721 silly ADD node_modules/zustand
3722 silly ADD node_modules/zod
3723 silly ADD node_modules/vaul
3724 silly ADD node_modules/typescript-eslint
3725 silly ADD node_modules/typescript
3726 silly ADD node_modules/tw-animate-css
3727 silly ADD node_modules/tailwind-merge
3728 silly ADD node_modules/sonner
3729 silly ADD node_modules/recharts
3730 silly ADD node_modules/react-router-dom
3731 silly ADD node_modules/react-resizable-panels
3732 silly ADD node_modules/react-day-picker
3733 silly ADD node_modules/react-day-picker/node_modules/date-fns
3734 silly ADD node_modules/next-themes
3735 silly ADD node_modules/lucide-react
3736 silly ADD node_modules/input-otp
3737 silly ADD node_modules/globals
3738 silly ADD node_modules/framer-motion
3739 silly ADD node_modules/eslint-plugin-react-refresh
3740 silly ADD node_modules/eslint-plugin-react-hooks
3741 silly ADD node_modules/eslint
3742 silly ADD node_modules/embla-carousel-react
3743 silly ADD node_modules/dotenv
3744 silly ADD node_modules/date-fns
3745 silly ADD node_modules/cmdk
3746 silly ADD node_modules/clsx
3747 silly ADD node_modules/class-variance-authority
3748 silly ADD node_modules/axios
3749 silly ADD node_modules/@vitejs/plugin-react-swc
3750 silly ADD node_modules/@types/react-dom
3751 silly ADD node_modules/@types/react
3752 silly ADD node_modules/@types/node
3753 silly ADD node_modules/@types/axios
3754 silly ADD node_modules/vite
3755 silly ADD node_modules/@tailwindcss/vite
3756 silly ADD node_modules/tailwindcss
3757 silly ADD node_modules/@tailwindcss/typography
3758 silly ADD node_modules/@tailwindcss/postcss
3759 silly ADD node_modules/@radix-ui/react-tooltip
3760 silly ADD node_modules/@radix-ui/react-tooltip/node_modules/@radix-ui/react-slot
3761 silly ADD node_modules/@radix-ui/react-toggle-group
3762 silly ADD node_modules/@radix-ui/react-toggle
3763 silly ADD node_modules/@radix-ui/react-toast
3764 silly ADD node_modules/@radix-ui/react-tabs
3765 silly ADD node_modules/@radix-ui/react-switch
3766 silly ADD node_modules/@radix-ui/react-slot
3767 silly ADD node_modules/@radix-ui/react-slider
3768 silly ADD node_modules/@radix-ui/react-separator
3769 silly ADD node_modules/@radix-ui/react-separator/node_modules/@radix-ui/react-primitive
3770 silly ADD node_modules/@radix-ui/react-select
3771 silly ADD node_modules/@radix-ui/react-select/node_modules/@radix-ui/react-slot
3772 silly ADD node_modules/@radix-ui/react-scroll-area
3773 silly ADD node_modules/@radix-ui/react-radio-group
3774 silly ADD node_modules/@radix-ui/react-progress
3775 silly ADD node_modules/@radix-ui/react-progress/node_modules/@radix-ui/react-primitive
3776 silly ADD node_modules/@radix-ui/react-progress/node_modules/@radix-ui/react-context
3777 silly ADD node_modules/@radix-ui/react-popover
3778 silly ADD node_modules/@radix-ui/react-popover/node_modules/@radix-ui/react-slot
3779 silly ADD node_modules/@radix-ui/react-navigation-menu
3780 silly ADD node_modules/@radix-ui/react-menubar
3781 silly ADD node_modules/@radix-ui/react-label
3782 silly ADD node_modules/@radix-ui/react-label/node_modules/@radix-ui/react-primitive
3783 silly ADD node_modules/@radix-ui/react-icons
3784 silly ADD node_modules/@radix-ui/react-hover-card
3785 silly ADD node_modules/@radix-ui/react-dropdown-menu
3786 silly ADD node_modules/@radix-ui/react-dialog
3787 silly ADD node_modules/@radix-ui/react-dialog/node_modules/@radix-ui/react-slot
3788 silly ADD node_modules/@radix-ui/react-context-menu
3789 silly ADD node_modules/@radix-ui/react-collapsible
3790 silly ADD node_modules/@radix-ui/react-checkbox
3791 silly ADD node_modules/@radix-ui/react-avatar
3792 silly ADD node_modules/@radix-ui/react-avatar/node_modules/@radix-ui/react-primitive
3793 silly ADD node_modules/@radix-ui/react-avatar/node_modules/@radix-ui/react-context
3794 silly ADD node_modules/@radix-ui/react-aspect-ratio
3795 silly ADD node_modules/@radix-ui/react-aspect-ratio/node_modules/@radix-ui/react-primitive
3796 silly ADD node_modules/@radix-ui/react-alert-dialog
3797 silly ADD node_modules/@radix-ui/react-alert-dialog/node_modules/@radix-ui/react-slot
3798 silly ADD node_modules/react-dom
3799 silly ADD node_modules/@radix-ui/react-accordion
3800 silly ADD node_modules/react
3801 silly ADD node_modules/react-hook-form
3802 silly ADD node_modules/@hookform/resolvers
3803 silly ADD node_modules/@eslint/js
3804 verbose cwd D:\222\saving\frontend
3805 verbose os Windows_NT 10.0.26200
3806 verbose node v24.14.0
3807 verbose npm  v11.9.0
3808 verbose exit 0
3809 info ok
